rut_pasaporte;nombre_completo;fecha_nacimiento;nacionalidad;telefono;email;arbitro_fecha_inicio;arbitro_fecha_termino;jugador_id_equipo;jugador_id_campeonato;jugador_sueldo;jugador_posicion;jugador_habilitado;jugador_partidos_castigados;dirigente_id_equipo;dirigente_cargo;dirigente_fecha_inicio;dirigente_fecha_fin;cuerpo_tecnico_id_equipo;cuerpo_tecnico_rol;cuerpo_tecnico_partidos_castigados;tribunal_id_sala;tribunal_cargo
10000001-6;Ezequiel 'Sanáguila' Messi Contreras;20-04-79;Peruana;56934597487;ezequiel.messi1@yahoo.com;NULL;NULL;32;321;8800000.00;delantero;TRUE;0;NULL;NULL;NULL;NULL;NULL;NULL;NULL;NULL;NULL
10000002-4;Edinson 'Donmono' Soto Vásquez;11-04-98;Francesa;56929488604;edinson.soto2@yahoo.com;NULL;NULL;16;319;9450000.00;delantero;TRUE;0;NULL;NULL;NULL;NULL;NULL;NULL;NULL;NULL;NULL
10000003-2;Gonzalo 'Ninja' Mendoza Hernández;22-03-72;Chilena;56918018767;gonzalo.mendoza3@yahoo.com;NULL;NULL;39;324;13550000.00;arquero;TRUE;0;NULL;NULL;NULL;NULL;NULL;NULL;NULL;NULL;NULL
10000004-0;Rodrigo 'Masterpitón' Rodríguez Arias;17-06-80;Argentina;56921124824;rodrigo.rodriguez4@uca.cl;NULL;NULL;4;321;13350000.00;central;FALSE;1;NULL;NULL;NULL;NULL;NULL;NULL;NULL;NULL;NULL
10000005-9;Alexis 'Megabambino' Tapia Castro;08-11-85;Argentina;56928610249;alexis.tapia5@puc.cl;NULL;NULL;17;319;2600000.00;defensa;TRUE;0;NULL;NULL;NULL;NULL;NULL;NULL;NULL;NULL;NULL
10000006-7;Federico 'Superzorro' Salas González;17-01-94;Peruana;56965078866;federico.salas6@yahoo.com;NULL;NULL;32;321;10250000.00;central;TRUE;0;NULL;NULL;NULL;NULL;NULL;NULL;NULL;NULL;NULL
10000007-5;Romelu 'Rinoceronte' Valdés Paredes;19-11-82;Inglesa;56954533864;romelu.valdes7@outlook.com;NULL;NULL;12;320;3550000.00;central;TRUE;0;NULL;NULL;NULL;NULL;NULL;NULL;NULL;NULL;NULL
10000008-3;Guillermo 'Escorpión' Figueroa Di María;08-07-79;Chilena;56920925499;guillermo.figueroa8@gmail.com;NULL;NULL;11;320;14100000.00;central;TRUE;0;NULL;NULL;NULL;NULL;NULL;NULL;NULL;NULL;NULL
10000009-1;Charles 'Superlanza' Jara Rodri;19-06-70;Peruana;56989057792;charles.jara9@puc.cl;NULL;NULL;6;325;7550000.00;central;TRUE;0;NULL;NULL;NULL;NULL;NULL;NULL;NULL;NULL;NULL
10000010-5;Andrés 'Granmono' Cortés Lukaku;24-12-77;Chilena;56911805753;andres.cortes10@usach.cl;NULL;NULL;35;319;2500000.00;delantero;TRUE;0;NULL;NULL;NULL;NULL;NULL;NULL;NULL;NULL;NULL
10000011-3;Erling 'Sanking' Ronaldo Bravo;19-10-01;Española;56952467576;erling.ronaldo11@usach.cl;NULL;NULL;3;323;15200000.00;defensa;TRUE;0;NULL;NULL;NULL;NULL;NULL;NULL;NULL;NULL;NULL
10000012-1;Neymar 'Mastermaestro' Valdés Paredes;15-11-77;Peruana;56984258833;neymar.valdes12@puc.cl;NULL;NULL;39;324;5400000.00;defensa;TRUE;0;NULL;NULL;NULL;NULL;NULL;NULL;NULL;NULL;NULL
10000013-K;Gavi 'Sanescarabajo' González Pizarro;29-06-77;Colombiana;56933902987;gavi.gonzalez13@usach.cl;NULL;NULL;5;322;7300000.00;defensa;TRUE;0;NULL;NULL;NULL;NULL;NULL;NULL;NULL;NULL;NULL
10000014-8;Toni 'Mastermonarca' Castro Rodri;23-05-81;Italiana;56968079182;toni.castro14@usach.cl;NULL;NULL;9;325;7850000.00;central;TRUE;0;NULL;NULL;NULL;NULL;NULL;NULL;NULL;NULL;NULL
10000015-6;Agustín 'Megaterremoto' Martínez Haaland;25-01-00;Portuguesa;56948607187;agustin.martinez15@outlook.com;NULL;NULL;33;322;7950000.00;defensa;TRUE;0;NULL;NULL;NULL;NULL;NULL;NULL;NULL;NULL;NULL
10000016-4;Carlos 'Ultramuralla' Paredes Kroos;07-04-92;Española;56927214538;carlos.paredes16@puc.cl;NULL;NULL;25;320;3800000.00;central;TRUE;0;NULL;NULL;NULL;NULL;NULL;NULL;NULL;NULL;NULL
10000017-2;Kylian 'Elronaldinho' Griezmann Bellingham;11-05-79;Alemana;56995818639;kylian.griezmann17@usach.cl;NULL;NULL;22;323;15250000.00;delantero;TRUE;0;NULL;NULL;NULL;NULL;NULL;NULL;NULL;NULL;NULL
10000018-0;Kylian 'Granbarón' Vergara Herrera;18-12-77;Chilena;56984532515;kylian.vergara18@uca.cl;NULL;NULL;3;323;4250000.00;delantero;TRUE;0;NULL;NULL;NULL;NULL;NULL;NULL;NULL;NULL;NULL
10000019-9;Thomas 'Santitanio' Gómez Rodríguez;05-11-84;Peruana;56952758736;thomas.gomez19@hotmail.com;NULL;NULL;5;322;13550000.00;defensa;TRUE;0;NULL;NULL;NULL;NULL;NULL;NULL;NULL;NULL;NULL
10000020-2;Martín 'Sanpulga' Sánchez González;15-06-90;Alemana;56980205655;martin.sanchez20@outlook.com;NULL;NULL;20;324;7500000.00;central;TRUE;0;NULL;NULL;NULL;NULL;NULL;NULL;NULL;NULL;NULL
10000021-0;Jorge 'Donespartano' Salas Suárez;10-02-86;Chilena;56936337323;jorge.salas21@outlook.com;NULL;NULL;28;322;15200000.00;delantero;TRUE;0;NULL;NULL;NULL;NULL;NULL;NULL;NULL;NULL;NULL
10000022-9;Felipe 'Megaemperador' Salah Sánchez;21-12-99;Inglesa;56930565209;felipe.salah22@uca.cl;NULL;NULL;18;324;6850000.00;defensa;TRUE;0;NULL;NULL;NULL;NULL;NULL;NULL;NULL;NULL;NULL
10000023-7;Hernán 'Granchupete' Vidal Mbappe;05-11-84;Chilena;56920936830;hernan.vidal23@yahoo.com;NULL;NULL;19;322;12400000.00;central;TRUE;0;NULL;NULL;NULL;NULL;NULL;NULL;NULL;NULL;NULL
10000024-5;Ezequiel 'Donmatador' Yamal Cortés;11-04-77;Inglesa;56956714990;ezequiel.yamal24@puc.cl;NULL;NULL;25;320;2700000.00;defensa;TRUE;0;NULL;NULL;NULL;NULL;NULL;NULL;NULL;NULL;NULL
10000025-3;Juan 'Mastermisil' Zidane López;31-01-01;Peruana;56923164057;juan.zidane25@puc.cl;NULL;NULL;24;321;6350000.00;defensa;FALSE;2;NULL;NULL;NULL;NULL;NULL;NULL;NULL;NULL;NULL
10000026-1;Pelé 'Donpantera' Contreras Ronaldo;22-03-85;Peruana;56996548995;pele.contreras26@outlook.com;NULL;NULL;38;319;9100000.00;defensa;TRUE;0;NULL;NULL;NULL;NULL;NULL;NULL;NULL;NULL;NULL
10000027-K;Sebastián 'Sanrifle' Pulgar Tapia;22-12-91;Inglesa;56954327545;sebastian.pulgar27@puc.cl;NULL;NULL;30;319;7300000.00;delantero;TRUE;0;NULL;NULL;NULL;NULL;NULL;NULL;NULL;NULL;NULL
10000028-8;Toni 'Hyperbicho' Nuñez Beausejour;30-01-76;Uruguaya;56948192468;toni.nunez28@usach.cl;NULL;NULL;27;323;3900000.00;delantero;TRUE;0;NULL;NULL;NULL;NULL;NULL;NULL;NULL;NULL;NULL
10000029-6;Guillermo 'Mastertorpedo' Valdés Espinoza;04-03-89;Italiana;56998533041;guillermo.valdes29@uca.cl;NULL;NULL;6;325;11650000.00;central;TRUE;0;NULL;NULL;NULL;NULL;NULL;NULL;NULL;NULL;NULL
10000030-K;Robert 'Ultracañón' Soto Rodríguez;20-11-86;Brasileña;56959629757;robert.soto30@puc.cl;NULL;NULL;23;319;4150000.00;defensa;TRUE;0;NULL;NULL;NULL;NULL;NULL;NULL;NULL;NULL;NULL
10000031-8;Gavi 'Hypercohete' Vidal Modric;12-02-87;Italiana;56974153900;gavi.vidal31@hotmail.com;NULL;NULL;12;320;3300000.00;delantero;TRUE;0;NULL;NULL;NULL;NULL;NULL;NULL;NULL;NULL;NULL
10000032-6;Tomás 'Hypertitanio' Martínez Dybala;04-11-86;Inglesa;56956156776;tomas.martinez32@outlook.com;NULL;NULL;2;322;11100000.00;central;TRUE;0;NULL;NULL;NULL;NULL;NULL;NULL;NULL;NULL;NULL
10000033-4;Jean 'Ultraduende' Soto Kane;17-06-91;Chilena;56960995150;jean.soto33@gmail.com;NULL;NULL;16;319;5450000.00;defensa;TRUE;0;NULL;NULL;NULL;NULL;NULL;NULL;NULL;NULL;NULL
10000034-2;Nicolás 'Hypermatador' Pizarro Fuentes;02-09-04;Italiana;56925183914;nicolas.pizarro34@usach.cl;NULL;NULL;34;319;12750000.00;defensa;TRUE;0;NULL;NULL;NULL;NULL;NULL;NULL;NULL;NULL;NULL
10000035-0;Johnny 'Ultraingeniero' Riquelme Valenzuela;26-01-00;Argentina;56938277014;johnny.riquelme35@outlook.com;NULL;NULL;34;319;13600000.00;defensa;TRUE;0;NULL;NULL;NULL;NULL;NULL;NULL;NULL;NULL;NULL
10000036-9;Gustavo 'Brujo' Galdames Güler;08-07-03;Portuguesa;56924188942;gustavo.galdames36@hotmail.com;NULL;NULL;15;319;4650000.00;central;TRUE;0;NULL;NULL;NULL;NULL;NULL;NULL;NULL;NULL;NULL
10000037-7;Thiago 'Bambino' Medel Aránguiz;17-02-02;Italiana;56998333469;thiago.medel37@usach.cl;NULL;NULL;6;325;13700000.00;delantero;TRUE;0;NULL;NULL;NULL;NULL;NULL;NULL;NULL;NULL;NULL
10000038-5;Gonzalo 'Megalince' Castillo Toselli;14-04-72;Portuguesa;56979751005;gonzalo.castillo38@hotmail.com;NULL;NULL;16;319;7200000.00;defensa;TRUE;0;NULL;NULL;NULL;NULL;NULL;NULL;NULL;NULL;NULL
10000039-3;Jaime 'Hyperfaraón' Valdés Gómez;07-02-04;Portuguesa;56922487074;jaime.valdes39@outlook.com;NULL;NULL;24;321;2850000.00;defensa;TRUE;0;NULL;NULL;NULL;NULL;NULL;NULL;NULL;NULL;NULL
10000040-7;Martín 'Megahuracán' Valdés Di María;22-04-04;Inglesa;56989980116;martin.valdes40@puc.cl;NULL;NULL;6;325;10850000.00;arquero;TRUE;0;NULL;NULL;NULL;NULL;NULL;NULL;NULL;NULL;NULL
10000041-5;Gonzalo 'Superhuaso' Flores Dybala;27-02-91;Española;56985109160;gonzalo.flores41@gmail.com;NULL;NULL;11;320;4600000.00;delantero;TRUE;0;NULL;NULL;NULL;NULL;NULL;NULL;NULL;NULL;NULL
10000042-3;Cristopher 'Saningeniero' Rodri Salas;19-04-93;Española;56996650303;cristopher.rodri42@uca.cl;NULL;NULL;5;322;8200000.00;central;TRUE;0;NULL;NULL;NULL;NULL;NULL;NULL;NULL;NULL;NULL
10000043-1;Eduardo 'Ultracóndor' Alvarez Arias;15-06-86;Inglesa;56939323879;eduardo.alvarez43@uca.cl;NULL;NULL;15;319;9800000.00;defensa;TRUE;0;NULL;NULL;NULL;NULL;NULL;NULL;NULL;NULL;NULL
10000044-K;Johnny 'Sanroca' Modric Mendoza;24-09-96;Colombiana;56940418941;johnny.modric44@outlook.com;NULL;NULL;20;324;5300000.00;defensa;TRUE;0;NULL;NULL;NULL;NULL;NULL;NULL;NULL;NULL;NULL
10000045-8;Francisco 'Mastercuervo' Pérez Aránguiz;16-08-86;Inglesa;56959282367;francisco.perez45@hotmail.com;NULL;NULL;15;319;3950000.00;defensa;TRUE;0;NULL;NULL;NULL;NULL;NULL;NULL;NULL;NULL;NULL
10000046-6;Agustín 'Mastercomandante' Morales González;11-11-01;Francesa;56957616628;agustin.morales46@yahoo.com;NULL;NULL;32;321;3700000.00;central;TRUE;0;NULL;NULL;NULL;NULL;NULL;NULL;NULL;NULL;NULL
10000047-4;Harry 'Relámpago' Alvarez Toselli;10-11-95;Francesa;56927521115;harry.alvarez47@usach.cl;NULL;NULL;29;326;15250000.00;defensa;TRUE;0;NULL;NULL;NULL;NULL;NULL;NULL;NULL;NULL;NULL
10000048-2;Santino 'Hypergato' Haaland Bravo;07-06-97;Chilena;56934450159;santino.haaland48@gmail.com;NULL;NULL;10;319;11350000.00;delantero;TRUE;0;NULL;NULL;NULL;NULL;NULL;NULL;NULL;NULL;NULL
10000049-0;Alexis 'Donsoldado' Kroos Vargas;03-01-92;Inglesa;56920987286;alexis.kroos49@puc.cl;NULL;NULL;13;320;9300000.00;central;TRUE;0;NULL;NULL;NULL;NULL;NULL;NULL;NULL;NULL;NULL
10000050-4;Mohamed 'Superpuntero' Haaland Pulgar;21-11-72;Alemana;56978284538;mohamed.haaland50@hotmail.com;NULL;NULL;29;326;6750000.00;defensa;TRUE;0;NULL;NULL;NULL;NULL;NULL;NULL;NULL;NULL;NULL
10000051-2;Gonzalo 'Megaescorpión' Gómez Araya;09-02-91;Alemana;56948228463;gonzalo.gomez51@uca.cl;NULL;NULL;36;325;14600000.00;delantero;TRUE;0;NULL;NULL;NULL;NULL;NULL;NULL;NULL;NULL;NULL
10000052-0;Esteban 'Donapache' Flores Valenzuela;05-03-81;Portuguesa;56910766437;esteban.flores52@usach.cl;NULL;NULL;19;322;6950000.00;defensa;TRUE;0;NULL;NULL;NULL;NULL;NULL;NULL;NULL;NULL;NULL
10000053-9;Ángel 'Sancapitán' Mbappe Contreras;01-02-77;Brasileña;56930064576;angel.mbappe53@outlook.com;NULL;NULL;30;319;6800000.00;central;TRUE;0;NULL;NULL;NULL;NULL;NULL;NULL;NULL;NULL;NULL
10000054-7;Antoine 'Sanaraña' Sánchez Gutiérrez;04-05-00;Uruguaya;56936112424;antoine.sanchez54@usach.cl;NULL;NULL;19;322;5150000.00;delantero;TRUE;0;NULL;NULL;NULL;NULL;NULL;NULL;NULL;NULL;NULL
10000055-5;Gavi 'Donhuaso' Aránguiz Güler;06-01-73;Argentina;56993229755;gavi.aranguiz55@uca.cl;NULL;NULL;16;319;14550000.00;central;TRUE;0;NULL;NULL;NULL;NULL;NULL;NULL;NULL;NULL;NULL
10000056-3;Alejandro 'Masterlobo' Pizarro Sepúlveda;12-04-91;Colombiana;56932409885;alejandro.pizarro56@hotmail.com;NULL;NULL;11;320;3650000.00;arquero;TRUE;0;NULL;NULL;NULL;NULL;NULL;NULL;NULL;NULL;NULL
10000057-1;Claudio 'Rey' Gómez Fuentes;04-07-85;Uruguaya;56933881356;claudio.gomez57@puc.cl;NULL;NULL;3;323;4950000.00;delantero;TRUE;0;NULL;NULL;NULL;NULL;NULL;NULL;NULL;NULL;NULL
10000058-K;Maximiliano 'Superarquitecto' De Bruyne Aránguiz;16-04-76;Argentina;56966782804;maximiliano.de bruyne58@outlook.com;NULL;NULL;23;319;5400000.00;defensa;TRUE;0;NULL;NULL;NULL;NULL;NULL;NULL;NULL;NULL;NULL
10000059-8;Matías 'Fideo' Pulgar Nuñez;08-01-89;Argentina;56938544903;matias.pulgar59@outlook.com;NULL;NULL;25;320;15050000.00;central;TRUE;0;NULL;NULL;NULL;NULL;NULL;NULL;NULL;NULL;NULL
10000060-1;Daniel 'Hypercacique' Hernández Carrasco;04-03-80;Española;56994391766;daniel.hernandez60@gmail.com;NULL;NULL;24;321;10200000.00;arquero;TRUE;0;NULL;NULL;NULL;NULL;NULL;NULL;NULL;NULL;NULL
10000061-K;Lautaro 'Hypercobra' Ramos Benzema;15-12-81;Portuguesa;56912899007;lautaro.ramos61@gmail.com;NULL;NULL;16;319;13500000.00;delantero;TRUE;0;NULL;NULL;NULL;NULL;NULL;NULL;NULL;NULL;NULL
10000062-8;Cristopher 'Superhechicero' Riquelme Benzema;05-06-70;Italiana;56962682717;cristopher.riquelme62@usach.cl;NULL;NULL;26;324;10150000.00;delantero;TRUE;0;NULL;NULL;NULL;NULL;NULL;NULL;NULL;NULL;NULL
10000063-6;Angel 'Grancentauro' Silva Figueroa;07-01-96;Uruguaya;56956036648;angel.silva63@yahoo.com;NULL;NULL;1;326;11750000.00;central;TRUE;0;NULL;NULL;NULL;NULL;NULL;NULL;NULL;NULL;NULL
10000064-4;Alejandro 'Masterlince' Valdivia Benzema;19-03-77;Uruguaya;56944103667;alejandro.valdivia64@uca.cl;NULL;NULL;13;320;10100000.00;arquero;TRUE;0;NULL;NULL;NULL;NULL;NULL;NULL;NULL;NULL;NULL
10000065-2;Ronaldo 'Masterjaguar' Dybala Pulgar;11-04-03;Portuguesa;56957789302;ronaldo.dybala65@puc.cl;NULL;NULL;25;320;3800000.00;defensa;TRUE;0;NULL;NULL;NULL;NULL;NULL;NULL;NULL;NULL;NULL
10000066-0;Humberto 'Donmago' Herrera Rodríguez;31-12-94;Inglesa;56997540845;humberto.herrera66@hotmail.com;NULL;NULL;33;322;11200000.00;delantero;TRUE;0;NULL;NULL;NULL;NULL;NULL;NULL;NULL;NULL;NULL
10000067-9;Pedro 'Granzorro' Galdames Neuer;25-01-93;Peruana;56979794722;pedro.galdames67@puc.cl;NULL;NULL;12;320;15400000.00;arquero;TRUE;0;NULL;NULL;NULL;NULL;NULL;NULL;NULL;NULL;NULL
10000068-7;Sergio 'Maestro' Vinicius Dybala;25-05-89;Francesa;56934499357;sergio.vinicius68@puc.cl;NULL;NULL;1;326;5550000.00;arquero;TRUE;0;NULL;NULL;NULL;NULL;NULL;NULL;NULL;NULL;NULL
10000069-5;Neymar 'Ultrajefe' Espinoza Pulgar;09-11-99;Brasileña;56999864787;neymar.espinoza69@puc.cl;NULL;NULL;18;324;15450000.00;delantero;TRUE;0;NULL;NULL;NULL;NULL;NULL;NULL;NULL;NULL;NULL
10000070-9;Johnny 'Ultrapríncipe' Toselli Vásquez;22-09-82;Española;56997200018;johnny.toselli70@hotmail.com;NULL;NULL;11;320;11200000.00;delantero;TRUE;0;NULL;NULL;NULL;NULL;NULL;NULL;NULL;NULL;NULL
10000071-7;Javier 'Sanzorro' Bustos Sánchez;07-11-84;Colombiana;56962012409;javier.bustos71@gmail.com;NULL;NULL;19;322;6500000.00;defensa;TRUE;0;NULL;NULL;NULL;NULL;NULL;NULL;NULL;NULL;NULL
10000072-5;Luis 'Hypermonarca' Aránguiz Rodri;24-02-94;Inglesa;56911735668;luis.aranguiz72@outlook.com;NULL;NULL;29;326;7100000.00;defensa;TRUE;0;NULL;NULL;NULL;NULL;NULL;NULL;NULL;NULL;NULL
10000073-3;Pedro 'Hypermuralla' Soto Mbappe;06-06-71;Francesa;56976491714;pedro.soto73@usach.cl;NULL;NULL;18;324;6250000.00;defensa;TRUE;0;NULL;NULL;NULL;NULL;NULL;NULL;NULL;NULL;NULL
10000074-1;Gonzalo 'Superguerrero' Sepúlveda Paredes;08-03-80;Brasileña;56957073342;gonzalo.sepulveda74@puc.cl;NULL;NULL;13;320;10450000.00;central;TRUE;0;NULL;NULL;NULL;NULL;NULL;NULL;NULL;NULL;NULL
10000075-K;Kevin 'Superjaguar' Vidal Pulgar;29-08-73;Inglesa;56924610710;kevin.vidal75@hotmail.com;NULL;NULL;17;319;15200000.00;central;TRUE;0;NULL;NULL;NULL;NULL;NULL;NULL;NULL;NULL;NULL
10000076-8;Charles 'Granhuracán' Pulgar Gutiérrez;05-04-03;Peruana;56991003055;charles.pulgar76@gmail.com;NULL;NULL;30;319;12300000.00;delantero;TRUE;0;NULL;NULL;NULL;NULL;NULL;NULL;NULL;NULL;NULL
10000077-6;Andrés 'Masterpulga' Soto Benzema;21-07-82;Italiana;56928365778;andres.soto77@gmail.com;NULL;NULL;8;321;12850000.00;central;TRUE;0;NULL;NULL;NULL;NULL;NULL;NULL;NULL;NULL;NULL
10000078-4;Gonzalo 'Ultracapitán' Gutiérrez Maradona;10-06-73;Francesa;56939230540;gonzalo.gutierrez78@hotmail.com;NULL;NULL;9;325;11350000.00;central;TRUE;0;NULL;NULL;NULL;NULL;NULL;NULL;NULL;NULL;NULL
10000079-2;Matías 'Mastertitán' Di María Salas;03-11-72;Argentina;56946788701;matias.di maria79@usach.cl;NULL;NULL;38;319;16000000.00;central;TRUE;0;NULL;NULL;NULL;NULL;NULL;NULL;NULL;NULL;NULL
10000080-6;Bautista 'Superbicho' Fuentes Torres;02-02-75;Española;56920799945;bautista.fuentes80@puc.cl;NULL;NULL;14;322;9250000.00;central;TRUE;0;NULL;NULL;NULL;NULL;NULL;NULL;NULL;NULL;NULL
10000081-4;Edinson 'Ultracosmos' Kroos Nuñez;09-05-05;Francesa;56942176905;edinson.kroos81@puc.cl;NULL;NULL;28;322;6700000.00;delantero;TRUE;0;NULL;NULL;NULL;NULL;NULL;NULL;NULL;NULL;NULL
10000082-2;Manuel 'Búho' Silva Maripán;11-12-01;Argentina;56991589483;manuel.silva82@gmail.com;NULL;NULL;20;324;9300000.00;defensa;FALSE;2;NULL;NULL;NULL;NULL;NULL;NULL;NULL;NULL;NULL
10000083-0;Humberto 'Sanhuracán' Vinicius Benzema;27-03-88;Uruguaya;56965148884;humberto.vinicius83@hotmail.com;NULL;NULL;39;324;13400000.00;central;TRUE;0;NULL;NULL;NULL;NULL;NULL;NULL;NULL;NULL;NULL
10000084-9;Gabriel 'Minotauro' Vidal González;09-04-92;Francesa;56973861842;gabriel.vidal84@uca.cl;NULL;NULL;18;324;5400000.00;delantero;TRUE;0;NULL;NULL;NULL;NULL;NULL;NULL;NULL;NULL;NULL
10000085-7;Francisco 'Sancaballero' Lukaku Maripán;17-02-04;Colombiana;56945771727;francisco.lukaku85@usach.cl;NULL;NULL;4;321;2500000.00;central;TRUE;0;NULL;NULL;NULL;NULL;NULL;NULL;NULL;NULL;NULL
10000086-5;Erling 'Hypervozinha' Bustos Suazo;23-01-03;Uruguaya;56988730288;erling.bustos86@gmail.com;NULL;NULL;32;321;13500000.00;defensa;TRUE;0;NULL;NULL;NULL;NULL;NULL;NULL;NULL;NULL;NULL
10000087-3;Luis 'Megacapataz' Valdés Alvarez;16-05-80;Alemana;56978972668;luis.valdes87@usach.cl;NULL;NULL;31;323;4550000.00;delantero;TRUE;0;NULL;NULL;NULL;NULL;NULL;NULL;NULL;NULL;NULL
10000088-1;Diego 'Donmeteoro' Gutiérrez Valverde;14-12-90;Brasileña;56987901723;diego.gutierrez88@uca.cl;NULL;NULL;17;319;9900000.00;defensa;FALSE;1;NULL;NULL;NULL;NULL;NULL;NULL;NULL;NULL;NULL
10000089-K;Harry 'Granapache' Dybala Arias;23-03-79;Alemana;56935078794;harry.dybala89@gmail.com;NULL;NULL;20;324;6700000.00;defensa;TRUE;0;NULL;NULL;NULL;NULL;NULL;NULL;NULL;NULL;NULL
10000090-3;Sergio 'Dontiburón' Tapia Araya;01-01-95;Argentina;56969792182;sergio.tapia90@uca.cl;NULL;NULL;5;322;11850000.00;defensa;TRUE;0;NULL;NULL;NULL;NULL;NULL;NULL;NULL;NULL;NULL
10000091-1;Cristiano 'León' Hernández Lewandowski;27-02-84;Italiana;56929080154;cristiano.hernandez91@yahoo.com;NULL;NULL;14;322;12150000.00;delantero;TRUE;0;NULL;NULL;NULL;NULL;NULL;NULL;NULL;NULL;NULL
10000092-K;Gabriel 'Donbicho' Muñoz Figueroa;10-08-89;Uruguaya;56953084891;gabriel.munoz92@yahoo.com;NULL;NULL;38;319;13400000.00;central;TRUE;0;NULL;NULL;NULL;NULL;NULL;NULL;NULL;NULL;NULL
10000093-8;Angel 'Ultragenio' Valverde Pizarro;30-09-96;Argentina;56966234753;angel.valverde93@yahoo.com;NULL;NULL;37;323;14750000.00;central;TRUE;0;NULL;NULL;NULL;NULL;NULL;NULL;NULL;NULL;NULL
10000094-6;Matías 'Superbambino' Mendoza Silva;01-06-79;Colombiana;56992331811;matias.mendoza94@usach.cl;NULL;NULL;9;325;7850000.00;delantero;TRUE;0;NULL;NULL;NULL;NULL;NULL;NULL;NULL;NULL;NULL
10000095-4;Cristian 'Megachapa' Di María Medel;19-02-98;Alemana;56960972834;cristian.di maria95@uca.cl;NULL;NULL;33;322;10300000.00;defensa;TRUE;0;NULL;NULL;NULL;NULL;NULL;NULL;NULL;NULL;NULL
10000096-2;Nicolás 'Ronaldinho' Bellingham De Bruyne;18-03-83;Portuguesa;56950945991;nicolas.bellingham96@uca.cl;NULL;NULL;27;323;14550000.00;defensa;TRUE;0;NULL;NULL;NULL;NULL;NULL;NULL;NULL;NULL;NULL
10000097-0;Matias 'Donguerrero' Jara Bellingham;14-05-77;Francesa;56998673105;matias.jara97@hotmail.com;NULL;NULL;27;323;13350000.00;central;TRUE;0;NULL;NULL;NULL;NULL;NULL;NULL;NULL;NULL;NULL
10000098-9;Diego 'Mastercapataz' Suazo Cavani;23-07-71;Alemana;56914228345;diego.suazo98@outlook.com;NULL;NULL;18;324;4400000.00;defensa;TRUE;0;NULL;NULL;NULL;NULL;NULL;NULL;NULL;NULL;NULL
10000099-7;Luka 'Megapríncipe' Bravo Gutiérrez;01-10-00;Inglesa;56988119628;luka.bravo99@yahoo.com;NULL;NULL;33;322;14750000.00;defensa;TRUE;0;NULL;NULL;NULL;NULL;NULL;NULL;NULL;NULL;NULL
10000100-4;Bastián 'Megazorro' Zidane Pizarro;31-12-70;Española;56963107855;bastian.zidane100@uca.cl;NULL;NULL;2;322;2900000.00;arquero;TRUE;0;NULL;NULL;NULL;NULL;NULL;NULL;NULL;NULL;NULL
10000101-2;Humberto 'Masterpiloto' Rodri Mendoza;07-02-90;Colombiana;56934661464;humberto.rodri101@gmail.com;NULL;NULL;39;324;6600000.00;delantero;TRUE;0;NULL;NULL;NULL;NULL;NULL;NULL;NULL;NULL;NULL
10000102-0;Pedro 'Sanpitbull' Pizarro Isla;15-03-76;Peruana;56972886480;pedro.pizarro102@puc.cl;NULL;NULL;1;326;12200000.00;delantero;TRUE;0;NULL;NULL;NULL;NULL;NULL;NULL;NULL;NULL;NULL
10000103-9;Gonzalo 'Supertanque' Gómez Díaz;15-05-99;Italiana;56970860913;gonzalo.gomez103@puc.cl;NULL;NULL;9;325;15800000.00;defensa;TRUE;0;NULL;NULL;NULL;NULL;NULL;NULL;NULL;NULL;NULL
10000104-7;Martín 'Escarabajo' Yamal Sánchez;11-06-93;Uruguaya;56933059795;martin.yamal104@uca.cl;NULL;NULL;26;324;5600000.00;central;TRUE;0;NULL;NULL;NULL;NULL;NULL;NULL;NULL;NULL;NULL
10000105-5;Bautista 'Hyperchupete' Ronaldo Dybala;19-11-98;Uruguaya;56981973484;bautista.ronaldo105@uca.cl;NULL;NULL;1;326;8350000.00;delantero;TRUE;0;NULL;NULL;NULL;NULL;NULL;NULL;NULL;NULL;NULL
10000106-3;Thomas 'Megafiscal' Valdés Suárez;08-10-88;Colombiana;56927805540;thomas.valdes106@gmail.com;NULL;NULL;40;323;9250000.00;delantero;TRUE;0;NULL;NULL;NULL;NULL;NULL;NULL;NULL;NULL;NULL
10000107-1;Pablo 'Ultratanque' López Beausejour;27-04-99;Peruana;56923329249;pablo.lopez107@hotmail.com;NULL;NULL;3;323;12200000.00;defensa;TRUE;0;NULL;NULL;NULL;NULL;NULL;NULL;NULL;NULL;NULL
10000108-K;Gustavo 'Sanfiscal' Araya Contreras;30-12-82;Peruana;56950032668;gustavo.araya108@uca.cl;NULL;NULL;12;320;14100000.00;defensa;TRUE;0;NULL;NULL;NULL;NULL;NULL;NULL;NULL;NULL;NULL
10000109-8;Gary 'Sanlíder' Maradona Dybala;21-07-81;Brasileña;56971682605;gary.maradona109@gmail.com;NULL;NULL;30;319;14300000.00;delantero;TRUE;0;NULL;NULL;NULL;NULL;NULL;NULL;NULL;NULL;NULL
10000110-1;Humberto 'Supermariscal' Nuñez Álvarez;21-01-90;Portuguesa;56960294805;humberto.nunez110@uca.cl;NULL;NULL;7;320;12950000.00;delantero;TRUE;0;NULL;NULL;NULL;NULL;NULL;NULL;NULL;NULL;NULL
10000111-K;Benjamín 'Ultraterremoto' Torres Tapia;11-08-70;Colombiana;56977010299;benjamin.torres111@gmail.com;NULL;NULL;16;319;5100000.00;central;TRUE;0;NULL;NULL;NULL;NULL;NULL;NULL;NULL;NULL;NULL
10000112-8;Hernán 'Mastertanque' Modric Figueroa;30-01-91;Argentina;56952454544;hernan.modric112@uca.cl;NULL;NULL;19;322;4750000.00;defensa;TRUE;0;NULL;NULL;NULL;NULL;NULL;NULL;NULL;NULL;NULL
10000113-6;Cristopher 'Sanpistola' Fernández Pizarro;15-12-81;Brasileña;56939513639;cristopher.fernandez113@outlook.com;NULL;NULL;26;324;11450000.00;delantero;TRUE;0;NULL;NULL;NULL;NULL;NULL;NULL;NULL;NULL;NULL
10000114-4;Claudio 'Ultrapitón' Rodri Vergara;15-11-91;Inglesa;56994133950;claudio.rodri114@outlook.com;NULL;NULL;39;324;4900000.00;defensa;TRUE;0;NULL;NULL;NULL;NULL;NULL;NULL;NULL;NULL;NULL
10000115-2;Gastón 'Hypersatélite' Soto Isla;04-02-02;Italiana;56985392655;gaston.soto115@puc.cl;NULL;NULL;3;323;6300000.00;delantero;TRUE;0;NULL;NULL;NULL;NULL;NULL;NULL;NULL;NULL;NULL
10000116-0;Diego 'Ultraconde' Soto González;18-09-84;Colombiana;56944489162;diego.soto116@uca.cl;NULL;NULL;23;319;13200000.00;arquero;TRUE;0;NULL;NULL;NULL;NULL;NULL;NULL;NULL;NULL;NULL
10000117-9;Alejandro 'Doncocodrilo' Figueroa Vargas;04-07-91;Colombiana;56968552060;alejandro.figueroa117@puc.cl;NULL;NULL;2;322;6250000.00;defensa;TRUE;0;NULL;NULL;NULL;NULL;NULL;NULL;NULL;NULL;NULL
10000118-7;Ronaldo 'Doncapitán' Vinicius Modric;25-11-95;Chilena;56962679689;ronaldo.vinicius118@outlook.com;NULL;NULL;6;325;13100000.00;defensa;TRUE;0;NULL;NULL;NULL;NULL;NULL;NULL;NULL;NULL;NULL
10000119-5;Alejandro 'Superflecha' Di María Castillo;07-06-89;Argentina;56936952701;alejandro.di maria119@yahoo.com;NULL;NULL;7;320;15950000.00;defensa;TRUE;0;NULL;NULL;NULL;NULL;NULL;NULL;NULL;NULL;NULL
10000120-9;Kevin 'Ultracaimán' Paredes Torres;18-07-71;Uruguaya;56928494225;kevin.paredes120@outlook.com;NULL;NULL;37;323;10950000.00;delantero;TRUE;0;NULL;NULL;NULL;NULL;NULL;NULL;NULL;NULL;NULL
10000121-7;Cristian 'Masterkeko' Álvarez Muñoz;15-06-86;Colombiana;56996778531;cristian.alvarez121@gmail.com;NULL;NULL;10;319;6900000.00;arquero;TRUE;0;NULL;NULL;NULL;NULL;NULL;NULL;NULL;NULL;NULL
10000122-5;Esteban 'Hypertrueno' Tapia Di María;30-04-73;Argentina;56926698723;esteban.tapia122@gmail.com;NULL;NULL;40;323;11000000.00;defensa;TRUE;0;NULL;NULL;NULL;NULL;NULL;NULL;NULL;NULL;NULL
10000123-3;Esteban 'Ultrasha' Flores Rodri;06-03-04;Española;56956310651;esteban.flores123@gmail.com;NULL;NULL;27;323;12300000.00;arquero;TRUE;0;NULL;NULL;NULL;NULL;NULL;NULL;NULL;NULL;NULL
10000124-1;Sebastián 'Masterlíder' Bellingham Rodríguez;14-01-74;Colombiana;56985729996;sebastian.bellingham124@uca.cl;NULL;NULL;32;321;11850000.00;central;TRUE;0;NULL;NULL;NULL;NULL;NULL;NULL;NULL;NULL;NULL
10000125-K;Claudio 'Ultrageneral' Fuentes Espinoza;09-03-78;Española;56911359930;claudio.fuentes125@uca.cl;NULL;NULL;36;325;3100000.00;defensa;TRUE;0;NULL;NULL;NULL;NULL;NULL;NULL;NULL;NULL;NULL
10000126-8;Felipe 'Mastersoldado' Pizarro Hernández;06-12-95;Italiana;56926942289;felipe.pizarro126@uca.cl;NULL;NULL;25;320;12950000.00;arquero;TRUE;0;NULL;NULL;NULL;NULL;NULL;NULL;NULL;NULL;NULL
10000127-6;Zinedine 'Supercosmos' Lukaku Müller;06-02-76;Chilena;56979827218;zinedine.lukaku127@outlook.com;NULL;NULL;15;319;2100000.00;delantero;TRUE;0;NULL;NULL;NULL;NULL;NULL;NULL;NULL;NULL;NULL
10000128-4;Gonzalo 'Ultrapistola' Müller Fuentes;29-04-93;Peruana;56918265528;gonzalo.müller128@hotmail.com;NULL;NULL;16;319;5250000.00;delantero;TRUE;0;NULL;NULL;NULL;NULL;NULL;NULL;NULL;NULL;NULL
10000129-2;Lautaro 'Mastercaballero' Torres Fuentes;22-05-76;Italiana;56911526914;lautaro.torres129@usach.cl;NULL;NULL;23;319;7500000.00;central;TRUE;0;NULL;NULL;NULL;NULL;NULL;NULL;NULL;NULL;NULL
10000130-6;Charles 'Supertoro' Neuer Güler;07-04-95;Peruana;56980060153;charles.neuer130@yahoo.com;NULL;NULL;23;319;13250000.00;delantero;TRUE;0;NULL;NULL;NULL;NULL;NULL;NULL;NULL;NULL;NULL
10000131-4;Toni 'Ultraescudo' Valdés Arias;29-11-93;Inglesa;56913913304;toni.valdes131@gmail.com;NULL;NULL;8;321;11500000.00;defensa;TRUE;0;NULL;NULL;NULL;NULL;NULL;NULL;NULL;NULL;NULL
10000132-2;Zinedine 'Megacañón' Carrasco Sánchez;12-04-99;Española;56958531723;zinedine.carrasco132@uca.cl;NULL;NULL;10;319;12000000.00;central;TRUE;0;NULL;NULL;NULL;NULL;NULL;NULL;NULL;NULL;NULL
10000133-0;Alexis 'Sanrinoceronte' Caszely Valverde;21-12-03;Argentina;56997109407;alexis.caszely133@usach.cl;NULL;NULL;36;325;6800000.00;delantero;TRUE;0;NULL;NULL;NULL;NULL;NULL;NULL;NULL;NULL;NULL
10000134-9;Gonzalo 'Sancañón' Cortés Nuñez;17-07-96;Uruguaya;56933236709;gonzalo.cortes134@usach.cl;NULL;NULL;18;324;10800000.00;central;FALSE;2;NULL;NULL;NULL;NULL;NULL;NULL;NULL;NULL;NULL
10000135-7;Erick 'Donsombra' Valdés Ramos;18-03-03;Chilena;56983940718;erick.valdes135@yahoo.com;NULL;NULL;31;323;3850000.00;central;TRUE;0;NULL;NULL;NULL;NULL;NULL;NULL;NULL;NULL;NULL
10000136-5;Matias 'Hyperturboman' Contreras Figueroa;14-03-87;Chilena;56937754403;matias.contreras136@yahoo.com;NULL;NULL;26;324;8850000.00;central;TRUE;0;NULL;NULL;NULL;NULL;NULL;NULL;NULL;NULL;NULL
10000137-3;Diego 'Puntero' Gutiérrez Torres;14-09-95;Colombiana;56982886122;diego.gutierrez137@puc.cl;NULL;NULL;13;320;7600000.00;defensa;TRUE;0;NULL;NULL;NULL;NULL;NULL;NULL;NULL;NULL;NULL
10000138-1;Lautaro 'Hyperaraña' Aránguiz Riquelme;06-07-97;Española;56974939850;lautaro.aranguiz138@gmail.com;NULL;NULL;14;322;10100000.00;defensa;TRUE;0;NULL;NULL;NULL;NULL;NULL;NULL;NULL;NULL;NULL
10000139-K;Gary 'Megasultán' Dybala Bravo;20-01-73;Francesa;56983973422;gary.dybala139@puc.cl;NULL;NULL;31;323;6300000.00;defensa;TRUE;0;NULL;NULL;NULL;NULL;NULL;NULL;NULL;NULL;NULL
10000140-3;Agustín 'Sanlobo' Rodri Alvarez;05-02-79;Uruguaya;56975013515;agustin.rodri140@yahoo.com;NULL;NULL;4;321;14850000.00;defensa;TRUE;0;NULL;NULL;NULL;NULL;NULL;NULL;NULL;NULL;NULL
10000141-1;Martín 'Hypergladiador' Castillo Vinicius;23-03-03;Peruana;56967971848;martin.castillo141@yahoo.com;NULL;NULL;10;319;2250000.00;defensa;TRUE;0;NULL;NULL;NULL;NULL;NULL;NULL;NULL;NULL;NULL
10000142-K;Jaime 'Megacésar' Griezmann Fernández;13-11-85;Española;56926682632;jaime.griezmann142@usach.cl;NULL;NULL;28;322;11400000.00;defensa;TRUE;0;NULL;NULL;NULL;NULL;NULL;NULL;NULL;NULL;NULL
10000143-8;Claudio 'Fénix' Dybala Aránguiz;22-06-94;Alemana;56925146794;claudio.dybala143@uca.cl;NULL;NULL;1;326;15150000.00;defensa;TRUE;0;NULL;NULL;NULL;NULL;NULL;NULL;NULL;NULL;NULL
10000144-6;Andrés 'Sanescorpión' Morales Cortés;03-03-85;Alemana;56971255382;andres.morales144@uca.cl;NULL;NULL;8;321;13300000.00;delantero;TRUE;0;NULL;NULL;NULL;NULL;NULL;NULL;NULL;NULL;NULL
10000145-4;Jaime 'Sanguerrero' Martínez Vinicius;23-02-84;Peruana;56942817107;jaime.martinez145@outlook.com;NULL;NULL;38;319;5450000.00;defensa;TRUE;0;NULL;NULL;NULL;NULL;NULL;NULL;NULL;NULL;NULL
10000146-2;Karim 'Ultramariscal' Jara Contreras;27-02-00;Colombiana;56941171696;karim.jara146@gmail.com;NULL;NULL;36;325;8300000.00;defensa;TRUE;0;NULL;NULL;NULL;NULL;NULL;NULL;NULL;NULL;NULL
10000147-0;Harry 'Superemperador' Álvarez Benzema;02-07-78;Argentina;56973445057;harry.alvarez147@yahoo.com;NULL;NULL;18;324;13950000.00;delantero;TRUE;0;NULL;NULL;NULL;NULL;NULL;NULL;NULL;NULL;NULL
10000148-9;Francisco 'Grankaiser' Gutiérrez Jara;24-06-96;Francesa;56930996133;francisco.gutierrez148@puc.cl;NULL;NULL;1;326;6700000.00;central;TRUE;0;NULL;NULL;NULL;NULL;NULL;NULL;NULL;NULL;NULL
10000149-7;Andrés 'Donescorpión' Rodríguez Lukaku;22-03-02;Peruana;56950277060;andres.rodriguez149@outlook.com;NULL;NULL;9;325;6500000.00;central;TRUE;0;NULL;NULL;NULL;NULL;NULL;NULL;NULL;NULL;NULL
10000150-0;Pablo 'Granvolcán' Carrasco Rodríguez;17-11-04;Uruguaya;56936357801;pablo.carrasco150@gmail.com;NULL;NULL;33;322;9950000.00;delantero;TRUE;0;NULL;NULL;NULL;NULL;NULL;NULL;NULL;NULL;NULL
10000151-9;Alejandro 'Grantiburón' Soto Paredes;26-03-92;Española;56927634290;alejandro.soto151@puc.cl;NULL;NULL;13;320;14500000.00;central;TRUE;0;NULL;NULL;NULL;NULL;NULL;NULL;NULL;NULL;NULL
10000152-7;Erling 'Hyperguerrero' Silva Ramos;28-08-77;Inglesa;56992815359;erling.silva152@yahoo.com;NULL;NULL;22;323;2550000.00;delantero;TRUE;0;NULL;NULL;NULL;NULL;NULL;NULL;NULL;NULL;NULL
10000153-5;Lautaro 'Sansha' Contreras Suazo;11-09-76;Uruguaya;56957361385;lautaro.contreras153@usach.cl;NULL;NULL;31;323;7250000.00;defensa;TRUE;0;NULL;NULL;NULL;NULL;NULL;NULL;NULL;NULL;NULL
10000154-3;Gary 'Crack' Valdés Zidane;16-11-91;Argentina;56964559146;gary.valdes154@gmail.com;NULL;NULL;34;319;7750000.00;central;TRUE;0;NULL;NULL;NULL;NULL;NULL;NULL;NULL;NULL;NULL
10000155-1;Álvaro 'Megasha' Haaland Valdivia;27-01-71;Inglesa;56926974894;alvaro.haaland155@gmail.com;NULL;NULL;21;324;2250000.00;defensa;TRUE;0;NULL;NULL;NULL;NULL;NULL;NULL;NULL;NULL;NULL
10000156-K;Álvaro 'Supercomandante' Vargas Mendoza;24-11-05;Chilena;56972518390;alvaro.vargas156@yahoo.com;NULL;NULL;10;319;5850000.00;delantero;TRUE;0;NULL;NULL;NULL;NULL;NULL;NULL;NULL;NULL;NULL
10000157-8;Lionel 'Masterchupete' Castillo Sánchez;01-03-70;Peruana;56949639854;lionel.castillo157@uca.cl;NULL;NULL;2;322;6300000.00;central;TRUE;0;NULL;NULL;NULL;NULL;NULL;NULL;NULL;NULL;NULL
10000158-6;Cristiano 'Superkáiser' Yamal Müller;16-06-71;Española;56998180376;cristiano.yamal158@outlook.com;NULL;NULL;30;319;15550000.00;central;TRUE;0;NULL;NULL;NULL;NULL;NULL;NULL;NULL;NULL;NULL
10000159-4;Harry 'Ultracaballero' Güler Vidal;10-03-81;Portuguesa;56950034892;harry.güler159@hotmail.com;NULL;NULL;32;321;10850000.00;arquero;TRUE;0;NULL;NULL;NULL;NULL;NULL;NULL;NULL;NULL;NULL
10000160-8;Humberto 'Ultratitán' Figueroa Isla;23-09-76;Colombiana;56929643322;humberto.figueroa160@yahoo.com;NULL;NULL;21;324;12050000.00;delantero;TRUE;0;NULL;NULL;NULL;NULL;NULL;NULL;NULL;NULL;NULL
10000161-6;Cristian 'Rayo' Yamal Dybala;24-01-72;Inglesa;56961171499;cristian.yamal161@gmail.com;NULL;NULL;27;323;7350000.00;delantero;TRUE;0;NULL;NULL;NULL;NULL;NULL;NULL;NULL;NULL;NULL
10000162-4;Javier 'Megaescarabajo' Galdames Caszely;23-06-89;Portuguesa;56972579092;javier.galdames162@hotmail.com;NULL;NULL;17;319;2600000.00;defensa;TRUE;0;NULL;NULL;NULL;NULL;NULL;NULL;NULL;NULL;NULL
10000163-2;Andrés 'Granduende' Lewandowski Kroos;13-11-93;Chilena;56955853180;andres.lewandowski163@uca.cl;NULL;NULL;4;321;4850000.00;delantero;TRUE;0;NULL;NULL;NULL;NULL;NULL;NULL;NULL;NULL;NULL
10000164-0;Juan 'Pichichi' Kroos Castillo;12-11-04;Peruana;56930266499;juan.kroos164@gmail.com;NULL;NULL;31;323;15100000.00;defensa;TRUE;0;NULL;NULL;NULL;NULL;NULL;NULL;NULL;NULL;NULL
10000165-9;Luis 'Sanvikingo' Flores Riquelme;16-07-84;Brasileña;56998805667;luis.flores165@hotmail.com;NULL;NULL;28;322;6000000.00;central;TRUE;0;NULL;NULL;NULL;NULL;NULL;NULL;NULL;NULL;NULL
10000166-7;Marcelo 'Lince' Maripán Caszely;31-03-96;Brasileña;56938691089;marcelo.maripan166@hotmail.com;NULL;NULL;25;320;10600000.00;arquero;TRUE;0;NULL;NULL;NULL;NULL;NULL;NULL;NULL;NULL;NULL
10000167-5;Gonzalo 'Sanemperador' Rodríguez Isla;25-03-73;Colombiana;56948123287;gonzalo.rodriguez167@outlook.com;NULL;NULL;23;319;12050000.00;central;TRUE;0;NULL;NULL;NULL;NULL;NULL;NULL;NULL;NULL;NULL
10000168-3;Santino 'Megacometa' Pizarro Reyes;29-12-93;Uruguaya;56910866316;santino.pizarro168@uca.cl;NULL;NULL;16;319;7000000.00;delantero;TRUE;0;NULL;NULL;NULL;NULL;NULL;NULL;NULL;NULL;NULL
10000169-1;Pedri 'Supercañón' Vargas Maripán;30-06-84;Colombiana;56914602233;pedri.vargas169@usach.cl;NULL;NULL;14;322;10300000.00;defensa;TRUE;0;NULL;NULL;NULL;NULL;NULL;NULL;NULL;NULL;NULL
10000170-5;Agustín 'Gransatélite' Vásquez Beausejour;02-07-94;Española;56933696220;agustin.vasquez170@usach.cl;NULL;NULL;14;322;12300000.00;central;TRUE;0;NULL;NULL;NULL;NULL;NULL;NULL;NULL;NULL;NULL
10000171-3;Jaime 'Masterrey' Contreras Riquelme;27-01-94;Alemana;56972288167;jaime.contreras171@uca.cl;NULL;NULL;18;324;13650000.00;delantero;TRUE;0;NULL;NULL;NULL;NULL;NULL;NULL;NULL;NULL;NULL
10000172-1;Eduardo 'Granlanza' Neuer Benzema;07-04-03;Italiana;56941559022;eduardo.neuer172@usach.cl;NULL;NULL;12;320;8500000.00;central;TRUE;0;NULL;NULL;NULL;NULL;NULL;NULL;NULL;NULL;NULL
10000173-K;Gastón 'Sanhechicero' Valenzuela Nuñez;15-06-76;Francesa;56936464203;gaston.valenzuela173@usach.cl;NULL;NULL;13;320;12800000.00;defensa;TRUE;0;NULL;NULL;NULL;NULL;NULL;NULL;NULL;NULL;NULL
10000174-8;Robert 'Hypersombra' Nuñez Ronaldo;25-12-94;Italiana;56997315796;robert.nunez174@puc.cl;NULL;NULL;12;320;10750000.00;defensa;TRUE;0;NULL;NULL;NULL;NULL;NULL;NULL;NULL;NULL;NULL
10000175-6;José 'Superbúho' Martínez Cortés;12-09-92;Chilena;56957489249;jose.martinez175@yahoo.com;NULL;NULL;30;319;6850000.00;defensa;TRUE;0;NULL;NULL;NULL;NULL;NULL;NULL;NULL;NULL;NULL
10000176-4;Esteban 'Mastervíbora' Rojas Maripán;20-10-76;Colombiana;56955255930;esteban.rojas176@hotmail.com;NULL;NULL;26;324;12650000.00;defensa;TRUE;0;NULL;NULL;NULL;NULL;NULL;NULL;NULL;NULL;NULL
10000177-2;Luka 'Hyperfideo' Medel Sepúlveda;19-11-85;Colombiana;56996480879;luka.medel177@hotmail.com;NULL;NULL;15;319;12250000.00;delantero;TRUE;0;NULL;NULL;NULL;NULL;NULL;NULL;NULL;NULL;NULL
10000178-0;Erling 'Masterrinoceronte' Haaland Valdés;20-02-72;Española;56955310799;erling.haaland178@usach.cl;NULL;NULL;29;326;13650000.00;defensa;TRUE;0;NULL;NULL;NULL;NULL;NULL;NULL;NULL;NULL;NULL
10000179-9;Jorge 'Pitón' Galdames Jara;07-06-81;Inglesa;56946548339;jorge.galdames179@uca.cl;NULL;NULL;28;322;9550000.00;defensa;TRUE;0;NULL;NULL;NULL;NULL;NULL;NULL;NULL;NULL;NULL
10000180-2;Bastián 'Sanminotauro' Nuñez Contreras;20-06-80;Francesa;56922972806;bastian.nunez180@usach.cl;NULL;NULL;14;322;13750000.00;defensa;TRUE;0;NULL;NULL;NULL;NULL;NULL;NULL;NULL;NULL;NULL
10000181-0;Santino 'Superaraña' Maripán Araya;12-10-84;Chilena;56978641008;santino.maripan181@hotmail.com;NULL;NULL;12;320;14050000.00;arquero;TRUE;0;NULL;NULL;NULL;NULL;NULL;NULL;NULL;NULL;NULL
10000182-9;Mauricio 'Supertiburón' Jara Martínez;03-05-95;Peruana;56916654064;mauricio.jara182@uca.cl;NULL;NULL;27;323;8950000.00;defensa;FALSE;1;NULL;NULL;NULL;NULL;NULL;NULL;NULL;NULL;NULL
10000183-7;Luka 'Superpalote' Mendoza Flores;02-03-96;Española;56971897182;luka.mendoza183@outlook.com;NULL;NULL;18;324;5550000.00;defensa;TRUE;0;NULL;NULL;NULL;NULL;NULL;NULL;NULL;NULL;NULL
10000184-5;Pablo 'Ultrahuaso' López Haaland;06-12-74;Italiana;56959079348;pablo.lopez184@yahoo.com;NULL;NULL;22;323;12450000.00;defensa;TRUE;0;NULL;NULL;NULL;NULL;NULL;NULL;NULL;NULL;NULL
10000185-3;Marcelo 'Titán' Isla Ramos;05-05-81;Colombiana;56935824195;marcelo.isla185@usach.cl;NULL;NULL;9;325;7250000.00;arquero;TRUE;0;NULL;NULL;NULL;NULL;NULL;NULL;NULL;NULL;NULL
10000186-1;Gavi 'Ultralince' Di María Lewandowski;25-09-80;Española;56984631434;gavi.di maria186@hotmail.com;NULL;NULL;9;325;7550000.00;defensa;TRUE;0;NULL;NULL;NULL;NULL;NULL;NULL;NULL;NULL;NULL
10000187-K;Daniel 'Dongaláctico' Lukaku Ronaldo;19-06-79;Brasileña;56956106532;daniel.lukaku187@gmail.com;NULL;NULL;27;323;13900000.00;defensa;TRUE;0;NULL;NULL;NULL;NULL;NULL;NULL;NULL;NULL;NULL
10000188-8;Sebastián 'Hyperavispa' Maradona Haaland;05-03-79;Española;56927711337;sebastian.maradona188@uca.cl;NULL;NULL;33;322;4200000.00;defensa;TRUE;0;NULL;NULL;NULL;NULL;NULL;NULL;NULL;NULL;NULL
10000189-6;Ezequiel 'Donchacal' Silva Rojas;12-05-89;Alemana;56976436410;ezequiel.silva189@usach.cl;NULL;NULL;16;319;5050000.00;central;TRUE;0;NULL;NULL;NULL;NULL;NULL;NULL;NULL;NULL;NULL
10000190-K;Álvaro 'Monarca' Rivera Paredes;17-05-87;Argentina;56944865724;alvaro.rivera190@gmail.com;NULL;NULL;25;320;14450000.00;central;TRUE;0;NULL;NULL;NULL;NULL;NULL;NULL;NULL;NULL;NULL
10000191-8;Robert 'Granhalcón' Ronaldo De Bruyne;26-03-76;Argentina;56997291318;robert.ronaldo191@outlook.com;NULL;NULL;28;322;10500000.00;central;TRUE;0;NULL;NULL;NULL;NULL;NULL;NULL;NULL;NULL;NULL
10000192-6;Sergio 'Gransoldado' Figueroa Rojas;08-09-71;Chilena;56968038168;sergio.figueroa192@yahoo.com;NULL;NULL;28;322;6350000.00;delantero;TRUE;0;NULL;NULL;NULL;NULL;NULL;NULL;NULL;NULL;NULL
10000193-4;Thiago 'Ultracometa' Rodríguez Suazo;30-05-81;Portuguesa;56985094319;thiago.rodriguez193@hotmail.com;NULL;NULL;2;322;4300000.00;arquero;TRUE;0;NULL;NULL;NULL;NULL;NULL;NULL;NULL;NULL;NULL
10000194-2;Enzo 'Megaminotauro' Contreras Dybala;17-10-79;Colombiana;56945874012;enzo.contreras194@yahoo.com;NULL;NULL;29;326;6800000.00;arquero;TRUE;0;NULL;NULL;NULL;NULL;NULL;NULL;NULL;NULL;NULL
10000195-0;Eduardo 'Ultraninja' Ronaldo Cavani;13-11-93;Alemana;56965953646;eduardo.ronaldo195@yahoo.com;NULL;NULL;19;322;11350000.00;central;TRUE;0;NULL;NULL;NULL;NULL;NULL;NULL;NULL;NULL;NULL
10000196-9;Ignacio 'Granleón' Suárez Castillo;25-04-93;Argentina;56923509965;ignacio.suarez196@usach.cl;NULL;NULL;16;319;6300000.00;defensa;TRUE;0;NULL;NULL;NULL;NULL;NULL;NULL;NULL;NULL;NULL
10000197-7;Johnny 'Superkaiser' Güler Vásquez;16-05-91;Brasileña;56913055814;johnny.güler197@yahoo.com;NULL;NULL;8;321;13800000.00;defensa;TRUE;0;NULL;NULL;NULL;NULL;NULL;NULL;NULL;NULL;NULL
10000198-5;Agustín 'Chapa' Rojas Reyes;11-11-83;Inglesa;4611438;agustin.rojas198@usach.cl;NULL;NULL;7;320;2500000.00;delantero;FALSE;2;NULL;NULL;NULL;NULL;NULL;NULL;NULL;NULL;NULL
10000199-3;Santiago 'Sancosmos' Nuñez Kane;26-02-84;Peruana;56928930664;santiago.nunez199@yahoo.com;NULL;NULL;18;324;14000000.00;defensa;TRUE;0;NULL;NULL;NULL;NULL;NULL;NULL;NULL;NULL;NULL
10000200-0;Gary 'Jaguar' Rojas Saavedra;11-03-88;Alemana;56975144964;gary.rojas200@outlook.com;NULL;NULL;33;322;9250000.00;central;TRUE;0;NULL;NULL;NULL;NULL;NULL;NULL;NULL;NULL;NULL
10000201-9;Pedro 'Ultraescarabajo' Gutiérrez Rodri;22-04-02;Argentina;56994234058;pedro.gutierrez201@gmail.com;NULL;NULL;29;326;14500000.00;central;TRUE;0;NULL;NULL;NULL;NULL;NULL;NULL;NULL;NULL;NULL
10000202-7;Jean 'Megaavispón' Saavedra Vergara;08-05-81;Portuguesa;56915226120;jean.saavedra202@puc.cl;NULL;NULL;31;323;6050000.00;central;TRUE;0;NULL;NULL;NULL;NULL;NULL;NULL;NULL;NULL;NULL
10000203-5;Bastián 'Megadoctor' Haaland Pizarro;15-07-75;Colombiana;56913364024;bastian.haaland203@usach.cl;NULL;NULL;23;319;10950000.00;delantero;TRUE;0;NULL;NULL;NULL;NULL;NULL;NULL;NULL;NULL;NULL
10000204-3;Paulo 'Hyperdepredador' De Bruyne Vergara;18-11-89;Colombiana;56992524884;paulo.de bruyne204@usach.cl;NULL;NULL;32;321;11300000.00;central;TRUE;0;NULL;NULL;NULL;NULL;NULL;NULL;NULL;NULL;NULL
10000205-1;Robert 'Sancaimán' Tapia Gutiérrez;03-01-81;Inglesa;56939271325;robert.tapia205@outlook.com;NULL;NULL;34;319;5350000.00;delantero;TRUE;0;NULL;NULL;NULL;NULL;NULL;NULL;NULL;NULL;NULL
10000206-K;Gastón 'Hypertorpedo' Messi Pérez;31-05-70;Brasileña;56952268090;gaston.messi206@outlook.com;NULL;NULL;21;324;6250000.00;central;TRUE;0;NULL;NULL;NULL;NULL;NULL;NULL;NULL;NULL;NULL
10000207-8;Matias 'Matador' Rivera Torres;25-04-82;Brasileña;56967605984;matias.rivera207@puc.cl;NULL;NULL;14;322;6550000.00;arquero;TRUE;0;NULL;NULL;NULL;NULL;NULL;NULL;NULL;NULL;NULL
10000208-6;Felipe 'Donleón' Gómez Ronaldo;12-09-05;Uruguaya;56996565172;felipe.gomez208@gmail.com;NULL;NULL;35;319;15000000.00;defensa;TRUE;0;NULL;NULL;NULL;NULL;NULL;NULL;NULL;NULL;NULL
10000209-4;Arturo 'Masterhormiga' Díaz Isla;09-01-75;Brasileña;56937922627;arturo.diaz209@puc.cl;NULL;NULL;4;321;8450000.00;defensa;TRUE;0;NULL;NULL;NULL;NULL;NULL;NULL;NULL;NULL;NULL
10000210-8;Ronaldo 'Hypercaballero' Castro Jara;24-10-87;Alemana;56965569268;ronaldo.castro210@uca.cl;NULL;NULL;20;324;11650000.00;delantero;TRUE;0;NULL;NULL;NULL;NULL;NULL;NULL;NULL;NULL;NULL
10000211-6;Alexis 'Mastertornado' Salas Di María;12-09-00;Española;56980169428;alexis.salas211@yahoo.com;NULL;NULL;20;324;9800000.00;delantero;TRUE;0;NULL;NULL;NULL;NULL;NULL;NULL;NULL;NULL;NULL
10000212-4;Santino 'Mastermariscal' Hernández Sepúlveda;02-08-85;Argentina;56985750729;santino.hernandez212@puc.cl;NULL;NULL;29;326;13300000.00;central;TRUE;0;NULL;NULL;NULL;NULL;NULL;NULL;NULL;NULL;NULL
10000213-2;Thomas 'Superhalcón' Álvarez González;12-04-74;Colombiana;56951193542;thomas.alvarez213@puc.cl;NULL;NULL;12;320;15850000.00;defensa;TRUE;0;NULL;NULL;NULL;NULL;NULL;NULL;NULL;NULL;NULL
10000214-0;Matías 'Cometa' Gómez Kane;05-11-98;Chilena;56955904571;matias.gomez214@uca.cl;NULL;NULL;11;320;9300000.00;defensa;TRUE;0;NULL;NULL;NULL;NULL;NULL;NULL;NULL;NULL;NULL
10000215-9;Alejandro 'Hyperkaiser' Müller Yamal;25-05-71;Brasileña;56968697882;alejandro.müller215@usach.cl;NULL;NULL;10;319;5250000.00;central;TRUE;0;NULL;NULL;NULL;NULL;NULL;NULL;NULL;NULL;NULL
10000216-7;Francisco 'Ingeniero' González Kane;09-10-77;Brasileña;56992290474;francisco.gonzalez216@usach.cl;NULL;NULL;39;324;10600000.00;central;TRUE;0;NULL;NULL;NULL;NULL;NULL;NULL;NULL;NULL;NULL
10000217-5;Martín 'Superáguila' Gómez Modric;09-09-76;Italiana;56959617527;martin.gomez217@hotmail.com;NULL;NULL;17;319;6150000.00;arquero;TRUE;0;NULL;NULL;NULL;NULL;NULL;NULL;NULL;NULL;NULL
10000218-3;Pedri 'Masterkaiser' Castillo Bravo;08-09-81;Brasileña;56986852417;pedri.castillo218@hotmail.com;NULL;NULL;12;320;5700000.00;delantero;TRUE;0;NULL;NULL;NULL;NULL;NULL;NULL;NULL;NULL;NULL
10000219-1;Karim 'Donfaraón' Yamal Haaland;28-01-03;Argentina;56920130237;karim.yamal219@puc.cl;NULL;NULL;3;323;10250000.00;central;TRUE;0;NULL;NULL;NULL;NULL;NULL;NULL;NULL;NULL;NULL
10000220-5;Agustín 'Sanvozinha' Pulgar Güler;03-07-77;Colombiana;56915064784;agustin.pulgar220@gmail.com;NULL;NULL;27;323;13500000.00;central;TRUE;0;NULL;NULL;NULL;NULL;NULL;NULL;NULL;NULL;NULL
10000221-3;Gavi 'Megaespartano' Flores Beausejour;04-03-87;Argentina;56930837541;gavi.flores221@outlook.com;NULL;NULL;24;321;10350000.00;defensa;TRUE;0;NULL;NULL;NULL;NULL;NULL;NULL;NULL;NULL;NULL
10000222-1;Jorge 'Pantera' Benzema Carrasco;01-12-74;Chilena;56974299301;jorge.benzema222@hotmail.com;NULL;NULL;26;324;11350000.00;defensa;FALSE;2;NULL;NULL;NULL;NULL;NULL;NULL;NULL;NULL;NULL
10000223-K;Álvaro 'Donmuralla' Maripán De Bruyne;21-02-75;Uruguaya;56955393045;alvaro.maripan223@usach.cl;NULL;NULL;8;321;12350000.00;defensa;TRUE;0;NULL;NULL;NULL;NULL;NULL;NULL;NULL;NULL;NULL
10000224-8;Ezequiel 'Granhormiga' Espinoza Figueroa;24-09-73;Peruana;56920568872;ezequiel.espinoza224@@puc.cl;NULL;NULL;28;322;13350000.00;defensa;TRUE;0;NULL;NULL;NULL;NULL;NULL;NULL;NULL;NULL;NULL
10000225-6;Alejandro 'Masterbarón' Neuer Kroos;17-10-99;Italiana;56945968372;alejandro.neuer225@gmail.com;NULL;NULL;22;323;2300000.00;arquero;TRUE;0;NULL;NULL;NULL;NULL;NULL;NULL;NULL;NULL;NULL
10000226-4;Santino 'Hypergrifo' Rodri Caszely;15-08-79;Peruana;56979700187;santino.rodri226@usach.cl;NULL;NULL;8;321;4800000.00;defensa;TRUE;0;NULL;NULL;NULL;NULL;NULL;NULL;NULL;NULL;NULL
10000227-2;Pelé 'Sansombra' Kroos Contreras;20-06-78;Chilena;56948807674;pele.kroos227@puc.cl;NULL;NULL;14;322;2300000.00;central;TRUE;0;NULL;NULL;NULL;NULL;NULL;NULL;NULL;NULL;NULL
10000228-0;Enzo 'Donjefe' Bustos Vinicius;19-03-95;Portuguesa;56952813481;enzo.bustos228@puc.cl;NULL;NULL;21;324;12250000.00;arquero;TRUE;0;NULL;NULL;NULL;NULL;NULL;NULL;NULL;NULL;NULL
10000229-9;Paulo 'Masterdepredador' Mbappe Espinoza;15-12-04;Colombiana;56981799678;paulo.mbappe229@hotmail.com;NULL;NULL;40;323;10300000.00;central;TRUE;0;NULL;NULL;NULL;NULL;NULL;NULL;NULL;NULL;NULL
10000230-2;Alexis 'Masterespartano' Cortés Cortés;15-05-70;Brasileña;56955734139;alexis.cortes230@yahoo.com;NULL;NULL;36;325;6800000.00;central;TRUE;0;NULL;NULL;NULL;NULL;NULL;NULL;NULL;NULL;NULL
10000231-0;Gavi 'Ultradepredador' Aránguiz Mbappe;07-02-03;Colombiana;56935588255;gavi.aranguiz231@puc.cl;NULL;NULL;8;321;8300000.00;delantero;TRUE;0;NULL;NULL;NULL;NULL;NULL;NULL;NULL;NULL;NULL
10000232-9;Oscar 'Mastergladiador' Vinicius Bravo;04-02-92;Italiana;56939953327;oscar.vinicius232@puc.cl;NULL;NULL;2;322;3300000.00;defensa;TRUE;0;NULL;NULL;NULL;NULL;NULL;NULL;NULL;NULL;NULL
10000233-7;Zinedine 'Megaalmirante' Dybala Bravo;16-09-92;Argentina;56992833617;zinedine.dybala233@hotmail.com;NULL;NULL;10;319;5750000.00;delantero;TRUE;0;NULL;NULL;NULL;NULL;NULL;NULL;NULL;NULL;NULL
10000234-5;Joaquín 'Granmisil' Müller Beausejour;29-07-92;Uruguaya;56951500955;joaquin.müller234@usach.cl;NULL;NULL;22;323;12400000.00;central;TRUE;0;NULL;NULL;NULL;NULL;NULL;NULL;NULL;NULL;NULL
10000235-3;Tomás 'Hypercrack' Müller Rodri;19-04-78;Peruana;56947874706;tomas.müller235@puc.cl;NULL;NULL;36;325;13150000.00;arquero;TRUE;0;NULL;NULL;NULL;NULL;NULL;NULL;NULL;NULL;NULL
10000236-1;Lucas 'Ultraalmirante' Silva Kroos;27-01-83;Alemana;56978943299;lucas.silva236@puc.cl;NULL;NULL;21;324;7200000.00;defensa;TRUE;0;NULL;NULL;NULL;NULL;NULL;NULL;NULL;NULL;NULL
10000237-K;Pedro 'Donninja' Díaz Gutiérrez;22-07-88;Alemana;56934611994;pedro.diaz237@gmail.com;NULL;NULL;27;323;13750000.00;delantero;TRUE;0;NULL;NULL;NULL;NULL;NULL;NULL;NULL;NULL;NULL
10000238-8;Gabriel 'Masterroca' Valdivia Lewandowski;27-06-01;Portuguesa;56973077096;gabriel.valdivia238@puc.cl;NULL;NULL;14;322;5250000.00;defensa;FALSE;2;NULL;NULL;NULL;NULL;NULL;NULL;NULL;NULL;NULL
10000239-6;Cristian 'Dongeneral' Tapia Toselli;11-12-88;Brasileña;56955245299;cristian.tapia239@yahoo.com;NULL;NULL;29;326;9100000.00;central;FALSE;1;NULL;NULL;NULL;NULL;NULL;NULL;NULL;NULL;NULL
10000240-K;Cristiano 'Megahechicero' Haaland Álvarez;10-09-02;Peruana;56948316157;cristiano.haaland240@yahoo.com;NULL;NULL;10;319;6050000.00;defensa;TRUE;0;NULL;NULL;NULL;NULL;NULL;NULL;NULL;NULL;NULL
10000241-8;Francisco 'Donpichichi' Rojas Soto;28-02-74;Uruguaya;56968652187;francisco.rojas241@hotmail.com;NULL;NULL;25;320;7050000.00;delantero;TRUE;0;NULL;NULL;NULL;NULL;NULL;NULL;NULL;NULL;NULL
10000242-6;Paulo 'Supermago' Vidal Flores;11-10-01;Española;56978830925;paulo.vidal242@usach.cl;NULL;NULL;10;319;11850000.00;central;TRUE;0;NULL;NULL;NULL;NULL;NULL;NULL;NULL;NULL;NULL
10000243-4;Zinedine 'Supercacique' Reyes Müller;16-07-91;Uruguaya;56924580994;zinedine.reyes243@puc.cl;NULL;NULL;21;324;3200000.00;delantero;TRUE;0;NULL;NULL;NULL;NULL;NULL;NULL;NULL;NULL;NULL
10000244-2;Lautaro 'Sancocodrilo' Rodríguez López;20-06-76;Peruana;56989867245;lautaro.rodriguez244@puc.cl;NULL;NULL;12;320;7150000.00;defensa;TRUE;0;NULL;NULL;NULL;NULL;NULL;NULL;NULL;NULL;NULL
10000245-0;Tomás 'Grandragón' Ronaldo Díaz;22-12-70;Brasileña;56981174612;tomas.ronaldo245@usach.cl;NULL;NULL;3;323;6450000.00;arquero;TRUE;0;NULL;NULL;NULL;NULL;NULL;NULL;NULL;NULL;NULL
10000246-9;José 'Sanprofesor' Modric Tapia;10-08-83;Chilena;56958516575;jose.modric246@@gmail.com;NULL;NULL;39;324;14900000.00;defensa;TRUE;0;NULL;NULL;NULL;NULL;NULL;NULL;NULL;NULL;NULL
10000247-7;Jaime 'Apache' Martínez Cortés;19-04-85;Uruguaya;56952914512;jaime.martinez247@usach.cl;NULL;NULL;9;325;4600000.00;defensa;TRUE;0;NULL;NULL;NULL;NULL;NULL;NULL;NULL;NULL;NULL
10000248-5;Daniel 'Hypermago' Contreras Modric;03-05-80;Colombiana;56988758791;daniel.contreras248@hotmail.com;NULL;NULL;12;320;11250000.00;defensa;TRUE;0;NULL;NULL;NULL;NULL;NULL;NULL;NULL;NULL;NULL
10000249-3;Johnny 'Granpulga' Pérez Espinoza;27-05-81;Francesa;56937122066;johnny.perez249@hotmail.com;NULL;NULL;21;324;9300000.00;central;TRUE;0;NULL;NULL;NULL;NULL;NULL;NULL;NULL;NULL;NULL
10000250-7;Romelu 'Gato' Flores González;21-01-82;Inglesa;56944125371;romelu.flores250@uca.cl;NULL;NULL;6;325;14100000.00;defensa;TRUE;0;NULL;NULL;NULL;NULL;NULL;NULL;NULL;NULL;NULL
10000251-5;Johnny 'Grancocodrilo' Ronaldo Vásquez;28-06-77;Chilena;56953257011;johnny.ronaldo251@outlook.com;NULL;NULL;5;322;9650000.00;defensa;TRUE;0;NULL;NULL;NULL;NULL;NULL;NULL;NULL;NULL;NULL
10000252-3;Álvaro 'Masterpalote' Valdivia Mbappe;15-04-82;Portuguesa;56916842611;alvaro.valdivia252@outlook.com;NULL;NULL;1;326;8100000.00;central;TRUE;0;NULL;NULL;NULL;NULL;NULL;NULL;NULL;NULL;NULL
10000253-1;Manuel 'Hypersha' Bravo Saavedra;04-03-81;Alemana;56978801398;manuel.bravo253@puc.cl;NULL;NULL;14;322;12000000.00;defensa;TRUE;0;NULL;NULL;NULL;NULL;NULL;NULL;NULL;NULL;NULL
10000254-K;Matias 'Comisario' De Bruyne Benzema;21-03-00;Uruguaya;56990135489;matias.de bruyne254@yahoo.com;NULL;NULL;32;321;10350000.00;arquero;TRUE;0;NULL;NULL;NULL;NULL;NULL;NULL;NULL;NULL;NULL
10000255-8;Erick 'Masterpuntero' Mendoza Suárez;16-10-89;Chilena;56914113634;erick.mendoza255@hotmail.com;NULL;NULL;7;320;15400000.00;defensa;TRUE;0;NULL;NULL;NULL;NULL;NULL;NULL;NULL;NULL;NULL
10000256-6;Vicente 'Doncoto' Aránguiz Alvarez;27-02-71;Chilena;56955120679;vicente.aranguiz256@uca.cl;NULL;NULL;15;319;15050000.00;arquero;TRUE;0;NULL;NULL;NULL;NULL;NULL;NULL;NULL;NULL;NULL
10000257-4;Kevin 'Hypertanque' López Galdames;02-08-74;Peruana;56934668751;kevin.lopez257@uca.cl;NULL;NULL;6;325;2750000.00;central;TRUE;0;NULL;NULL;NULL;NULL;NULL;NULL;NULL;NULL;NULL
10000258-2;Jorge 'Hyperpuntero' López Messi;20-04-05;Inglesa;56945052383;jorge.lopez258@gmail.com;NULL;NULL;39;324;8000000.00;defensa;TRUE;0;NULL;NULL;NULL;NULL;NULL;NULL;NULL;NULL;NULL
10000259-0;Daniel 'Doncohete' Ramos González;19-07-92;Francesa;56979771978;daniel.ramos259@gmail.com;NULL;NULL;6;325;6000000.00;delantero;TRUE;0;NULL;NULL;NULL;NULL;NULL;NULL;NULL;NULL;NULL
10000260-4;Charles 'Pistolero' Salas Rodríguez;15-10-01;Inglesa;56990438907;charles.salas260@outlook.com;NULL;NULL;15;319;2900000.00;delantero;FALSE;2;NULL;NULL;NULL;NULL;NULL;NULL;NULL;NULL;NULL
10000261-2;Ronaldo 'Ciclón' Rivera Bustos;03-05-88;Argentina;56934449448;ronaldo.rivera261@yahoo.com;NULL;NULL;19;322;6300000.00;delantero;TRUE;0;NULL;NULL;NULL;NULL;NULL;NULL;NULL;NULL;NULL
10000262-0;Thomas 'Santitán' Dybala Caszely;15-11-95;Italiana;56957160809;thomas.dybala262@uca.cl;NULL;NULL;22;323;2750000.00;defensa;TRUE;0;NULL;NULL;NULL;NULL;NULL;NULL;NULL;NULL;NULL
10000263-9;Alejandro 'Hyperpájaro' Toselli Castillo;25-08-83;Italiana;56944091390;alejandro.toselli263@puc.cl;NULL;NULL;25;320;3550000.00;central;TRUE;0;NULL;NULL;NULL;NULL;NULL;NULL;NULL;NULL;NULL
10000264-7;Julian 'Megadepredador' Espinoza Pulgar;19-08-04;Chilena;56955048903;julian.espinoza264@gmail.com;NULL;NULL;25;320;12750000.00;defensa;TRUE;0;NULL;NULL;NULL;NULL;NULL;NULL;NULL;NULL;NULL
10000265-5;Lamine 'Huaso' Rivera Fernández;26-03-84;Uruguaya;56956153957;lamine.rivera265@outlook.com;NULL;NULL;37;323;4150000.00;central;TRUE;0;NULL;NULL;NULL;NULL;NULL;NULL;NULL;NULL;NULL
10000266-3;Bautista 'Grangenio' Silva Caszely;05-01-93;Brasileña;56990036774;bautista.silva266@yahoo.com;NULL;NULL;33;322;3150000.00;central;TRUE;0;NULL;NULL;NULL;NULL;NULL;NULL;NULL;NULL;NULL
10000267-1;Facundo 'Doncuervo' López Di María;06-05-76;Colombiana;56958153558;facundo.lopez267@hotmail.com;NULL;NULL;34;319;7750000.00;central;TRUE;0;NULL;NULL;NULL;NULL;NULL;NULL;NULL;NULL;NULL
10000268-K;Gonzalo 'Dontitán' Mendoza Vargas;25-05-74;Inglesa;56941701404;gonzalo.mendoza268@hotmail.com;NULL;NULL;25;320;4900000.00;defensa;TRUE;0;NULL;NULL;NULL;NULL;NULL;NULL;NULL;NULL;NULL
10000269-8;Gastón 'Megarayo' Isla Mbappe;29-05-04;Chilena;56968514199;gaston.isla269@hotmail.com;NULL;NULL;4;321;4450000.00;delantero;TRUE;0;NULL;NULL;NULL;NULL;NULL;NULL;NULL;NULL;NULL
10000270-1;Facundo 'Sancacique' Araya Valverde;15-06-97;Brasileña;56939372648;facundo.araya270@usach.cl;NULL;NULL;28;322;12200000.00;central;TRUE;0;NULL;NULL;NULL;NULL;NULL;NULL;NULL;NULL;NULL
10000271-K;Erling 'Supercometa' Gutiérrez Castro;25-06-85;Chilena;56991965236;erling.gutierrez271@gmail.com;NULL;NULL;26;324;9350000.00;central;TRUE;0;NULL;NULL;NULL;NULL;NULL;NULL;NULL;NULL;NULL
10000272-8;Jaime 'Dongato' Vergara De Bruyne;19-09-83;Peruana;56999121658;jaime.vergara272@outlook.com;NULL;NULL;22;323;2850000.00;central;TRUE;0;NULL;NULL;NULL;NULL;NULL;NULL;NULL;NULL;NULL
10000273-6;Ezequiel 'Megarinoceronte' Ramos Paredes;04-12-80;Brasileña;56971208913;ezequiel.ramos273@hotmail.com;NULL;NULL;33;322;10950000.00;central;TRUE;0;NULL;NULL;NULL;NULL;NULL;NULL;NULL;NULL;NULL
10000274-4;Luis 'Supercobra' Beausejour Araya;15-06-93;Francesa;56983451184;luis.beausejour274@gmail.com;NULL;NULL;19;322;11900000.00;central;TRUE;0;NULL;NULL;NULL;NULL;NULL;NULL;NULL;NULL;NULL
10000275-2;Charles 'Masterpájaro' Modric Fuentes;08-08-99;Española;56940077424;charles.modric275@yahoo.com;NULL;NULL;32;321;2450000.00;defensa;TRUE;0;NULL;NULL;NULL;NULL;NULL;NULL;NULL;NULL;NULL
10000276-0;Esteban 'Hypercuervo' Sepúlveda Galdames;17-11-91;Francesa;56924680070;esteban.sepulveda276@outlook.com;NULL;NULL;35;319;11300000.00;arquero;TRUE;0;NULL;NULL;NULL;NULL;NULL;NULL;NULL;NULL;NULL
10000277-9;Juan 'Megacaballero' Mbappe Ramos;28-06-05;Peruana;56951096073;juan.mbappe277@hotmail.com;NULL;NULL;17;319;6350000.00;central;TRUE;0;NULL;NULL;NULL;NULL;NULL;NULL;NULL;NULL;NULL
10000278-7;Antoine 'Donchapa' Reyes Vergara;05-04-94;Colombiana;56910229735;antoine.reyes278@puc.cl;NULL;NULL;18;324;12100000.00;central;TRUE;0;NULL;NULL;NULL;NULL;NULL;NULL;NULL;NULL;NULL
10000279-5;Lucas 'Megacentauro' Fernández Hernández;18-08-85;Chilena;56999195743;lucas.fernandez279@gmail.com;NULL;NULL;7;320;8500000.00;central;TRUE;0;NULL;NULL;NULL;NULL;NULL;NULL;NULL;NULL;NULL
10000280-9;Zinedine 'Superrayo' Espinoza Pizarro;06-03-84;Alemana;56926584836;zinedine.espinoza280@outlook.com;NULL;NULL;28;322;10600000.00;central;TRUE;0;NULL;NULL;NULL;NULL;NULL;NULL;NULL;NULL;NULL
10000281-7;Felipe 'Hyperchapa' Mendoza Castro;28-09-99;Peruana;56959378720;felipe.mendoza281@yahoo.com;NULL;NULL;27;323;11850000.00;defensa;TRUE;0;NULL;NULL;NULL;NULL;NULL;NULL;NULL;NULL;NULL
10000282-5;Rodrigo 'Supercomisario' Toselli Vargas;22-06-72;Chilena;56968628480;rodrigo.toselli282@yahoo.com;NULL;NULL;13;320;4250000.00;defensa;TRUE;0;NULL;NULL;NULL;NULL;NULL;NULL;NULL;NULL;NULL
10000283-3;Vicente 'Hyperbambino' Suárez Haaland;01-12-90;Francesa;56954529481;vicente.suarez283@uca.cl;NULL;NULL;21;324;15900000.00;delantero;TRUE;0;NULL;NULL;NULL;NULL;NULL;NULL;NULL;NULL;NULL
10000284-1;Sebastián 'Sanrey' Lewandowski Aránguiz;30-05-94;Italiana;56940684603;sebastian.lewandowski284@outlook.com;NULL;NULL;25;320;3650000.00;defensa;TRUE;0;NULL;NULL;NULL;NULL;NULL;NULL;NULL;NULL;NULL
10000285-K;Santino 'Doncacique' Sánchez Di María;22-06-91;Uruguaya;56968316396;santino.sanchez285@puc.cl;NULL;NULL;15;319;2700000.00;central;TRUE;0;NULL;NULL;NULL;NULL;NULL;NULL;NULL;NULL;NULL
10000286-8;Gabriel 'Megapalote' Vidal Pulgar;28-03-92;Colombiana;56961170429;gabriel.vidal286@puc.cl;NULL;NULL;7;320;4500000.00;central;TRUE;0;NULL;NULL;NULL;NULL;NULL;NULL;NULL;NULL;NULL
10000287-6;Tomás 'Ultragladiador' Maradona Flores;26-12-87;Francesa;56947822900;tomas.maradona287@hotmail.com;NULL;NULL;12;320;12300000.00;central;TRUE;0;NULL;NULL;NULL;NULL;NULL;NULL;NULL;NULL;NULL
10000288-4;Marcos 'Grangeneral' Vásquez Mbappe;28-07-80;Colombiana;56928579634;marcos.vasquez288@outlook.com;NULL;NULL;26;324;3150000.00;delantero;TRUE;0;NULL;NULL;NULL;NULL;NULL;NULL;NULL;NULL;NULL
10000289-2;Ezequiel 'Donchupete' Messi Arias;24-08-99;Inglesa;56981548643;ezequiel.messi289@puc.cl;NULL;NULL;24;321;9500000.00;central;TRUE;0;NULL;NULL;NULL;NULL;NULL;NULL;NULL;NULL;NULL
10000290-6;Benjamín 'Ultrachapa' Vidal Griezmann;24-10-80;Inglesa;56956614377;benjamin.vidal290@outlook.com;NULL;NULL;7;320;10950000.00;defensa;TRUE;0;NULL;NULL;NULL;NULL;NULL;NULL;NULL;NULL;NULL
10000291-4;Matías 'Cocodrilo' Castillo Mbappe;18-10-93;Chilena;56935469981;matias.castillo291@usach.cl;NULL;NULL;14;322;8900000.00;arquero;TRUE;0;NULL;NULL;NULL;NULL;NULL;NULL;NULL;NULL;NULL
10000292-2;Gonzalo 'Superavispa' Álvarez Pulgar;15-05-86;Brasileña;56972715377;gonzalo.alvarez292@yahoo.com;NULL;NULL;11;320;13600000.00;delantero;TRUE;0;NULL;NULL;NULL;NULL;NULL;NULL;NULL;NULL;NULL
10000293-0;Javier 'Zorro' Suazo Cavani;21-12-83;Italiana;56934027288;javier.suazo293@uca.cl;NULL;NULL;10;319;10200000.00;defensa;TRUE;0;NULL;NULL;NULL;NULL;NULL;NULL;NULL;NULL;NULL
10000294-9;Vicente 'Mastertorta' Zidane Valenzuela;26-04-73;Colombiana;56918064930;vicente.zidane294@outlook.com;NULL;NULL;19;322;15950000.00;defensa;TRUE;0;NULL;NULL;NULL;NULL;NULL;NULL;NULL;NULL;NULL
10000295-7;Lamine 'Hyperlíder' Muñoz Flores;22-08-92;Italiana;56971575807;lamine.munoz295@uca.cl;NULL;NULL;39;324;6650000.00;defensa;TRUE;0;NULL;NULL;NULL;NULL;NULL;NULL;NULL;NULL;NULL
10000296-5;Esteban 'Grangladiador' Espinoza Lewandowski;29-12-04;Portuguesa;56993047868;esteban.espinoza296@yahoo.com;NULL;NULL;10;319;2750000.00;delantero;TRUE;0;NULL;NULL;NULL;NULL;NULL;NULL;NULL;NULL;NULL
10000297-3;Erick 'Ultrasombra' Arias Kane;29-09-72;Uruguaya;56946658579;erick.arias297@hotmail.com;NULL;NULL;24;321;3400000.00;delantero;TRUE;0;NULL;NULL;NULL;NULL;NULL;NULL;NULL;NULL;NULL
10000298-1;Nicolás 'Superbarón' Fuentes Pizarro;08-11-76;Chilena;56911573517;nicolas.fuentes298@outlook.com;NULL;NULL;34;319;8050000.00;defensa;TRUE;0;NULL;NULL;NULL;NULL;NULL;NULL;NULL;NULL;NULL
10000299-K;Matias 'Sancentauro' Soto Bellingham;04-07-00;Brasileña;56971740627;matias.soto299@yahoo.com;NULL;NULL;25;320;8700000.00;defensa;TRUE;0;NULL;NULL;NULL;NULL;NULL;NULL;NULL;NULL;NULL
10000300-7;Luciano 'Sancohete' De Bruyne Cavani;31-03-05;Alemana;56961694494;luciano.de bruyne300@outlook.com;NULL;NULL;38;319;2250000.00;delantero;TRUE;0;NULL;NULL;NULL;NULL;NULL;NULL;NULL;NULL;NULL
10000301-5;Lionel 'Granjaguar' Di María Messi;19-01-86;Chilena;56912593307;lionel.di maria301@uca.cl;NULL;NULL;11;320;2850000.00;delantero;TRUE;0;NULL;NULL;NULL;NULL;NULL;NULL;NULL;NULL;NULL
10000302-3;Luciano 'Hyperpistola' Haaland Mendoza;10-09-95;Brasileña;56947934680;luciano.haaland302@gmail.com;NULL;NULL;35;319;15400000.00;defensa;TRUE;0;NULL;NULL;NULL;NULL;NULL;NULL;NULL;NULL;NULL
10000303-1;Romelu 'Megapistolero' Contreras Zidane;26-03-93;Española;56950155104;romelu.contreras303@uca.cl;NULL;NULL;14;322;14300000.00;central;TRUE;0;NULL;NULL;NULL;NULL;NULL;NULL;NULL;NULL;NULL
10000304-K;Matias 'Megabrujo' Caszely Espinoza;13-07-82;Peruana;56941002228;matias.caszely304@hotmail.com;NULL;NULL;18;324;6450000.00;defensa;TRUE;0;NULL;NULL;NULL;NULL;NULL;NULL;NULL;NULL;NULL
10000305-8;Raúl 'Grancosmos' Ronaldo Vergara;11-01-89;Colombiana;56961082764;raul.ronaldo305@uca.cl;NULL;NULL;23;319;7500000.00;delantero;TRUE;0;NULL;NULL;NULL;NULL;NULL;NULL;NULL;NULL;NULL
10000306-6;Erling 'Ultraapache' Castillo Ronaldo;05-09-97;Argentina;56990119821;erling.castillo306@puc.cl;NULL;NULL;11;320;9800000.00;central;TRUE;0;NULL;NULL;NULL;NULL;NULL;NULL;NULL;NULL;NULL
10000307-4;Marcos 'Sanmuro' Díaz Alvarez;23-09-96;Inglesa;56958722553;marcos.diaz307@usach.cl;NULL;NULL;16;319;4550000.00;central;TRUE;0;NULL;NULL;NULL;NULL;NULL;NULL;NULL;NULL;NULL
10000308-2;Robert 'Superapache' Salas Medel;24-06-96;Española;56978899320;robert.salas308@usach.cl;NULL;NULL;11;320;6850000.00;defensa;TRUE;0;NULL;NULL;NULL;NULL;NULL;NULL;NULL;NULL;NULL
10000309-0;David 'Superchupete' Espinoza Jara;22-10-78;Española;56918197413;david.espinoza309@usach.cl;NULL;NULL;12;320;13900000.00;central;TRUE;0;NULL;NULL;NULL;NULL;NULL;NULL;NULL;NULL;NULL
10000310-4;Esteban 'Sanmeteoro' Contreras Salah;07-03-99;Alemana;56991778569;esteban.contreras310@hotmail.com;NULL;NULL;23;319;9300000.00;delantero;TRUE;0;NULL;NULL;NULL;NULL;NULL;NULL;NULL;NULL;NULL
10000311-2;Andrés 'Mastermatador' Toselli Di María;26-10-78;Inglesa;56956787378;andres.toselli311@hotmail.com;NULL;NULL;30;319;9000000.00;delantero;TRUE;0;NULL;NULL;NULL;NULL;NULL;NULL;NULL;NULL;NULL
10000312-0;Martín 'Cohete' Ronaldo Benzema;17-03-87;Uruguaya;56925808750;martin.ronaldo312@usach.cl;NULL;NULL;4;321;9950000.00;defensa;TRUE;0;NULL;NULL;NULL;NULL;NULL;NULL;NULL;NULL;NULL
10000313-9;Benjamín 'Mastermago' Álvarez Haaland;05-01-89;Argentina;56964037755;benjamin.alvarez313@uca.cl;NULL;NULL;28;322;5750000.00;delantero;TRUE;0;NULL;NULL;NULL;NULL;NULL;NULL;NULL;NULL;NULL
10000314-7;Guillermo 'Supermuro' Gutiérrez Pizarro;10-10-81;Italiana;56992157720;guillermo.gutierrez314@outlook.com;NULL;NULL;31;323;7000000.00;arquero;TRUE;0;NULL;NULL;NULL;NULL;NULL;NULL;NULL;NULL;NULL
10000315-5;Luka 'Superjefe' De Bruyne Vinicius;12-06-87;Uruguaya;56965909027;luka.de bruyne315@yahoo.com;NULL;NULL;4;321;5250000.00;defensa;TRUE;0;NULL;NULL;NULL;NULL;NULL;NULL;NULL;NULL;NULL
10000316-3;Cristian 'Megalíder' Kane Riquelme;08-07-01;Colombiana;56924603839;cristian.kane316@yahoo.com;NULL;NULL;35;319;4400000.00;central;TRUE;0;NULL;NULL;NULL;NULL;NULL;NULL;NULL;NULL;NULL
10000317-1;Zinedine 'Superleón' Di María Caszely;11-05-75;Alemana;56962090192;zinedine.di maria317@puc.cl;NULL;NULL;38;319;2750000.00;defensa;TRUE;0;NULL;NULL;NULL;NULL;NULL;NULL;NULL;NULL;NULL
10000318-K;Toni 'Ultrapichichi' Maripán Hernández;16-11-77;Argentina;56919573506;toni.maripan318@usach.cl;NULL;NULL;25;320;3050000.00;defensa;FALSE;2;NULL;NULL;NULL;NULL;NULL;NULL;NULL;NULL;NULL
10000319-8;Jaime 'Superdragón' Silva Galdames;16-02-83;Uruguaya;56959678653;jaime.silva319@usach.cl;NULL;NULL;9;325;9400000.00;delantero;TRUE;0;NULL;NULL;NULL;NULL;NULL;NULL;NULL;NULL;NULL
10000320-1;Álvaro 'Dongalaxia' Benzema Castillo;11-07-01;Uruguaya;56978146502;alvaro.benzema320@gmail.com;NULL;NULL;13;320;8700000.00;central;TRUE;0;NULL;NULL;NULL;NULL;NULL;NULL;NULL;NULL;NULL
10000321-K;Cristopher 'Lanza' Cavani Rivera;19-09-77;Alemana;56937000476;cristopher.cavani321@outlook.com;NULL;NULL;32;321;12950000.00;defensa;FALSE;1;NULL;NULL;NULL;NULL;NULL;NULL;NULL;NULL;NULL
10000322-8;Gonzalo 'Megamuro' Carrasco Ramos;23-10-71;Española;56966684646;gonzalo.carrasco322@puc.cl;NULL;NULL;39;324;3100000.00;defensa;TRUE;0;NULL;NULL;NULL;NULL;NULL;NULL;NULL;NULL;NULL
10000323-6;Karim 'Ultratorta' Valenzuela Sánchez;18-04-75;Francesa;56959168704;karim.valenzuela323@uca.cl;NULL;NULL;25;320;9300000.00;delantero;TRUE;0;NULL;NULL;NULL;NULL;NULL;NULL;NULL;NULL;NULL
10000324-4;Diego 'Superninja' Espinoza Messi;22-03-89;Francesa;56917285592;diego.espinoza324@hotmail.com;NULL;NULL;24;321;5850000.00;central;TRUE;0;NULL;NULL;NULL;NULL;NULL;NULL;NULL;NULL;NULL
10000325-2;Lucas 'Grangalaxia' Maripán Gutiérrez;25-06-82;Española;56924937880;lucas.maripan325@puc.cl;NULL;NULL;34;319;10300000.00;defensa;TRUE;0;NULL;NULL;NULL;NULL;NULL;NULL;NULL;NULL;NULL
10000326-0;Ezequiel 'Mastercometa' Lukaku Araya;01-04-97;Inglesa;56936782290;ezequiel.lukaku326@outlook.com;NULL;NULL;22;323;13000000.00;delantero;FALSE;1;NULL;NULL;NULL;NULL;NULL;NULL;NULL;NULL;NULL
10000327-9;Matías 'Donpuma' Castillo Reyes;28-01-79;Peruana;56940957379;matias.castillo327@gmail.com;NULL;NULL;23;319;2900000.00;defensa;TRUE;0;NULL;NULL;NULL;NULL;NULL;NULL;NULL;NULL;NULL
10000328-7;Neymar 'Superlíder' Galdames Torres;30-05-91;Brasileña;56929896101;neymar.galdames328@uca.cl;NULL;NULL;40;323;2800000.00;delantero;TRUE;0;NULL;NULL;NULL;NULL;NULL;NULL;NULL;NULL;NULL
10000329-5;Lamine 'Doncomandante' Lewandowski Griezmann;27-01-72;Portuguesa;56919880848;lamine.lewandowski329@yahoo.com;NULL;NULL;13;320;8850000.00;defensa;TRUE;0;NULL;NULL;NULL;NULL;NULL;NULL;NULL;NULL;NULL
10000330-9;Johnny 'Hyperfénix' Hernández Mendoza;29-07-84;Española;56960883179;johnny.hernandez330@puc.cl;NULL;NULL;19;322;11350000.00;central;TRUE;0;NULL;NULL;NULL;NULL;NULL;NULL;NULL;NULL;NULL
10000331-7;Marcelo 'Ultraguerrero' Caszely Sepúlveda;09-01-87;Brasileña;56989680011;marcelo.caszely331@gmail.com;NULL;NULL;10;319;13800000.00;delantero;TRUE;0;NULL;NULL;NULL;NULL;NULL;NULL;NULL;NULL;NULL
10000332-5;Matias 'Ultragaláctico' Soto Figueroa;22-08-77;Portuguesa;56951455263;matias.soto332@outlook.com;NULL;NULL;17;319;7700000.00;central;TRUE;0;NULL;NULL;NULL;NULL;NULL;NULL;NULL;NULL;NULL
10000333-3;Gonzalo 'Supercohete' Valenzuela Saavedra;19-02-90;Inglesa;56937516993;gonzalo.valenzuela333@yahoo.com;NULL;NULL;10;319;6900000.00;defensa;TRUE;0;NULL;NULL;NULL;NULL;NULL;NULL;NULL;NULL;NULL
10000334-1;Enzo 'Donbúho' Cortés Reyes;20-03-81;Chilena;56958987661;enzo.cortes334@hotmail.com;NULL;NULL;30;319;10000000.00;central;TRUE;0;NULL;NULL;NULL;NULL;NULL;NULL;NULL;NULL;NULL
10000335-K;Zinedine 'Megakeko' Figueroa Muñoz;01-04-76;Inglesa;56995233177;zinedine.figueroa335@hotmail.com;NULL;NULL;2;322;3200000.00;central;TRUE;0;NULL;NULL;NULL;NULL;NULL;NULL;NULL;NULL;NULL
10000336-8;Gastón 'Ultraciclón' Rodríguez Soto;20-06-00;Italiana;56924939627;gaston.rodriguez336@hotmail.com;NULL;NULL;30;319;10150000.00;defensa;TRUE;0;NULL;NULL;NULL;NULL;NULL;NULL;NULL;NULL;NULL
10000337-6;Santiago 'Hyperpistolero' Yamal Müller;11-03-79;Portuguesa;56926649485;santiago.yamal337@hotmail.com;NULL;NULL;14;322;4350000.00;defensa;TRUE;0;NULL;NULL;NULL;NULL;NULL;NULL;NULL;NULL;NULL
10000338-4;Zinedine 'Granpalote' De Bruyne Herrera;08-07-98;Portuguesa;56969473666;zinedine.de bruyne338@puc.cl;NULL;NULL;13;320;13150000.00;central;TRUE;0;NULL;NULL;NULL;NULL;NULL;NULL;NULL;NULL;NULL
10000339-2;Antoine 'Muro' Maripán Pizarro;25-05-91;Colombiana;56965267377;antoine.maripan339@gmail.com;NULL;NULL;27;323;7650000.00;defensa;TRUE;0;NULL;NULL;NULL;NULL;NULL;NULL;NULL;NULL;NULL
10000340-6;Gustavo 'Dragón' Kroos Herrera;28-10-86;Inglesa;56956905799;gustavo.kroos340@gmail.com;NULL;NULL;18;324;4750000.00;arquero;TRUE;0;NULL;NULL;NULL;NULL;NULL;NULL;NULL;NULL;NULL
10000341-4;Matías 'Supertorpedo' Bustos De Bruyne;30-11-78;Uruguaya;56945162851;matias.bustos341@yahoo.com;NULL;NULL;12;320;14500000.00;central;TRUE;0;NULL;NULL;NULL;NULL;NULL;NULL;NULL;NULL;NULL
10000342-2;Federico 'Hypersultán' Vidal López;08-11-76;Argentina;56973147251;federico.vidal342@uca.cl;NULL;NULL;17;319;8750000.00;defensa;TRUE;0;NULL;NULL;NULL;NULL;NULL;NULL;NULL;NULL;NULL
10000343-0;Julian 'Megaarquitecto' López Valverde;19-09-92;Española;56935412343;julian.lopez343@puc.cl;NULL;NULL;7;320;12800000.00;delantero;TRUE;0;NULL;NULL;NULL;NULL;NULL;NULL;NULL;NULL;NULL
10000344-9;Martín 'Sanbambino' Flores De Bruyne;01-10-98;Chilena;56969014484;martin.flores344@usach.cl;NULL;NULL;5;322;5250000.00;defensa;TRUE;0;NULL;NULL;NULL;NULL;NULL;NULL;NULL;NULL;NULL
10000345-7;Pedri 'Megacomisario' Castro Suazo;31-12-73;Alemana;56912583191;pedri.castro345@hotmail.com;NULL;NULL;29;326;2300000.00;defensa;TRUE;0;NULL;NULL;NULL;NULL;NULL;NULL;NULL;NULL;NULL
10000346-5;Charles 'Soldado' Lewandowski Figueroa;24-09-04;Portuguesa;56991764556;charles.lewandowski346@gmail.com;NULL;NULL;6;325;14550000.00;defensa;FALSE;2;NULL;NULL;NULL;NULL;NULL;NULL;NULL;NULL;NULL
10000347-3;Sebastián 'Granbúho' Torres Toselli;13-03-72;Española;56968115312;sebastian.torres347@outlook.com;NULL;NULL;9;325;8550000.00;defensa;TRUE;0;NULL;NULL;NULL;NULL;NULL;NULL;NULL;NULL;NULL
10000348-1;Santino 'Sanmaestro' Pérez Neuer;18-02-83;Uruguaya;56922011321;santino.perez348@hotmail.com;NULL;NULL;11;320;8850000.00;delantero;TRUE;0;NULL;NULL;NULL;NULL;NULL;NULL;NULL;NULL;NULL
10000349-K;Hernán 'Grandepredador' Mendoza Figueroa;09-07-02;Francesa;56988538122;hernan.mendoza349@gmail.com;NULL;NULL;38;319;4900000.00;defensa;TRUE;0;NULL;NULL;NULL;NULL;NULL;NULL;NULL;NULL;NULL
10000350-3;Pablo 'Donlince' Maripán De Bruyne;05-09-79;Colombiana;56993308539;pablo.maripan350@usach.cl;NULL;NULL;15;319;4100000.00;central;TRUE;0;NULL;NULL;NULL;NULL;NULL;NULL;NULL;NULL;NULL
10000351-1;Antoine 'Ultramuro' Isla Isla;31-01-02;Española;56910110915;antoine.isla351@puc.cl;NULL;NULL;23;319;6400000.00;central;TRUE;0;NULL;NULL;NULL;NULL;NULL;NULL;NULL;NULL;NULL
10000352-K;Carlos 'Grancoto' Paredes Figueroa;30-08-78;Francesa;56966983505;carlos.paredes352@puc.cl;NULL;NULL;21;324;11950000.00;defensa;TRUE;0;NULL;NULL;NULL;NULL;NULL;NULL;NULL;NULL;NULL
10000353-8;Carlos 'Hypertitán' Güler Vásquez;11-09-90;Colombiana;56957235239;carlos.güler353@usach.cl;NULL;NULL;28;322;3950000.00;defensa;TRUE;0;NULL;NULL;NULL;NULL;NULL;NULL;NULL;NULL;NULL
10000354-6;Javier 'Doncaimán' Valverde Castro;02-10-85;Italiana;56955156028;javier.valverde354@yahoo.com;NULL;NULL;3;323;14900000.00;defensa;TRUE;0;NULL;NULL;NULL;NULL;NULL;NULL;NULL;NULL;NULL
10000355-4;Gustavo 'Torta' Rodri Lukaku;30-01-98;Argentina;56998034348;gustavo.rodri355@outlook.com;NULL;NULL;8;321;9900000.00;delantero;TRUE;0;NULL;NULL;NULL;NULL;NULL;NULL;NULL;NULL;NULL
10000356-2;Ignacio 'Donvolcán' Salah Rivera;20-09-05;Peruana;56934439570;ignacio.salah356@puc.cl;NULL;NULL;30;319;13550000.00;delantero;TRUE;0;NULL;NULL;NULL;NULL;NULL;NULL;NULL;NULL;NULL
10000357-0;Sebastián 'Megaflecha' Paredes Bravo;03-12-02;Peruana;56982873366;sebastian.paredes357@gmail.com;NULL;NULL;39;324;4200000.00;arquero;TRUE;0;NULL;NULL;NULL;NULL;NULL;NULL;NULL;NULL;NULL
10000358-9;Vicente 'Megarifle' Paredes Muñoz;15-09-00;Inglesa;56945325186;vicente.paredes358@hotmail.com;NULL;NULL;8;321;12550000.00;central;TRUE;0;NULL;NULL;NULL;NULL;NULL;NULL;NULL;NULL;NULL
10000359-7;Gavi 'Sanduque' Dybala Soto;13-02-01;Chilena;56926240777;gavi.dybala359@hotmail.com;NULL;NULL;24;321;10050000.00;central;TRUE;0;NULL;NULL;NULL;NULL;NULL;NULL;NULL;NULL;NULL
10000360-0;Joaquín 'Megavikingo' Caszely Vásquez;12-03-76;Inglesa;56986188119;joaquin.caszely360@uca.cl;NULL;NULL;20;324;7200000.00;central;TRUE;0;NULL;NULL;NULL;NULL;NULL;NULL;NULL;NULL;NULL
10000361-9;Humberto 'Mastercohete' Sánchez Ramos;03-12-04;Colombiana;56966306112;humberto.sanchez361@usach.cl;NULL;NULL;27;323;8300000.00;arquero;TRUE;0;NULL;NULL;NULL;NULL;NULL;NULL;NULL;NULL;NULL
10000362-7;Gastón 'Donáguila' Vergara Bellingham;10-01-97;Inglesa;56912138030;gaston.vergara362@usach.cl;NULL;NULL;30;319;14750000.00;delantero;TRUE;0;NULL;NULL;NULL;NULL;NULL;NULL;NULL;NULL;NULL
10000363-5;Álvaro 'Mastercacique' Kane Galdames;13-08-90;Chilena;56999862940;alvaro.kane363@outlook.com;NULL;NULL;23;319;4300000.00;defensa;TRUE;0;NULL;NULL;NULL;NULL;NULL;NULL;NULL;NULL;NULL
10000364-3;Harry 'Superpuma' Messi Vargas;15-05-76;Chilena;56923532474;harry.messi364@outlook.com;NULL;NULL;6;325;6450000.00;arquero;TRUE;0;NULL;NULL;NULL;NULL;NULL;NULL;NULL;NULL;NULL
10000365-1;Pedri 'Sanmisil' Beausejour Paredes;16-08-83;Argentina;56962273811;pedri.beausejour365@outlook.com;NULL;NULL;26;324;13350000.00;arquero;TRUE;0;NULL;NULL;NULL;NULL;NULL;NULL;NULL;NULL;NULL
10000366-K;Lautaro 'Superguepardo' Figueroa Sánchez;23-08-77;Francesa;56918189667;lautaro.figueroa366@usach.cl;NULL;NULL;39;324;15500000.00;delantero;TRUE;0;NULL;NULL;NULL;NULL;NULL;NULL;NULL;NULL;NULL
10000367-8;Jaime 'Ultraflecha' Valenzuela Maripán;22-01-99;Alemana;56961826575;jaime.valenzuela367@uca.cl;NULL;NULL;13;320;4250000.00;delantero;TRUE;0;NULL;NULL;NULL;NULL;NULL;NULL;NULL;NULL;NULL
10000368-6;Harry 'Sanhalcón' Vásquez Dybala;24-11-73;Italiana;56975229184;harry.vasquez368@uca.cl;NULL;NULL;21;324;15000000.00;delantero;TRUE;0;NULL;NULL;NULL;NULL;NULL;NULL;NULL;NULL;NULL
10000369-4;Rodrigo 'Masterpatrón' Kroos Lukaku;22-03-05;Chilena;56963444405;rodrigo.kroos369@puc.cl;NULL;NULL;34;319;12750000.00;arquero;TRUE;0;NULL;NULL;NULL;NULL;NULL;NULL;NULL;NULL;NULL
10000370-8;Pedri 'Masterlanza' Messi Rodri;27-02-97;Chilena;56963941671;pedri.messi370@uca.cl;NULL;NULL;17;319;5400000.00;delantero;TRUE;0;NULL;NULL;NULL;NULL;NULL;NULL;NULL;NULL;NULL
10000371-6;Pedro 'Águila' Pulgar Maripán;20-10-94;Española;56970737761;pedro.pulgar371@hotmail.com;NULL;NULL;8;321;8650000.00;arquero;TRUE;0;NULL;NULL;NULL;NULL;NULL;NULL;NULL;NULL;NULL
10000372-4;Maximiliano 'Masteremperador' Toselli Bustos;16-11-95;Chilena;56965909485;maximiliano.toselli372@puc.cl;NULL;NULL;12;320;14600000.00;delantero;TRUE;0;NULL;NULL;NULL;NULL;NULL;NULL;NULL;NULL;NULL
10000373-2;Pedri 'Hypercocodrilo' Müller Figueroa;07-10-80;Española;56971361600;pedri.müller373@usach.cl;NULL;NULL;37;323;3000000.00;central;TRUE;0;NULL;NULL;NULL;NULL;NULL;NULL;NULL;NULL;NULL
10000374-0;Cristopher 'Ultravikingo' Hernández López;11-01-71;Francesa;56913316366;cristopher.hernandez374@gmail.com;NULL;NULL;4;321;9550000.00;defensa;TRUE;0;NULL;NULL;NULL;NULL;NULL;NULL;NULL;NULL;NULL
10000375-9;Vicente 'Grantrueno' Toselli Díaz;26-07-92;Española;56934224467;vicente.toselli375@yahoo.com;NULL;NULL;20;324;7800000.00;central;TRUE;0;NULL;NULL;NULL;NULL;NULL;NULL;NULL;NULL;NULL
10000376-7;Gabriel 'Megavíbora' Paredes Reyes;29-03-80;Chilena;56981038704;gabriel.paredes376@gmail.com;NULL;NULL;18;324;2500000.00;central;TRUE;0;NULL;NULL;NULL;NULL;NULL;NULL;NULL;NULL;NULL
10000377-5;Gastón 'Megamuralla' López Güler;29-01-73;Española;56910266595;gaston.lopez377@gmail.com;NULL;NULL;8;321;11600000.00;defensa;TRUE;0;NULL;NULL;NULL;NULL;NULL;NULL;NULL;NULL;NULL
10000378-3;Lionel 'Granhuaso' Suárez Bellingham;11-08-85;Uruguaya;56931459919;lionel.suarez378@yahoo.com;NULL;NULL;38;319;15950000.00;defensa;TRUE;0;NULL;NULL;NULL;NULL;NULL;NULL;NULL;NULL;NULL
10000379-1;Agustín 'Megacomandante' Pizarro Castro;29-09-83;Peruana;56958684094;agustin.pizarro379@hotmail.com;NULL;NULL;19;322;2600000.00;defensa;TRUE;0;NULL;NULL;NULL;NULL;NULL;NULL;NULL;NULL;NULL
10000380-5;Neymar 'Grantornado' Muñoz Martínez;21-03-86;Uruguaya;56998772723;neymar.munoz380@puc.cl;NULL;NULL;33;322;8850000.00;delantero;TRUE;0;NULL;NULL;NULL;NULL;NULL;NULL;NULL;NULL;NULL
10000381-3;Cristiano 'Ultravozinha' Bellingham Valverde;05-11-95;Argentina;56933636014;cristiano.bellingham381@gmail.com;NULL;NULL;14;322;9000000.00;central;TRUE;0;NULL;NULL;NULL;NULL;NULL;NULL;NULL;NULL;NULL
10000382-1;Pedri 'Cosmos' Güler Bellingham;11-05-91;Alemana;56939744283;pedri.güler382@outlook.com;NULL;NULL;1;326;10000000.00;central;TRUE;0;NULL;NULL;NULL;NULL;NULL;NULL;NULL;NULL;NULL
10000383-K;Santino 'Masteráguila' Herrera Fuentes;06-01-72;Peruana;56941504562;santino.herrera383@hotmail.com;NULL;NULL;18;324;13150000.00;defensa;TRUE;0;NULL;NULL;NULL;NULL;NULL;NULL;NULL;NULL;NULL
10000384-8;Thiago 'Megaescudo' Valenzuela Toselli;05-11-03;Francesa;56991870791;thiago.valenzuela384@yahoo.com;NULL;NULL;24;321;14450000.00;delantero;TRUE;0;NULL;NULL;NULL;NULL;NULL;NULL;NULL;NULL;NULL
10000385-6;Álvaro 'Sanciclón' Müller Silva;02-11-04;Chilena;56940079291;alvaro.müller385@puc.cl;NULL;NULL;3;323;6200000.00;central;TRUE;0;NULL;NULL;NULL;NULL;NULL;NULL;NULL;NULL;NULL
10000386-4;Lamine 'Megafideo' Haaland Suazo;27-07-84;Peruana;56914708498;lamine.haaland386@uca.cl;NULL;NULL;38;319;12500000.00;defensa;TRUE;0;NULL;NULL;NULL;NULL;NULL;NULL;NULL;NULL;NULL
10000387-2;Joaquín 'Ultrapantera' Cortés Mbappe;27-03-92;Brasileña;56936631586;joaquin.cortes387@gmail.com;NULL;NULL;23;319;7300000.00;defensa;TRUE;0;NULL;NULL;NULL;NULL;NULL;NULL;NULL;NULL;NULL
10000388-0;Rodrigo 'Donlíder' Nuñez Riquelme;18-09-97;Peruana;56989918767;rodrigo.nunez388@uca.cl;NULL;NULL;10;319;4400000.00;defensa;TRUE;0;NULL;NULL;NULL;NULL;NULL;NULL;NULL;NULL;NULL
10000389-9;Marcelo 'Doncosmos' Espinoza Valenzuela;22-09-85;Inglesa;56936341364;marcelo.espinoza389@puc.cl;NULL;NULL;5;322;9750000.00;defensa;TRUE;0;NULL;NULL;NULL;NULL;NULL;NULL;NULL;NULL;NULL
10000390-2;Luka 'Masterciclón' Toselli Vargas;19-05-89;Inglesa;56989193684;luka.toselli390@uca.cl;NULL;NULL;6;325;11100000.00;arquero;TRUE;0;NULL;NULL;NULL;NULL;NULL;NULL;NULL;NULL;NULL
10000391-0;Gabriel 'Ultramono' Ronaldo Di María;28-04-98;Italiana;56949469004;gabriel.ronaldo391@yahoo.com;NULL;NULL;2;322;13450000.00;defensa;TRUE;0;NULL;NULL;NULL;NULL;NULL;NULL;NULL;NULL;NULL
10000392-9;Kylian 'Donturboman' Arias Nuñez;26-10-72;Alemana;56915680609;kylian.arias392@usach.cl;NULL;NULL;1;326;13200000.00;delantero;TRUE;0;NULL;NULL;NULL;NULL;NULL;NULL;NULL;NULL;NULL
10000393-7;Juan 'Flecha' Saavedra Hernández;23-10-75;Portuguesa;56961171022;juan.saavedra393@uca.cl;NULL;NULL;28;322;2300000.00;defensa;TRUE;0;NULL;NULL;NULL;NULL;NULL;NULL;NULL;NULL;NULL
10000394-5;Mateo 'Masterfiscal' Espinoza Benzema;20-07-74;Brasileña;56975019605;mateo.espinoza394@usach.cl;NULL;NULL;23;319;4850000.00;delantero;TRUE;0;NULL;NULL;NULL;NULL;NULL;NULL;NULL;NULL;NULL
10000395-3;Guillermo 'Ultracapataz' Díaz Pizarro;23-11-96;Francesa;56925504676;guillermo.diaz395@uca.cl;NULL;NULL;16;319;2500000.00;central;TRUE;0;NULL;NULL;NULL;NULL;NULL;NULL;NULL;NULL;NULL
10000396-1;Mauricio 'Megacrack' Güler Gutiérrez;31-03-75;Brasileña;56973936172;mauricio.güler396@outlook.com;NULL;NULL;17;319;9500000.00;defensa;TRUE;0;NULL;NULL;NULL;NULL;NULL;NULL;NULL;NULL;NULL
10000397-K;Kylian 'Torpedo' Galdames Silva;28-03-99;Inglesa;56987469629;kylian.galdames397@puc.cl;NULL;NULL;7;320;3200000.00;central;TRUE;0;NULL;NULL;NULL;NULL;NULL;NULL;NULL;NULL;NULL
10000398-8;Hernán 'Tiburón' Castillo Güler;24-07-80;Portuguesa;56941200278;hernan.castillo398@hotmail.com;NULL;NULL;17;319;2650000.00;delantero;TRUE;0;NULL;NULL;NULL;NULL;NULL;NULL;NULL;NULL;NULL
10000399-6;Pedri 'Hypertornado' Sepúlveda Beausejour;19-10-74;Brasileña;56984660997;pedri.sepulveda399@hotmail.com;NULL;NULL;30;319;12350000.00;central;TRUE;0;NULL;NULL;NULL;NULL;NULL;NULL;NULL;NULL;NULL
10000400-3;Juan 'Granrayo' Nuñez Lukaku;28-12-91;Inglesa;56920903579;juan.nunez400@uca.cl;NULL;NULL;31;323;5100000.00;central;TRUE;0;NULL;NULL;NULL;NULL;NULL;NULL;NULL;NULL;NULL
10000401-1;Pablo 'Hypergaláctico' Mendoza Muñoz;26-02-90;Chilena;56946511626;pablo.mendoza401@outlook.com;NULL;NULL;7;320;3600000.00;central;TRUE;0;NULL;NULL;NULL;NULL;NULL;NULL;NULL;NULL;NULL
10000402-K;Manuel 'Granalmirante' Arias Neuer;25-09-93;Argentina;56958547275;manuel.arias402@usach.cl;NULL;NULL;8;321;7300000.00;delantero;TRUE;0;NULL;NULL;NULL;NULL;NULL;NULL;NULL;NULL;NULL
10000403-8;Matias 'Granrelámpago' Maradona Aránguiz;12-02-72;Francesa;56924030923;matias.maradona403@outlook.com;NULL;NULL;11;320;14100000.00;defensa;TRUE;0;NULL;NULL;NULL;NULL;NULL;NULL;NULL;NULL;NULL
10000404-6;Charles 'Sangalaxia' Figueroa Fernández;07-08-99;Argentina;56980470850;charles.figueroa404@usach.cl;NULL;NULL;21;324;2250000.00;delantero;TRUE;0;NULL;NULL;NULL;NULL;NULL;NULL;NULL;NULL;NULL
10000405-4;Julian 'Megamatador' Bravo Salas;03-10-71;Alemana;56928510351;julian.bravo405@hotmail.com;NULL;NULL;10;319;3950000.00;central;FALSE;2;NULL;NULL;NULL;NULL;NULL;NULL;NULL;NULL;NULL
10000406-2;Cristian 'Megatiburón' Suárez Pulgar;16-08-92;Inglesa;56981573572;cristian.suarez406@puc.cl;NULL;NULL;3;323;8200000.00;central;TRUE;0;NULL;NULL;NULL;NULL;NULL;NULL;NULL;NULL;NULL
10000407-0;Hernán 'Mastergato' Salah Lukaku;11-04-03;Argentina;56919979573;hernan.salah407@puc.cl;NULL;NULL;39;324;14300000.00;delantero;TRUE;0;NULL;NULL;NULL;NULL;NULL;NULL;NULL;NULL;NULL
10000408-9;Angel 'Kaiser' Isla Contreras;08-03-73;Chilena;56953013008;angel.isla408@gmail.com;NULL;NULL;37;323;7900000.00;delantero;TRUE;0;NULL;NULL;NULL;NULL;NULL;NULL;NULL;NULL;NULL
10000409-7;Joaquín 'Keko' Caszely Lukaku;19-12-78;Alemana;56964050808;joaquin.caszely409@gmail.com;NULL;NULL;37;323;9900000.00;defensa;TRUE;0;NULL;NULL;NULL;NULL;NULL;NULL;NULL;NULL;NULL
10000410-0;Luka 'Ultrakeko' Vásquez Messi;20-01-73;Portuguesa;56977701050;luka.vasquez410@puc.cl;NULL;NULL;7;320;10950000.00;defensa;TRUE;0;NULL;NULL;NULL;NULL;NULL;NULL;NULL;NULL;NULL
10000411-9;Pedro 'Megacaimán' Dybala Lewandowski;30-11-05;Chilena;56975125192;pedro.dybala411@puc.cl;NULL;NULL;6;325;6850000.00;central;TRUE;0;NULL;NULL;NULL;NULL;NULL;NULL;NULL;NULL;NULL
10000412-7;Hernán 'Superronaldinho' Cortés Mbappe;12-01-94;Uruguaya;56931651158;hernan.cortes412@yahoo.com;NULL;NULL;35;319;4200000.00;defensa;TRUE;0;NULL;NULL;NULL;NULL;NULL;NULL;NULL;NULL;NULL
10000413-5;Gonzalo 'Superbrujo' Valdés Güler;13-05-92;Italiana;56912464378;gonzalo.valdes413@yahoo.com;NULL;NULL;12;320;12300000.00;defensa;TRUE;0;NULL;NULL;NULL;NULL;NULL;NULL;NULL;NULL;NULL
10000414-3;Lucas 'Granpríncipe' Medel Muñoz;21-04-80;Colombiana;56995817098;lucas.medel414@gmail.com;NULL;NULL;24;321;13000000.00;delantero;TRUE;0;NULL;NULL;NULL;NULL;NULL;NULL;NULL;NULL;NULL
10000415-1;Santiago 'Megapantera' Castro Riquelme;01-01-72;Argentina;56983104792;santiago.castro415@puc.cl;NULL;NULL;11;320;10800000.00;central;TRUE;0;NULL;NULL;NULL;NULL;NULL;NULL;NULL;NULL;NULL
10000416-K;Joaquín 'Supercentauro' Hernández Messi;23-10-78;Francesa;56941207647;joaquin.hernandez416@puc.cl;NULL;NULL;21;324;10600000.00;defensa;TRUE;0;NULL;NULL;NULL;NULL;NULL;NULL;NULL;NULL;NULL
10000417-8;Gary 'Ultratiburón' Pizarro Modric;23-03-91;Colombiana;56923239887;gary.pizarro417@outlook.com;NULL;NULL;veinte;324;13850000.00;central;TRUE;0;NULL;NULL;NULL;NULL;NULL;NULL;NULL;NULL;NULL
10000418-6;Alejandro 'Ultratigre' Medel Suárez;25-03-73;Italiana;56924136510;alejandro.medel418@hotmail.com;NULL;NULL;27;323;8950000.00;central;TRUE;0;NULL;NULL;NULL;NULL;NULL;NULL;NULL;NULL;NULL
10000419-4;Erick 'Ultrarelámpago' Paredes Mendoza;06-12-86;Uruguaya;56994600177;erick.paredes419@usach.cl;NULL;NULL;10;319;9350000.00;delantero;TRUE;0;NULL;NULL;NULL;NULL;NULL;NULL;NULL;NULL;NULL
10000420-8;Arturo 'Superescudo' Valdés Carrasco;27-03-90;Inglesa;56920878145;arturo.valdes420@uca.cl;NULL;NULL;5;322;5200000.00;defensa;TRUE;0;NULL;NULL;NULL;NULL;NULL;NULL;NULL;NULL;NULL
10000421-6;Gavi 'Chacal' Salas Ramos;16-06-97;Brasileña;56915610089;gavi.salas421@gmail.com;NULL;NULL;1;326;3050000.00;defensa;TRUE;0;NULL;NULL;NULL;NULL;NULL;NULL;NULL;NULL;NULL
10000422-4;Facundo 'Hypercometa' Suazo Dybala;07-06-02;Inglesa;56923424128;facundo.suazo422@uca.cl;NULL;NULL;33;322;8100000.00;central;TRUE;0;NULL;NULL;NULL;NULL;NULL;NULL;NULL;NULL;NULL
10000423-2;Matias 'Supermono' Suazo Vargas;22-09-87;Chilena;56915048113;matias.suazo423@hotmail.com;NULL;NULL;16;319;14100000.00;defensa;TRUE;0;NULL;NULL;NULL;NULL;NULL;NULL;NULL;NULL;NULL
10000424-0;Manuel 'Supergaláctico' Maripán Pizarro;05-09-94;Colombiana;56980570120;manuel.maripan424@puc.cl;NULL;NULL;11;320;8600000.00;defensa;TRUE;0;NULL;NULL;NULL;NULL;NULL;NULL;NULL;NULL;NULL
10000425-9;Edinson 'Sanavispón' Tapia Suárez;18-07-94;Italiana;56982674120;edinson.tapia425@usach.cl;NULL;NULL;28;322;14800000.00;arquero;TRUE;0;NULL;NULL;NULL;NULL;NULL;NULL;NULL;NULL;NULL
10000426-7;Cristiano 'Halcón' Valenzuela Mbappe;28-09-04;Argentina;56986631239;cristiano.valenzuela426@hotmail.com;NULL;NULL;27;323;3700000.00;central;TRUE;0;NULL;NULL;NULL;NULL;NULL;NULL;NULL;NULL;NULL
10000427-5;Rodrigo 'Masterdragón' Ramos Benzema;06-05-00;Portuguesa;56917005866;rodrigo.ramos427@yahoo.com;NULL;NULL;23;319;7350000.00;central;TRUE;0;NULL;NULL;NULL;NULL;NULL;NULL;NULL;NULL;NULL
10000428-3;Arturo 'Mastergalaxia' Pérez Gómez;14-01-02;Chilena;56925230365;arturo.perez428@yahoo.com;NULL;NULL;31;323;15000000.00;delantero;TRUE;0;NULL;NULL;NULL;NULL;NULL;NULL;NULL;NULL;NULL
10000429-1;Romelu 'Hyperrey' Pulgar Modric;17-06-99;Colombiana;56921486380;romelu.pulgar429@gmail.com;NULL;NULL;4;321;13350000.00;central;TRUE;0;NULL;NULL;NULL;NULL;NULL;NULL;NULL;NULL;NULL
10000430-5;Agustín 'Ultratrueno' Pizarro Gómez;13-10-92;Italiana;56925447904;agustin.pizarro430@uca.cl;NULL;NULL;11;320;5450000.00;central;TRUE;0;NULL;NULL;NULL;NULL;NULL;NULL;NULL;NULL;NULL
10000431-3;Cristiano 'Masterjefe' Vidal Sánchez;03-12-95;Argentina;56929801381;cristiano.vidal431@outlook.com;NULL;NULL;40;323;2400000.00;delantero;TRUE;0;NULL;NULL;NULL;NULL;NULL;NULL;NULL;NULL;NULL
10000432-1;Julian 'Megaguerrero' Araya Neuer;05-09-85;Peruana;56949094682;julian.araya432@uca.cl;NULL;NULL;22;323;14600000.00;defensa;TRUE;0;NULL;NULL;NULL;NULL;NULL;NULL;NULL;NULL;NULL
10000433-K;Romelu 'Megaciclón' Rodri Pulgar;22-09-74;Portuguesa;56970326808;romelu.rodri433@gmail.com;NULL;NULL;37;323;5250000.00;defensa;TRUE;0;NULL;NULL;NULL;NULL;NULL;NULL;NULL;NULL;NULL
10000434-8;Gonzalo 'Megatigre' Salas Riquelme;31-05-80;Portuguesa;56983840350;gonzalo.salas434@uca.cl;NULL;NULL;1;326;14500000.00;delantero;TRUE;0;NULL;NULL;NULL;NULL;NULL;NULL;NULL;NULL;NULL
10000435-6;Gary 'Sanpríncipe' Bravo Lukaku;16-10-90;Inglesa;56958981094;gary.bravo435@usach.cl;NULL;NULL;23;319;13450000.00;defensa;FALSE;1;NULL;NULL;NULL;NULL;NULL;NULL;NULL;NULL;NULL
10000436-4;Daniel 'Megasombra' Cavani Soto;30-08-72;Portuguesa;56963768534;daniel.cavani436@puc.cl;NULL;NULL;37;323;11550000.00;defensa;TRUE;0;NULL;NULL;NULL;NULL;NULL;NULL;NULL;NULL;NULL
10000437-2;Felipe 'Mastermuro' Pizarro Modric;07-11-93;Alemana;56920958597;felipe.pizarro437@puc.cl;NULL;NULL;24;321;7550000.00;defensa;TRUE;0;NULL;NULL;NULL;NULL;NULL;NULL;NULL;NULL;NULL
10000438-0;Angel 'Donpulga' Maripán Gutiérrez;21-05-81;Chilena;56937684761;angel.maripan438@usach.cl;NULL;NULL;11;320;5150000.00;arquero;TRUE;0;NULL;NULL;NULL;NULL;NULL;NULL;NULL;NULL;NULL
10000439-9;Javier 'Ultravolcán' Rodri Suárez;10-06-02;Colombiana;56996133708;javier.rodri439@outlook.com;NULL;NULL;5;322;13350000.00;central;TRUE;0;NULL;NULL;NULL;NULL;NULL;NULL;NULL;NULL;NULL
10000440-2;Pedro 'Trueno' Mbappe Salas;16-01-99;Argentina;56965806226;pedro.mbappe440@hotmail.com;NULL;NULL;36;325;10550000.00;defensa;TRUE;0;NULL;NULL;NULL;NULL;NULL;NULL;NULL;NULL;NULL
10000441-0;Matías 'Dontitanio' Ramos Bellingham;20-09-77;Peruana;56964792769;matias.ramos441@yahoo.com;NULL;NULL;2;322;4150000.00;defensa;FALSE;2;NULL;NULL;NULL;NULL;NULL;NULL;NULL;NULL;NULL
10000442-9;Rodrigo 'Ultrafaraón' Díaz Valverde;01-09-74;Uruguaya;56926627548;rodrigo.diaz442@outlook.com;NULL;NULL;4;321;5750000.00;delantero;TRUE;0;NULL;NULL;NULL;NULL;NULL;NULL;NULL;NULL;NULL
10000443-7;Antoine 'Granmuro' Salas Sánchez;21-08-96;Alemana;56969839388;antoine.salas443@yahoo.com;NULL;NULL;11;320;3250000.00;delantero;TRUE;0;NULL;NULL;NULL;NULL;NULL;NULL;NULL;NULL;NULL
10000444-5;Ronaldo 'Superlince' Rodri Pizarro;21-04-88;Francesa;56987435236;ronaldo.rodri444@gmail.com;NULL;NULL;35;319;10850000.00;central;TRUE;0;NULL;NULL;NULL;NULL;NULL;NULL;NULL;NULL;NULL
10000445-3;Bautista 'Ultradoctor' Isla Haaland;04-03-89;Argentina;56942203564;bautista.isla445@outlook.com;NULL;NULL;34;319;6900000.00;defensa;TRUE;0;NULL;NULL;NULL;NULL;NULL;NULL;NULL;NULL;NULL
10000446-1;Bautista 'Sanbicho' Medel Díaz;08-10-01;Portuguesa;56938586695;bautista.medel446@usach.cl;NULL;NULL;6;325;2700000.00;delantero;TRUE;0;NULL;NULL;NULL;NULL;NULL;NULL;NULL;NULL;NULL
10000447-K;Neymar 'Megatrueno' Suárez Yamal;14-12-93;Colombiana;56980786159;neymar.suarez447@hotmail.com;NULL;NULL;26;324;15400000.00;defensa;TRUE;0;NULL;NULL;NULL;NULL;NULL;NULL;NULL;NULL;NULL
10000448-8;Gonzalo 'Hypermariscal' Gutiérrez Galdames;10-08-05;Francesa;56997340845;gonzalo.gutierrez448@gmail.com;NULL;NULL;24;321;11850000.00;central;TRUE;0;NULL;NULL;NULL;NULL;NULL;NULL;NULL;NULL;NULL
10000449-6;Edinson 'Masterking' Alvarez Arias;31-05-88;Argentina;56938604501;edinson.alvarez449@gmail.com;NULL;NULL;33;322;13300000.00;delantero;TRUE;0;NULL;NULL;NULL;NULL;NULL;NULL;NULL;NULL;NULL
10000450-K;Angel 'Supertorta' Galdames Alvarez;13-11-92;Brasileña;56934815184;angel.galdames450@yahoo.com;NULL;NULL;11;320;15650000.00;delantero;TRUE;0;NULL;NULL;NULL;NULL;NULL;NULL;NULL;NULL;NULL
10000451-8;Marcos 'Granroca' Suazo Yamal;01-12-01;Argentina;56957170140;marcos.suazo451@uca.cl;NULL;NULL;7;320;3750000.00;central;TRUE;0;NULL;NULL;NULL;NULL;NULL;NULL;NULL;NULL;NULL
10000452-6;Toni 'Granlince' Bellingham Griezmann;11-09-79;Peruana;56952799448;toni.bellingham452@outlook.com;NULL;NULL;39;324;14650000.00;defensa;TRUE;0;NULL;NULL;NULL;NULL;NULL;NULL;NULL;NULL;NULL
10000453-4;Gonzalo 'Hypercapitán' Bustos Cortés;28-05-02;Italiana;56923127568;gonzalo.bustos453@yahoo.com;NULL;NULL;4;321;14050000.00;defensa;TRUE;0;NULL;NULL;NULL;NULL;NULL;NULL;NULL;NULL;NULL
10000454-2;Harry 'Donhuracán' Ronaldo Gómez;02-04-93;Alemana;56980391354;harry.ronaldo454@gmail.com;NULL;NULL;15;319;15500000.00;defensa;TRUE;0;NULL;NULL;NULL;NULL;NULL;NULL;NULL;NULL;NULL
10000455-0;Luka 'Sanmonarca' Lewandowski Vinicius;26-11-05;Brasileña;56997323240;luka.lewandowski455@puc.cl;NULL;NULL;17;319;6100000.00;central;TRUE;0;NULL;NULL;NULL;NULL;NULL;NULL;NULL;NULL;NULL
10000456-9;Johnny 'Doningeniero' Herrera Mendoza;01-04-96;Alemana;56911258864;johnny.herrera456@gmail.com;NULL;NULL;27;323;3850000.00;central;TRUE;0;NULL;NULL;NULL;NULL;NULL;NULL;NULL;NULL;NULL
10000457-7;Robert 'Ultraescorpión' Nuñez Torres;01-04-87;Española;56935991714;robert.nunez457@yahoo.com;NULL;NULL;17;319;15500000.00;central;TRUE;0;NULL;NULL;NULL;NULL;NULL;NULL;NULL;NULL;NULL
10000458-5;Federico 'Ultrabambino' Toselli Salas;30-11-71;Brasileña;56931532348;federico.toselli458@yahoo.com;NULL;NULL;20;324;9400000.00;defensa;TRUE;0;NULL;NULL;NULL;NULL;NULL;NULL;NULL;NULL;NULL
10000459-3;Arturo 'Ultracomisario' Maradona Mendoza;28-04-94;Uruguaya;56927441774;arturo.maradona459@gmail.com;NULL;NULL;4;321;4450000.00;defensa;TRUE;0;NULL;NULL;NULL;NULL;NULL;NULL;NULL;NULL;NULL
10000460-7;Gavi 'Sanvíbora' Gómez Medel;24-05-92;Portuguesa;56935367661;gavi.gomez460@yahoo.com;NULL;NULL;21;324;12550000.00;central;TRUE;0;NULL;NULL;NULL;NULL;NULL;NULL;NULL;NULL;NULL
10000461-5;Kylian 'Sanfénix' Suárez Pérez;24-09-87;Chilena;56962905725;kylian.suarez461@uca.cl;NULL;NULL;39;324;11950000.00;defensa;TRUE;0;NULL;NULL;NULL;NULL;NULL;NULL;NULL;NULL;NULL
10000462-3;Gonzalo 'Masteraraña' Valdivia Herrera;02-08-75;Uruguaya;56947908424;gonzalo.valdivia462@yahoo.com;NULL;NULL;1;326;15550000.00;delantero;TRUE;0;NULL;NULL;NULL;NULL;NULL;NULL;NULL;NULL;NULL
10000463-1;Kevin 'Caballero' Fuentes Salah;13-03-84;Chilena;56948417081;kevin.fuentes463@puc.cl;NULL;NULL;32;321;7250000.00;delantero;TRUE;0;NULL;NULL;NULL;NULL;NULL;NULL;NULL;NULL;NULL
10000464-K;Gonzalo 'Ultraáguila' Caszely Dybala;09-07-89;Portuguesa;56953527118;gonzalo.caszely464@puc.cl;NULL;NULL;33;322;13850000.00;delantero;TRUE;0;NULL;NULL;NULL;NULL;NULL;NULL;NULL;NULL;NULL
10000465-8;Hernán 'Megatanque' Suárez Valdés;09-01-97;Brasileña;56987634965;hernan.suarez465@outlook.com;NULL;NULL;1;326;14750000.00;central;TRUE;0;NULL;NULL;NULL;NULL;NULL;NULL;NULL;NULL;NULL
10000466-6;Juan 'Supergalaxia' Rivera Griezmann;02-05-01;Portuguesa;56960910891;juan.rivera466@gmail.com;NULL;NULL;27;323;2700000.00;delantero;TRUE;0;NULL;NULL;NULL;NULL;NULL;NULL;NULL;NULL;NULL
10000467-4;Pablo 'Hyperemperador' Mendoza Gómez;15-03-77;Portuguesa;56950031014;pablo.mendoza467@usach.cl;NULL;NULL;24;321;12900000.00;delantero;TRUE;0;NULL;NULL;NULL;NULL;NULL;NULL;NULL;NULL;NULL
10000468-2;Santiago 'General' Güler Rodri;01-01-79;Italiana;56958335313;santiago.güler468@puc.cl;NULL;NULL;35;319;5050000.00;defensa;TRUE;0;NULL;NULL;NULL;NULL;NULL;NULL;NULL;NULL;NULL
10000469-0;Juan 'Ultracentauro' Reyes Reyes;22-03-71;Colombiana;56985720131;juan.reyes469@hotmail.com;NULL;NULL;38;319;9750000.00;delantero;TRUE;0;NULL;NULL;NULL;NULL;NULL;NULL;NULL;NULL;NULL
10000470-4;Kevin 'Ultraronaldinho' Salah Figueroa;13-10-79;Uruguaya;56924302187;kevin.salah470@hotmail.com;NULL;NULL;34;319;6050000.00;defensa;TRUE;0;NULL;NULL;NULL;NULL;NULL;NULL;NULL;NULL;NULL
10000471-2;Santino 'Ultragrifo' Vargas Alvarez;18-07-88;Uruguaya;56963134219;santino.vargas471@uca.cl;NULL;NULL;8;321;10600000.00;delantero;TRUE;0;NULL;NULL;NULL;NULL;NULL;NULL;NULL;NULL;NULL
10000472-0;Álvaro 'Megacohete' Arias Güler;15-05-87;Española;56956320660;alvaro.arias472@usach.cl;NULL;NULL;2;322;15150000.00;defensa;TRUE;0;NULL;NULL;NULL;NULL;NULL;NULL;NULL;NULL;NULL
10000473-9;Eduardo 'Ultrajaguar' Nuñez Arias;01-09-98;Italiana;56913280319;eduardo.nunez473@uca.cl;NULL;NULL;37;323;12600000.00;arquero;TRUE;0;NULL;NULL;NULL;NULL;NULL;NULL;NULL;NULL;NULL
10000474-7;Carlos 'Hyperterremoto' Müller Reyes;26-11-96;Brasileña;56925056411;carlos.müller474@gmail.com;NULL;NULL;24;321;9550000.00;defensa;TRUE;0;NULL;NULL;NULL;NULL;NULL;NULL;NULL;NULL;NULL
10000475-5;Zinedine 'Grancapitán' Torres Lukaku;05-10-00;Alemana;56993813831;zinedine.torres475@usach.cl;NULL;NULL;9;325;15700000.00;central;TRUE;0;NULL;NULL;NULL;NULL;NULL;NULL;NULL;NULL;NULL
10000476-3;Luis 'Donkaiser' Rodríguez Ronaldo;17-08-86;Colombiana;56922637304;luis.rodriguez476@puc.cl;NULL;NULL;28;322;11900000.00;delantero;TRUE;0;NULL;NULL;NULL;NULL;NULL;NULL;NULL;NULL;NULL
10000477-1;David 'Ultracocodrilo' Contreras Herrera;28-04-72;Italiana;56989923701;david.contreras477@hotmail.com;NULL;NULL;14;322;15250000.00;central;TRUE;0;NULL;NULL;NULL;NULL;NULL;NULL;NULL;NULL;NULL
10000478-K;Gastón 'Caimán' Mendoza Ronaldo;21-03-70;Brasileña;56924228846;gaston.mendoza478@yahoo.com;NULL;NULL;34;319;6000000.00;delantero;TRUE;0;NULL;NULL;NULL;NULL;NULL;NULL;NULL;NULL;NULL
10000479-8;Lamine 'Ultrafideo' Castillo Caszely;19-11-88;Italiana;56933303930;lamine.castillo479@uca.cl;NULL;NULL;27;323;15300000.00;delantero;TRUE;0;NULL;NULL;NULL;NULL;NULL;NULL;NULL;NULL;NULL
10000480-1;Tomás 'Superalmirante' Rodríguez Suazo;04-10-88;Colombiana;56983992509;tomas.rodriguez480@puc.cl;NULL;NULL;cinco;322;7850000.00;defensa;TRUE;0;NULL;NULL;NULL;NULL;NULL;NULL;NULL;NULL;NULL
10000481-K;Javier 'Ultratorpedo' Vásquez Vargas;25-10-74;Española;56996608541;javier.vasquez481@gmail.com;NULL;NULL;35;319;11950000.00;defensa;TRUE;0;NULL;NULL;NULL;NULL;NULL;NULL;NULL;NULL;NULL
10000482-8;Jorge 'Dontorta' Salah Alvarez;13-05-04;Chilena;56960409662;jorge.salah482@hotmail.com;NULL;NULL;36;325;13200000.00;arquero;TRUE;0;NULL;NULL;NULL;NULL;NULL;NULL;NULL;NULL;NULL
10000483-6;Bastián 'Donprofesor' Vidal Torres;23-05-87;Argentina;56927395171;bastian.vidal483@uca.cl;NULL;NULL;13;320;13050000.00;defensa;FALSE;1;NULL;NULL;NULL;NULL;NULL;NULL;NULL;NULL;NULL
10000484-4;Jean 'Sanguepardo' Bellingham Caszely;08-05-70;Argentina;56964022348;jean.bellingham484@puc.cl;NULL;NULL;12;320;12950000.00;central;TRUE;0;NULL;NULL;NULL;NULL;NULL;NULL;NULL;NULL;NULL
10000485-2;Edinson 'Hypercaimán' Valdés Maradona;30-01-88;Argentina;56975880339;edinson.valdes485@usach.cl;NULL;NULL;31;323;15700000.00;defensa;TRUE;0;NULL;NULL;NULL;NULL;NULL;NULL;NULL;NULL;NULL
10000486-0;Alexis 'Megahalcón' Martínez González;03-05-88;Argentina;56972700914;alexis.martinez486@hotmail.com;NULL;NULL;14;322;9100000.00;central;TRUE;0;NULL;NULL;NULL;NULL;NULL;NULL;NULL;NULL;NULL
10000487-9;Sebastián 'Masterhuracán' Pulgar Figueroa;08-08-05;Inglesa;56996893111;sebastian.pulgar487@usach.cl;NULL;NULL;20;324;12100000.00;defensa;TRUE;0;NULL;NULL;NULL;NULL;NULL;NULL;NULL;NULL;NULL
10000488-7;Claudio 'Hyperrinoceronte' Gutiérrez De Bruyne;25-01-98;Italiana;56949503235;claudio.gutierrez488@uca.cl;NULL;NULL;30;319;5050000.00;defensa;TRUE;0;NULL;NULL;NULL;NULL;NULL;NULL;NULL;NULL;NULL
10000489-5;Alexis 'Superking' Pérez Martínez;06-06-74;Alemana;56997471355;alexis.perez489@outlook.com;NULL;NULL;11;320;12050000.00;defensa;TRUE;0;NULL;NULL;NULL;NULL;NULL;NULL;NULL;NULL;NULL
10000490-9;Joaquín 'Sanpuma' Ramos Bravo;26-10-03;Española;56953148941;joaquin.ramos490@yahoo.com;NULL;NULL;7;320;6600000.00;central;TRUE;0;NULL;NULL;NULL;NULL;NULL;NULL;NULL;NULL;NULL
10000491-7;Arturo 'Ultramaestro' Vargas Cavani;28-02-82;Alemana;56921666487;arturo.vargas491@hotmail.com;NULL;NULL;36;325;2350000.00;defensa;TRUE;0;NULL;NULL;NULL;NULL;NULL;NULL;NULL;NULL;NULL
10000492-5;Pedri 'Hyperleón' Alvarez Mbappe;21-01-92;Portuguesa;56930164772;pedri.alvarez492@hotmail.com;NULL;NULL;13;320;13000000.00;delantero;TRUE;0;NULL;NULL;NULL;NULL;NULL;NULL;NULL;NULL;NULL
10000493-3;Ignacio 'Hyperáguila' Pizarro Contreras;12-10-02;Alemana;56921590702;ignacio.pizarro493@hotmail.com;NULL;NULL;1;326;11800000.00;defensa;TRUE;0;NULL;NULL;NULL;NULL;NULL;NULL;NULL;NULL;NULL
10000494-1;Jean 'Donking' Rojas Lewandowski;15-05-96;Brasileña;56984358730;jean.rojas494@outlook.com;NULL;NULL;36;325;16000000.00;delantero;TRUE;0;NULL;NULL;NULL;NULL;NULL;NULL;NULL;NULL;NULL
10000495-K;Thomas 'Superterremoto' Lewandowski Cortés;25-02-75;Argentina;56992707715;thomas.lewandowski495@uca.cl;NULL;NULL;16;319;6850000.00;defensa;TRUE;0;NULL;NULL;NULL;NULL;NULL;NULL;NULL;NULL;NULL
10000496-8;Matías 'Roca' Bravo Beausejour;09-06-78;Uruguaya;56910102007;matias.bravo496@hotmail.com;NULL;NULL;29;326;10650000.00;arquero;TRUE;0;NULL;NULL;NULL;NULL;NULL;NULL;NULL;NULL;NULL
10000497-6;Matias 'Cuervo' De Bruyne Sánchez;16-12-74;Uruguaya;56923552425;matias.de bruyne497@uca.cl;NULL;NULL;2;322;7000000.00;central;TRUE;0;NULL;NULL;NULL;NULL;NULL;NULL;NULL;NULL;NULL
10000498-4;Martín 'Mastertigre' Cortés Rodri;07-03-98;Chilena;56998776549;martin.cortes498@usach.cl;NULL;NULL;34;319;13400000.00;central;TRUE;0;NULL;NULL;NULL;NULL;NULL;NULL;NULL;NULL;NULL
10000499-2;Ezequiel 'Hypercóndor' De Bruyne Güler;11-11-98;Peruana;56986368294;ezequiel.de bruyne499@usach.cl;NULL;NULL;10;319;7250000.00;defensa;TRUE;0;NULL;NULL;NULL;NULL;NULL;NULL;NULL;NULL;NULL
10000500-K;Vicente 'Superfideo' Arias Pizarro;30-09-86;Italiana;56952846244;vicente.arias500@usach.cl;NULL;NULL;18;324;6950000.00;defensa;TRUE;0;NULL;NULL;NULL;NULL;NULL;NULL;NULL;NULL;NULL
10000501-8;Ronaldo 'Donzorro' Galdames Caszely;18-05-90;Chilena;56922549942;ronaldo.galdames501@usach.cl;NULL;NULL;15;319;12750000.00;defensa;TRUE;0;NULL;NULL;NULL;NULL;NULL;NULL;NULL;NULL;NULL
10000502-6;Luciano 'Mastercomisario' Bravo Sánchez;28-01-73;Española;56937950119;luciano.bravo502@yahoo.com;NULL;NULL;34;319;9000000.00;delantero;TRUE;0;NULL;NULL;NULL;NULL;NULL;NULL;NULL;NULL;NULL
10000503-4;Thiago 'Dontigre' Kane Lewandowski;09-05-97;Portuguesa;56975501958;thiago.kane503@outlook.com;NULL;NULL;40;323;6900000.00;central;TRUE;0;NULL;NULL;NULL;NULL;NULL;NULL;NULL;NULL;NULL
10000504-2;Marcos 'Mastercañón' Messi Vargas;29-11-94;Peruana;56995864029;marcos.messi504@outlook.com;NULL;NULL;32;321;15800000.00;defensa;TRUE;0;NULL;NULL;NULL;NULL;NULL;NULL;NULL;NULL;NULL
10000505-0;Kevin 'Donterremoto' Messi Saavedra;14-06-87;Uruguaya;56933124695;kevin.messi505@outlook.com;NULL;NULL;4;321;6450000.00;central;TRUE;0;NULL;NULL;NULL;NULL;NULL;NULL;NULL;NULL;NULL
10000506-9;Luis 'Donbrujo' Rodri Nuñez;03-09-82;Francesa;56954098653;luis.rodri506@gmail.com;NULL;NULL;15;319;8150000.00;delantero;TRUE;0;NULL;NULL;NULL;NULL;NULL;NULL;NULL;NULL;NULL
10000507-7;Matias 'Megaroca' Fuentes Beausejour;22-09-77;Brasileña;56973712328;matias.fuentes507@gmail.com;NULL;NULL;19;322;3850000.00;central;TRUE;0;NULL;NULL;NULL;NULL;NULL;NULL;NULL;NULL;NULL
10000508-5;Neymar 'Barón' Valenzuela Suazo;10-09-94;Colombiana;56983043894;neymar.valenzuela508@gmail.com;NULL;NULL;18;324;3550000.00;delantero;TRUE;0;NULL;NULL;NULL;NULL;NULL;NULL;NULL;NULL;NULL
10000509-3;Marcos 'Espartano' Rojas Carrasco;06-04-72;Italiana;56954804378;marcos.rojas509@usach.cl;NULL;NULL;13;320;7500000.00;delantero;TRUE;0;NULL;NULL;NULL;NULL;NULL;NULL;NULL;NULL;NULL
10000510-7;Erick 'Hyperpantera' Espinoza Mbappe;21-08-04;Alemana;56986559039;erick@espinoza510@gmail.com;NULL;NULL;34;319;14800000.00;defensa;TRUE;0;NULL;NULL;NULL;NULL;NULL;NULL;NULL;NULL;NULL
10000511-5;Hernán 'Megageneral' Zidane Salas;26-06-91;Peruana;56999034599;hernan.zidane511@yahoo.com;NULL;NULL;37;323;12950000.00;defensa;TRUE;0;NULL;NULL;NULL;NULL;NULL;NULL;NULL;NULL;NULL
10000512-3;Agustín 'Donarquitecto' Mendoza Morales;06-03-88;Alemana;56959737434;agustin.mendoza512@uca.cl;NULL;NULL;4;321;2100000.00;arquero;TRUE;0;NULL;NULL;NULL;NULL;NULL;NULL;NULL;NULL;NULL
10000513-1;Gonzalo 'Santrueno' Bustos Hernández;06-04-04;Brasileña;56991958969;gonzalo.bustos513@gmail.com;NULL;NULL;7;320;8350000.00;arquero;TRUE;0;NULL;NULL;NULL;NULL;NULL;NULL;NULL;NULL;NULL
10000514-K;Arturo 'Grancrack' Kroos Müller;20-12-90;Peruana;56988872823;arturo.kroos514@yahoo.com;NULL;NULL;35;319;6000000.00;central;TRUE;0;NULL;NULL;NULL;NULL;NULL;NULL;NULL;NULL;NULL
10000515-8;Ignacio 'Cañón' Bravo Lukaku;02-01-88;Uruguaya;56969693880;ignacio.bravo515@uca.cl;NULL;NULL;40;323;2950000.00;defensa;TRUE;0;NULL;NULL;NULL;NULL;NULL;NULL;NULL;NULL;NULL
10000516-6;Gonzalo 'Granpichichi' Zidane De Bruyne;20-06-89;Chilena;56913804049;gonzalo.zidane516@uca.cl;NULL;NULL;4;321;3700000.00;central;TRUE;0;NULL;NULL;NULL;NULL;NULL;NULL;NULL;NULL;NULL
10000517-4;Mohamed 'Megahormiga' Kroos González;02-03-92;Brasileña;56960893620;mohamed.kroos517@outlook.com;NULL;NULL;31;323;10500000.00;central;TRUE;0;NULL;NULL;NULL;NULL;NULL;NULL;NULL;NULL;NULL
10000518-2;Zinedine 'Ultrakaiser' Güler Aránguiz;03-12-88;Alemana;56936633442;zinedine.güler518@usach.cl;NULL;NULL;100;326;15550000.00;defensa;FALSE;2;NULL;NULL;NULL;NULL;NULL;NULL;NULL;NULL;NULL
10000519-0;Erling 'Megatorpedo' Suazo Sepúlveda;02-04-05;Colombiana;56921714522;erling.suazo519@outlook.com;NULL;NULL;37;323;6050000.00;arquero;TRUE;0;NULL;NULL;NULL;NULL;NULL;NULL;NULL;NULL;NULL
10000520-4;Enzo 'Masteralmirante' Kroos Muñoz;03-11-75;Colombiana;56953611820;enzo.kroos520@yahoo.com;NULL;NULL;31;323;7400000.00;delantero;TRUE;0;NULL;NULL;NULL;NULL;NULL;NULL;NULL;NULL;NULL
10000521-2;Facundo 'Doncaballero' Salah Herrera;28-09-73;Alemana;56984934718;facundo.salah521@outlook.com;NULL;NULL;13;320;6500000.00;defensa;TRUE;0;NULL;NULL;NULL;NULL;NULL;NULL;NULL;NULL;NULL
10000522-0;Álvaro 'Ultrahechicero' Rodríguez Cavani;20-12-93;Brasileña;56977905605;alvaro.rodriguez522@hotmail.com;NULL;NULL;17;319;12400000.00;arquero;TRUE;0;NULL;NULL;NULL;NULL;NULL;NULL;NULL;NULL;NULL
10000523-9;Edinson 'Granpistola' Contreras Müller;25-01-73;Portuguesa;56965235781;edinson.contreras523@outlook.com;NULL;NULL;30;319;5000000.00;defensa;TRUE;0;NULL;NULL;NULL;NULL;NULL;NULL;NULL;NULL;NULL
10000524-7;Luciano 'Hyperrelámpago' Lukaku Torres;28-09-04;Italiana;56936450240;luciano.lukaku524@yahoo.com;NULL;NULL;34;319;3200000.00;central;FALSE;2;NULL;NULL;NULL;NULL;NULL;NULL;NULL;NULL;NULL
10000525-5;Jean 'Hyperalmirante' Griezmann Messi;26-05-05;Argentina;56994450272;jean.griezmann525@usach.cl;NULL;NULL;40;323;11350000.00;defensa;TRUE;0;NULL;NULL;NULL;NULL;NULL;NULL;NULL;NULL;NULL
10000526-3;Thomas 'Pistola' Neuer Jara;25-03-97;Portuguesa;56973062810;thomas.neuer526@uca.cl;NULL;NULL;38;319;14700000.00;delantero;TRUE;0;NULL;NULL;NULL;NULL;NULL;NULL;NULL;NULL;NULL
10000527-1;Luka 'Ultrahalcón' Zidane Espinoza;14-11-02;Inglesa;56927205226;luka.zidane527@yahoo.com;NULL;NULL;22;323;15600000.00;defensa;TRUE;0;NULL;NULL;NULL;NULL;NULL;NULL;NULL;NULL;NULL
10000528-K;Santiago 'Hypercomisario' Valdés Salah;04-12-91;Colombiana;56953588606;santiago.valdes528@hotmail.com;NULL;NULL;33;322;6950000.00;arquero;TRUE;0;NULL;NULL;NULL;NULL;NULL;NULL;NULL;NULL;NULL
10000529-8;Luka 'Megapistola' Nuñez Espinoza;24-07-87;Chilena;56969911804;luka.nunez529@yahoo.com;NULL;NULL;6;325;15200000.00;delantero;TRUE;0;NULL;NULL;NULL;NULL;NULL;NULL;NULL;NULL;NULL
10000530-1;Santiago 'Sancometa' De Bruyne Modric;06-09-82;Portuguesa;56989749115;santiago.de bruyne530@hotmail.com;NULL;NULL;28;322;13900000.00;defensa;TRUE;0;NULL;NULL;NULL;NULL;NULL;NULL;NULL;NULL;NULL
10000531-K;Sebastián 'Megamonarca' Vinicius Ramos;26-05-97;Colombiana;56973992422;sebastian.vinicius531@usach.cl;NULL;NULL;36;325;12800000.00;central;FALSE;2;NULL;NULL;NULL;NULL;NULL;NULL;NULL;NULL;NULL
10000532-8;Bastián 'Megabicho' Beausejour Reyes;19-01-78;Brasileña;56915172490;bastian.beausejour532@yahoo.com;NULL;NULL;27;323;2250000.00;arquero;TRUE;0;NULL;NULL;NULL;NULL;NULL;NULL;NULL;NULL;NULL
10000533-6;Eduardo 'Ultrapalote' Alvarez Gutiérrez;15-05-74;Brasileña;56948269918;eduardo.alvarez533@uca.cl;NULL;NULL;31;323;9900000.00;delantero;TRUE;0;NULL;NULL;NULL;NULL;NULL;NULL;NULL;NULL;NULL
10000534-4;Esteban 'Megacoto' Isla Suazo;26-04-01;Inglesa;56949897516;esteban.isla534@uca.cl;NULL;NULL;11;320;9850000.00;defensa;TRUE;0;NULL;NULL;NULL;NULL;NULL;NULL;NULL;NULL;NULL
10000535-2;Julian 'Megacobra' Cortés Nuñez;03-10-96;Colombiana;56997357315;julian.cortes535@gmail.com;NULL;NULL;18;324;11300000.00;central;TRUE;0;NULL;NULL;NULL;NULL;NULL;NULL;NULL;NULL;NULL
10000536-0;Luciano 'Ultrachacal' Riquelme Isla;16-05-95;Argentina;56936625440;luciano.riquelme536@hotmail.com;NULL;NULL;36;325;10400000.00;delantero;TRUE;0;NULL;NULL;NULL;NULL;NULL;NULL;NULL;NULL;NULL
10000537-9;Ezequiel 'Duque' Zidane Paredes;16-06-75;Inglesa;56911592647;ezequiel.zidane537@uca.cl;NULL;NULL;20;324;15600000.00;arquero;TRUE;0;NULL;NULL;NULL;NULL;NULL;NULL;NULL;NULL;NULL
10000538-7;Javier 'Mastervikingo' Castillo Vásquez;06-01-95;Brasileña;56969084515;javier.castillo538@uca.cl;NULL;NULL;37;323;13600000.00;central;TRUE;0;NULL;NULL;NULL;NULL;NULL;NULL;NULL;NULL;NULL
10000539-5;Martín 'Santigre' Vidal Martínez;26-02-99;Peruana;56957278749;martin.vidal539@usach.cl;NULL;NULL;9;325;13650000.00;central;TRUE;0;NULL;NULL;NULL;NULL;NULL;NULL;NULL;NULL;NULL
10000540-9;Erling 'Donvíbora' Rodri Rivera;11-07-88;Chilena;56911795625;erling.rodri540@hotmail.com;NULL;NULL;27;323;15250000.00;delantero;TRUE;0;NULL;NULL;NULL;NULL;NULL;NULL;NULL;NULL;NULL
10000541-7;Pablo 'Ultrasoldado' Muñoz Vergara;20-07-84;Colombiana;56921838870;pablo.munoz541@outlook.com;NULL;NULL;8;321;5100000.00;delantero;TRUE;0;NULL;NULL;NULL;NULL;NULL;NULL;NULL;NULL;NULL
10000542-5;Cristian 'Megafénix' Di María Figueroa;01-10-01;Argentina;56935673092;cristian.di maria542@puc.cl;NULL;NULL;15;319;11100000.00;delantero;TRUE;0;NULL;NULL;NULL;NULL;NULL;NULL;NULL;NULL;NULL
10000543-3;Ángel 'Fiscal' Araya Medel;20-10-03;Uruguaya;56999715208;angel.araya543@gmail.com;NULL;NULL;28;322;15650000.00;defensa;TRUE;0;NULL;NULL;NULL;NULL;NULL;NULL;NULL;NULL;NULL
10000544-1;Carlos 'Masterapache' Galdames Ramos;14-09-77;Brasileña;56920601339;carlos.galdames544@usach.cl;NULL;NULL;9;325;3950000.00;arquero;TRUE;0;NULL;NULL;NULL;NULL;NULL;NULL;NULL;NULL;NULL
10000545-K;Joaquín 'Sancomandante' Cavani Valdés;15-02-96;Alemana;56924242487;joaquin.cavani545@yahoo.com;NULL;NULL;10;319;13000000.00;defensa;TRUE;0;NULL;NULL;NULL;NULL;NULL;NULL;NULL;NULL;NULL
10000546-8;Lautaro 'Doncomisario' Castillo Jara;02-03-71;Francesa;56933482806;lautaro.castillo546@outlook.com;NULL;NULL;28;322;8850000.00;central;TRUE;0;NULL;NULL;NULL;NULL;NULL;NULL;NULL;NULL;NULL
10000547-6;Tomás 'Donroca' Dybala Kane;08-01-98;Francesa;56982106153;tomas.dybala547@hotmail.com;NULL;NULL;10;319;3900000.00;central;TRUE;0;NULL;NULL;NULL;NULL;NULL;NULL;NULL;NULL;NULL
10000548-4;Mauricio 'Hyperpalote' Reyes Ronaldo;17-06-83;Portuguesa;56912659275;mauricio.reyes548@yahoo.com;NULL;NULL;4;321;15500000.00;defensa;TRUE;0;NULL;NULL;NULL;NULL;NULL;NULL;NULL;NULL;NULL
10000549-2;Bastián 'Hypermono' Sánchez Lewandowski;27-06-77;Española;56971381218;bastian.sanchez549@gmail.com;NULL;NULL;7;320;3550000.00;delantero;TRUE;0;NULL;NULL;NULL;NULL;NULL;NULL;NULL;NULL;NULL
10000550-6;Vicente 'Misil' Tapia De Bruyne;28-06-96;Española;56960209271;vicente.tapia550@hotmail.com;NULL;NULL;2;322;6850000.00;defensa;TRUE;0;NULL;NULL;NULL;NULL;NULL;NULL;NULL;NULL;NULL
10000551-4;Luciano 'Hypertigre' Herrera Flores;02-03-86;Inglesa;56925317873;luciano.herrera551@puc.cl;NULL;NULL;38;319;3150000.00;central;TRUE;0;NULL;NULL;NULL;NULL;NULL;NULL;NULL;NULL;NULL
10000552-2;Lucas 'Hyperkáiser' Caszely López;21-02-98;Inglesa;56939945667;lucas.caszely552@usach.cl;NULL;NULL;26;324;13150000.00;central;TRUE;0;NULL;NULL;NULL;NULL;NULL;NULL;NULL;NULL;NULL
10000553-0;Neymar 'Arquitecto' Soto Valdivia;06-09-72;Española;56979705538;neymar.soto553@uca.cl;NULL;NULL;1;326;8200000.00;central;TRUE;0;NULL;NULL;NULL;NULL;NULL;NULL;NULL;NULL;NULL
10000554-9;Alejandro 'Doncometa' Tapia Pizarro;10-09-02;Italiana;56937986556;alejandro.tapia554@yahoo.com;NULL;NULL;7;320;12400000.00;central;TRUE;0;NULL;NULL;NULL;NULL;NULL;NULL;NULL;NULL;NULL
10000555-7;Gabriel 'Masterchacal' Suazo Herrera;19-11-03;Peruana;56990640803;gabriel.suazo555@outlook.com;NULL;NULL;10;319;4600000.00;delantero;TRUE;0;NULL;NULL;NULL;NULL;NULL;NULL;NULL;NULL;NULL
10000556-5;Zinedine 'Megavozinha' Espinoza Carrasco;05-05-78;Francesa;56994019484;zinedine.espinoza556@yahoo.com;NULL;NULL;23;319;3600000.00;defensa;TRUE;0;NULL;NULL;NULL;NULL;NULL;NULL;NULL;NULL;NULL
10000557-3;Santino 'Megajaguar' Morales De Bruyne;18-01-73;Peruana;56952033351;santino.morales557@gmail.com;NULL;NULL;19;322;8450000.00;arquero;TRUE;0;NULL;NULL;NULL;NULL;NULL;NULL;NULL;NULL;NULL
10000558-1;Romelu 'Masterzorro' Bustos Gutiérrez;04-05-70;Uruguaya;56969997927;romelu.bustos558@usach.cl;NULL;NULL;29;326;8650000.00;central;TRUE;0;NULL;NULL;NULL;NULL;NULL;NULL;NULL;NULL;NULL
10000559-K;Cristian 'Sanbarón' Tapia Vinicius;07-12-87;Chilena;56949832538;cristian.tapia559@gmail.com;NULL;NULL;35;319;14750000.00;defensa;TRUE;0;NULL;NULL;NULL;NULL;NULL;NULL;NULL;NULL;NULL
10000560-3;Sergio 'Superpitón' Lukaku Vergara;23-08-74;Argentina;56993641817;sergio.lukaku560@outlook.com;NULL;NULL;32;321;6550000.00;delantero;TRUE;0;NULL;NULL;NULL;NULL;NULL;NULL;NULL;NULL;NULL
10000561-1;Thomas 'Megatitanio' Sepúlveda Sepúlveda;10-04-85;Italiana;56992746241;thomas.sepulveda561@puc.cl;NULL;NULL;40;323;13100000.00;arquero;TRUE;0;NULL;NULL;NULL;NULL;NULL;NULL;NULL;NULL;NULL
10000562-K;Gary 'Hypervikingo' López Soto;26-09-82;Colombiana;56967890146;gary.lopez562@yahoo.com;NULL;NULL;35;319;14150000.00;delantero;FALSE;1;NULL;NULL;NULL;NULL;NULL;NULL;NULL;NULL;NULL
10000563-8;Gabriel 'Megaturboman' Ronaldo Vinicius;09-05-76;Argentina;56962790190;gabriel.ronaldo563@usach.cl;NULL;NULL;22;323;13300000.00;central;TRUE;0;NULL;NULL;NULL;NULL;NULL;NULL;NULL;NULL;NULL
10000564-6;Ezequiel 'Ultraprofesor' Figueroa Morales;08-10-03;Chilena;56946466218;ezequiel.figueroa564@puc.cl;NULL;NULL;2;322;9450000.00;defensa;TRUE;0;NULL;NULL;NULL;NULL;NULL;NULL;NULL;NULL;NULL
10000565-4;Mohamed 'Hyperhormiga' Ramos Rodríguez;11-03-89;Argentina;56927800753;mohamed.ramos565@uca.cl;NULL;NULL;10;319;8900000.00;arquero;TRUE;0;NULL;NULL;NULL;NULL;NULL;NULL;NULL;NULL;NULL
10000566-2;Gonzalo 'Elvozinha' Neuer Güler;23-09-78;Francesa;56929256467;gonzalo.neuer566@usach.cl;NULL;NULL;15;319;14850000.00;central;TRUE;0;NULL;NULL;NULL;NULL;NULL;NULL;NULL;NULL;NULL
10000567-0;Mohamed 'Superrelámpago' Ronaldo Vinicius;12-01-82;Peruana;56931464463;mohamed.ronaldo567@hotmail.com;NULL;NULL;15;319;13450000.00;central;TRUE;0;NULL;NULL;NULL;NULL;NULL;NULL;NULL;NULL;NULL
10000568-9;Benjamín 'Megaaraña' Beausejour Jara;29-04-71;Uruguaya;56950570615;benjamin.beausejour568@uca.cl;NULL;NULL;37;323;10300000.00;central;TRUE;0;NULL;NULL;NULL;NULL;NULL;NULL;NULL;NULL;NULL
10000569-7;Tomás 'Grancomandante' Reyes Vinicius;08-04-95;Italiana;56943472349;tomas.reyes569@uca.cl;NULL;NULL;3;323;5800000.00;defensa;TRUE;0;NULL;NULL;NULL;NULL;NULL;NULL;NULL;NULL;NULL
10000570-0;Gabriel 'Hypervíbora' Galdames Rivera;14-02-80;Peruana;56921529590;gabriel.galdames570@usach.cl;NULL;NULL;40;323;8650000.00;delantero;TRUE;0;NULL;NULL;NULL;NULL;NULL;NULL;NULL;NULL;NULL
10000571-9;Arturo 'Donbarón' Fernández Di María;27-07-01;Chilena;56940376227;arturo.fernandez571@usach.cl;NULL;NULL;38;319;8450000.00;delantero;TRUE;0;NULL;NULL;NULL;NULL;NULL;NULL;NULL;NULL;NULL
10000572-7;Lautaro 'Granmonarca' Flores Espinoza;16-02-84;Inglesa;56913726654;lautaro.flores572@uca.cl;NULL;NULL;34;319;14050000.00;delantero;TRUE;0;NULL;NULL;NULL;NULL;NULL;NULL;NULL;NULL;NULL
10000573-5;Thiago 'Hyperzorro' Gutiérrez Caszely;28-05-86;Chilena;56914028047;thiago.gutierrez573@yahoo.com;NULL;NULL;21;324;7600000.00;arquero;FALSE;1;NULL;NULL;NULL;NULL;NULL;NULL;NULL;NULL;NULL
10000574-3;Maximiliano 'Hypermisil' Bustos Zidane;18-02-92;Brasileña;56970019009;maximiliano.bustos574@uca.cl;NULL;NULL;35;319;13450000.00;arquero;TRUE;0;NULL;NULL;NULL;NULL;NULL;NULL;NULL;NULL;NULL
10000575-1;Bautista 'Ultraguepardo' Yamal Vásquez;09-05-01;Alemana;56963206876;bautista.yamal575@gmail.com;NULL;NULL;24;321;3800000.00;delantero;TRUE;0;NULL;NULL;NULL;NULL;NULL;NULL;NULL;NULL;NULL
10000576-K;Cristiano 'Grantitán' Beausejour Fernández;20-03-99;Portuguesa;56924900038;cristiano.beausejour576@uca.cl;NULL;NULL;26;324;10350000.00;delantero;TRUE;0;NULL;NULL;NULL;NULL;NULL;NULL;NULL;NULL;NULL
10000577-8;Guillermo 'Masterescarabajo' Rivera Flores;25-06-92;Colombiana;56981714674;guillermo.rivera577@hotmail.com;NULL;NULL;26;324;8750000.00;delantero;TRUE;0;NULL;NULL;NULL;NULL;NULL;NULL;NULL;NULL;NULL
10000578-6;Facundo 'Sangaláctico' Morales Cavani;15-08-78;Italiana;56915385246;facundo.morales578@hotmail.com;NULL;NULL;37;323;13950000.00;defensa;FALSE;2;NULL;NULL;NULL;NULL;NULL;NULL;NULL;NULL;NULL
10000579-4;Diego 'Masterrayo' Castillo Araya;27-05-71;Portuguesa;56955318849;diego.castillo579@hotmail.com;NULL;NULL;3;323;5300000.00;central;TRUE;0;NULL;NULL;NULL;NULL;NULL;NULL;NULL;NULL;NULL
10000580-8;José 'Masterpuma' Jara Güler;27-09-79;Uruguaya;56915264308;jose.jara580@outlook.com;NULL;NULL;4;321;5850000.00;delantero;TRUE;0;NULL;NULL;NULL;NULL;NULL;NULL;NULL;NULL;NULL
10000581-6;Erick 'Sanpuntero' Zidane Díaz;03-09-91;Alemana;56947104071;erick.zidane581@uca.cl;NULL;NULL;14;322;8300000.00;defensa;TRUE;0;NULL;NULL;NULL;NULL;NULL;NULL;NULL;NULL;NULL
10000582-4;Santiago 'Ultrapuntero' Díaz Gutiérrez;25-12-90;Italiana;56970170588;santiago.diaz582@yahoo.com;NULL;NULL;26;324;8800000.00;delantero;TRUE;0;NULL;NULL;NULL;NULL;NULL;NULL;NULL;NULL;NULL
10000583-2;Álvaro 'Ultratornado' Toselli De Bruyne;07-03-78;Francesa;56929853359;alvaro.toselli583@yahoo.com;NULL;NULL;23;319;14100000.00;central;TRUE;0;NULL;NULL;NULL;NULL;NULL;NULL;NULL;NULL;NULL
10000584-0;Guillermo 'Mastercobra' Kane Salah;16-02-82;Uruguaya;56970970874;guillermo.kane584@puc.cl;NULL;NULL;26;324;2250000.00;delantero;TRUE;0;NULL;NULL;NULL;NULL;NULL;NULL;NULL;NULL;NULL
10000585-9;Bastián 'Ultragalaxia' Kane Kane;16-05-86;Brasileña;56982308565;bastian.kane585@puc.cl;NULL;NULL;3;323;7100000.00;defensa;TRUE;0;NULL;NULL;NULL;NULL;NULL;NULL;NULL;NULL;NULL
10000586-7;Diego 'Megapulga' Sánchez Figueroa;31-12-72;Española;56922624428;diego.sanchez586@hotmail.com;NULL;NULL;30;319;13400000.00;central;TRUE;0;NULL;NULL;NULL;NULL;NULL;NULL;NULL;NULL;NULL
10000587-5;Mauricio 'Sanmono' Messi Isla;01-02-80;Colombiana;56952137242;mauricio.messi587@outlook.com;NULL;NULL;40;323;6500000.00;central;TRUE;0;NULL;NULL;NULL;NULL;NULL;NULL;NULL;NULL;NULL
10000588-3;Sergio 'Mastersombra' Bravo Modric;14-02-98;Italiana;56923386423;sergio.bravo588@outlook.com;NULL;NULL;21;324;13900000.00;arquero;TRUE;0;NULL;NULL;NULL;NULL;NULL;NULL;NULL;NULL;NULL
10000589-1;Esteban 'Grantorta' Flores Ramos;03-06-76;Brasileña;56996143774;esteban.flores589@uca.cl;NULL;NULL;32;321;12150000.00;central;TRUE;0;NULL;NULL;NULL;NULL;NULL;NULL;NULL;NULL;NULL
10000590-5;Álvaro 'Grancañón' Ronaldo Salah;16-01-86;Brasileña;56924625032;alvaro.ronaldo590@usach.cl;NULL;NULL;36;325;13700000.00;defensa;TRUE;0;NULL;NULL;NULL;NULL;NULL;NULL;NULL;NULL;NULL
10000591-3;Guillermo 'Megahuaso' Mendoza Rodríguez;20-10-05;Española;56955720175;guillermo.mendoza591@puc.cl;NULL;NULL;24;321;2050000.00;central;TRUE;0;NULL;NULL;NULL;NULL;NULL;NULL;NULL;NULL;NULL
10000592-1;Romelu 'Granpitbull' Di María Díaz;13-04-78;Chilena;56983651928;romelu.di maria592@outlook.com;NULL;NULL;38;319;7350000.00;delantero;TRUE;0;NULL;NULL;NULL;NULL;NULL;NULL;NULL;NULL;NULL
10000593-K;Esteban 'Ultradragón' Gómez Salah;23-10-85;Inglesa;56989199524;esteban.gomez593@yahoo.com;NULL;NULL;3;323;8050000.00;delantero;TRUE;0;NULL;NULL;NULL;NULL;NULL;NULL;NULL;NULL;NULL
10000594-8;Edinson 'Sanronaldinho' Kane Yamal;03-05-04;Alemana;56979310510;edinson.kane594@outlook.com;NULL;NULL;2;322;4950000.00;arquero;TRUE;0;NULL;NULL;NULL;NULL;NULL;NULL;NULL;NULL;NULL
10000595-6;Alexis 'Hyperavispón' Isla Kane;28-04-70;Española;56982785884;alexis.isla595@puc.cl;NULL;NULL;32;321;6300000.00;defensa;TRUE;0;NULL;NULL;NULL;NULL;NULL;NULL;NULL;NULL;NULL
10000596-4;Matias 'Granrey' Pizarro Suárez;30-08-82;Peruana;56976879632;matias.pizarro596@yahoo.com;NULL;NULL;17;319;5850000.00;central;TRUE;0;NULL;NULL;NULL;NULL;NULL;NULL;NULL;NULL;NULL
10000597-2;Agustín 'Donemperador' Alvarez Lewandowski;02-11-00;Francesa;56957835385;agustin.alvarez597@hotmail.com;NULL;NULL;22;323;14700000.00;central;TRUE;0;NULL;NULL;NULL;NULL;NULL;NULL;NULL;NULL;NULL
10000598-0;Jaime 'Hypercapataz' Salah Nuñez;28-04-97;Francesa;56974296053;jaime.salah598@puc.cl;NULL;NULL;32;321;11050000.00;central;TRUE;0;NULL;NULL;NULL;NULL;NULL;NULL;NULL;NULL;NULL
10000599-9;Arturo 'Mastermuralla' Caszely Saavedra;05-04-85;Brasileña;56949925156;arturo.caszely599@uca.cl;NULL;NULL;10;319;13900000.00;defensa;TRUE;0;NULL;NULL;NULL;NULL;NULL;NULL;NULL;NULL;NULL
10000600-6;Lautaro 'Masterchapa' Maradona Caszely;08-03-78;Chilena;56928417855;lautaro.maradona600@usach.cl;NULL;NULL;100;323;4850000.00;delantero;TRUE;0;NULL;NULL;NULL;NULL;NULL;NULL;NULL;NULL;NULL
10000601-4;Santino 'Gladiador' Flores Paredes;11-02-73;Argentina;56982030552;santino.flores601@yahoo.com;NULL;NULL;39;324;9600000.00;central;TRUE;0;NULL;NULL;NULL;NULL;NULL;NULL;NULL;NULL;NULL
10000602-2;Arturo 'Mastergrifo' Cortés Gutiérrez;22-01-95;Chilena;56977287612;arturo.cortes602@yahoo.com;NULL;NULL;24;321;6600000.00;central;TRUE;0;NULL;NULL;NULL;NULL;NULL;NULL;NULL;NULL;NULL
10000603-0;Gabriel 'Masterguerrero' Messi Pérez;14-12-97;Italiana;56940869157;gabriel.messi603@puc.cl;NULL;NULL;31;323;10350000.00;central;TRUE;0;NULL;NULL;NULL;NULL;NULL;NULL;NULL;NULL;NULL
10000604-9;Pablo 'Hyperflecha' Torres Yamal;23-05-99;Inglesa;56992451358;pablo.torres604@yahoo.com;NULL;NULL;22;323;14750000.00;delantero;TRUE;0;NULL;NULL;NULL;NULL;NULL;NULL;NULL;NULL;NULL
10000605-7;Álvaro 'Guerrero' Zidane Müller;22-11-00;Italiana;56943676427;alvaro.zidane605@uca.cl;NULL;NULL;11;320;6550000.00;central;TRUE;0;NULL;NULL;NULL;NULL;NULL;NULL;NULL;NULL;NULL
10000606-5;Hernán 'Granpiloto' Gutiérrez Morales;18-05-93;Argentina;56977064656;hernan.gutierrez606@uca.cl;NULL;NULL;29;326;5500000.00;central;TRUE;0;NULL;NULL;NULL;NULL;NULL;NULL;NULL;NULL;NULL
10000607-3;Martín 'Supermuralla' Riquelme Mendoza;28-08-98;Peruana;56931902140;martin.riquelme607@usach.cl;NULL;NULL;4;321;8200000.00;delantero;TRUE;0;NULL;NULL;NULL;NULL;NULL;NULL;NULL;NULL;NULL
10000608-1;Joaquín 'Granronaldinho' Díaz Castillo;11-11-04;Brasileña;56927302705;joaquin.diaz608@outlook.com;NULL;NULL;17;319;2350000.00;delantero;TRUE;0;NULL;NULL;NULL;NULL;NULL;NULL;NULL;NULL;NULL
10000609-K;Nicolás 'Megagenio' Yamal Valdivia;22-09-99;Italiana;56925235002;nicolas.yamal609@gmail.com;NULL;NULL;1;326;14150000.00;central;TRUE;0;NULL;NULL;NULL;NULL;NULL;NULL;NULL;NULL;NULL
10000610-3;Marcos 'Coto' González Griezmann;18-09-83;Argentina;56979681827;marcos.gonzalez610@yahoo.com;NULL;NULL;17;319;7700000.00;delantero;TRUE;0;NULL;NULL;NULL;NULL;NULL;NULL;NULL;NULL;NULL
10000611-1;Santino 'Mastercosmos' Yamal Pizarro;07-11-88;Uruguaya;56917883877;santino.yamal611@usach.cl;NULL;NULL;5;322;7000000.00;delantero;TRUE;0;NULL;NULL;NULL;NULL;NULL;NULL;NULL;NULL;NULL
10000612-K;Ezequiel 'Profesor' Modric Neuer;21-10-75;Uruguaya;56965142759;ezequiel.modric612@hotmail.com;NULL;NULL;34;319;14600000.00;arquero;TRUE;0;NULL;NULL;NULL;NULL;NULL;NULL;NULL;NULL;NULL
10000613-8;Paulo 'Supercóndor' Medel Modric;18-12-91;Peruana;56960932495;paulo.medel613@yahoo.com;NULL;NULL;31;323;9200000.00;delantero;FALSE;2;NULL;NULL;NULL;NULL;NULL;NULL;NULL;NULL;NULL
10000614-6;Francisco 'Supersoldado' Espinoza Espinoza;17-09-74;Francesa;56983620935;francisco.espinoza614@puc.cl;NULL;NULL;2;322;14300000.00;central;TRUE;0;NULL;NULL;NULL;NULL;NULL;NULL;NULL;NULL;NULL
10000615-4;Esteban 'Donpatrón' Benzema Pérez;10-02-93;Uruguaya;56910996468;esteban.benzema615@gmail.com;NULL;NULL;37;323;10950000.00;delantero;TRUE;0;NULL;NULL;NULL;NULL;NULL;NULL;NULL;NULL;NULL
10000616-2;Julian 'Mastermeteoro' Maradona Jara;22-05-98;Inglesa;56922547004;julian.maradona616@outlook.com;NULL;NULL;40;323;4850000.00;central;FALSE;1;NULL;NULL;NULL;NULL;NULL;NULL;NULL;NULL;NULL
10000617-0;Nicolás 'Supertitanio' Valdivia Cavani;27-06-73;Argentina;56918118626;nicolas.valdivia617@gmail.com;NULL;NULL;24;321;8600000.00;central;TRUE;0;NULL;NULL;NULL;NULL;NULL;NULL;NULL;NULL;NULL
10000618-9;Paulo 'Mastersultán' Vidal Cavani;22-05-89;Chilena;56929095051;paulo.vidal618@puc.cl;NULL;NULL;24;321;14800000.00;defensa;TRUE;0;NULL;NULL;NULL;NULL;NULL;NULL;NULL;NULL;NULL
10000619-7;Ángel 'Donconde' Martínez Fernández;30-11-91;Portuguesa;56928858956;angel.martinez619@yahoo.com;NULL;NULL;14;322;8750000.00;delantero;TRUE;0;NULL;NULL;NULL;NULL;NULL;NULL;NULL;NULL;NULL
10000620-0;José 'Sanflecha' Toselli Pérez;18-05-00;Italiana;56944011507;jose.toselli620@usach.cl;NULL;NULL;12;320;3000000.00;arquero;TRUE;0;NULL;NULL;NULL;NULL;NULL;NULL;NULL;NULL;NULL
10000621-9;Alexis 'Gransha' Suazo Di María;28-09-94;Brasileña;56973094847;alexis.suazo621@yahoo.com;NULL;NULL;22;323;2650000.00;delantero;TRUE;0;NULL;NULL;NULL;NULL;NULL;NULL;NULL;NULL;NULL
10000622-7;Gonzalo 'Granjefe' Vidal González;14-12-93;Francesa;56964441201;gonzalo.vidal622@puc.cl;NULL;NULL;20;324;6350000.00;arquero;TRUE;0;NULL;NULL;NULL;NULL;NULL;NULL;NULL;NULL;NULL
10000623-5;Bastián 'Hyperescudo' Bravo Bustos;15-03-75;Española;56971809306;bastian.bravo623@uca.cl;NULL;NULL;1;326;9500000.00;defensa;TRUE;0;NULL;NULL;NULL;NULL;NULL;NULL;NULL;NULL;NULL
10000624-3;Guillermo 'Megaavispa' Arias Caszely;30-07-04;Brasileña;56913573656;guillermo.arias624@yahoo.com;NULL;NULL;14;322;6350000.00;defensa;TRUE;0;NULL;NULL;NULL;NULL;NULL;NULL;NULL;NULL;NULL
10000625-1;Gavi 'Ultrarey' Torres Fuentes;17-01-78;Colombiana;56976725236;gavi.torres625@gmail.com;NULL;NULL;32;321;10400000.00;central;TRUE;0;NULL;NULL;NULL;NULL;NULL;NULL;NULL;NULL;NULL
10000626-K;Gonzalo 'Donpitbull' Salas Figueroa;06-06-01;Peruana;56982667984;gonzalo.salas626@yahoo.com;NULL;NULL;24;321;14650000.00;central;TRUE;0;NULL;NULL;NULL;NULL;NULL;NULL;NULL;NULL;NULL
10000627-8;Kevin 'Centauro' Vergara Pizarro;31-03-76;Peruana;56989387640;kevin.vergara627@uca.cl;NULL;NULL;15;319;8250000.00;delantero;TRUE;0;NULL;NULL;NULL;NULL;NULL;NULL;NULL;NULL;NULL
10000628-6;Jaime 'Masterdoctor' Castro Jara;02-08-99;Inglesa;56982776639;jaime.castro628@hotmail.com;NULL;NULL;25;320;11050000.00;arquero;TRUE;0;NULL;NULL;NULL;NULL;NULL;NULL;NULL;NULL;NULL
10000629-4;Vicente 'Granpistolero' Yamal Isla;02-01-04;Inglesa;56977920535;vicente.yamal629@yahoo.com;NULL;NULL;39;324;2650000.00;defensa;TRUE;0;NULL;NULL;NULL;NULL;NULL;NULL;NULL;NULL;NULL
10000630-8;Lionel 'Sha' Contreras Díaz;30-05-92;Uruguaya;56942282831;lionel.contreras630@yahoo.com;NULL;NULL;8;321;10600000.00;delantero;FALSE;2;NULL;NULL;NULL;NULL;NULL;NULL;NULL;NULL;NULL
10000631-6;Álvaro 'Meteoro' Silva Kroos;01-05-90;Portuguesa;56938019578;alvaro.silva631@hotmail.com;NULL;NULL;25;320;13850000.00;central;TRUE;0;NULL;NULL;NULL;NULL;NULL;NULL;NULL;NULL;NULL
10000632-4;Sergio 'Supercuervo' Muñoz Valdivia;31-05-81;Chilena;56975482149;sergio.munoz632@gmail.com;NULL;NULL;22;323;4250000.00;defensa;TRUE;0;NULL;NULL;NULL;NULL;NULL;NULL;NULL;NULL;NULL
10000633-2;Sebastián 'Megaprofesor' Castro Gutiérrez;07-07-79;Peruana;56984685577;sebastian.castro633@usach.cl;NULL;NULL;3;323;14100000.00;defensa;TRUE;0;NULL;NULL;NULL;NULL;NULL;NULL;NULL;NULL;NULL
10000634-0;Juan 'Hypergeneral' Bustos Güler;21-09-83;Española;56946527121;juan.bustos634@puc.cl;NULL;NULL;30;319;5550000.00;defensa;TRUE;0;NULL;NULL;NULL;NULL;NULL;NULL;NULL;NULL;NULL
10000635-9;Jean 'Hypertorta' Kane Jara;04-08-01;Brasileña;56951107748;jean.kane635@outlook.com;NULL;NULL;13;320;8100000.00;arquero;TRUE;0;NULL;NULL;NULL;NULL;NULL;NULL;NULL;NULL;NULL
10000636-7;Bautista 'Granarquitecto' Cortés Valverde;03-05-95;Inglesa;56913030648;bautista.cortes636@hotmail.com;NULL;NULL;32;321;9950000.00;delantero;TRUE;0;NULL;NULL;NULL;NULL;NULL;NULL;NULL;NULL;NULL
10000637-5;Gonzalo 'Ultraleón' Carrasco Sepúlveda;20-10-03;Uruguaya;56937287151;gonzalo.carrasco637@puc.cl;NULL;NULL;40;323;14950000.00;defensa;TRUE;0;NULL;NULL;NULL;NULL;NULL;NULL;NULL;NULL;NULL
10000638-3;Pablo 'Ronaldinhorápido' De Bruyne Suazo;09-10-70;Inglesa;56947990138;pablo.de bruyne638@puc.cl;NULL;NULL;36;325;8800000.00;central;TRUE;0;NULL;NULL;NULL;NULL;NULL;NULL;NULL;NULL;NULL
10000639-1;Rodrigo 'Supertigre' Kroos Beausejour;13-07-91;Argentina;56934551196;rodrigo.kroos639@puc.cl;NULL;NULL;29;326;3800000.00;delantero;TRUE;0;NULL;NULL;NULL;NULL;NULL;NULL;NULL;NULL;NULL
10000640-5;Jean 'Donciclón' Silva Salas;06-10-71;Inglesa;56952694835;jean.silva640@yahoo.com;NULL;NULL;4;321;11750000.00;central;TRUE;0;NULL;NULL;NULL;NULL;NULL;NULL;NULL;NULL;NULL
10000641-3;Angel 'Megaleón' Di María Muñoz;29-01-80;Colombiana;56958854844;angel.di maria641@puc.cl;NULL;NULL;21;324;9200000.00;defensa;TRUE;0;NULL;NULL;NULL;NULL;NULL;NULL;NULL;NULL;NULL
10000642-1;Álvaro 'Megamono' Haaland Pizarro;06-07-84;Española;56968676964;alvaro.haaland642@hotmail.com;NULL;NULL;36;325;11650000.00;defensa;TRUE;0;NULL;NULL;NULL;NULL;NULL;NULL;NULL;NULL;NULL
10000643-K;Alexis 'Ultrarayo' Suárez Muñoz;25-05-98;Alemana;56945501244;alexis.suarez643@usach.cl;NULL;NULL;15;319;7100000.00;defensa;TRUE;0;NULL;NULL;NULL;NULL;NULL;NULL;NULL;NULL;NULL
10000644-8;Humberto 'Megadragón' Messi Álvarez;26-04-95;Francesa;56968855151;humberto.messi644@yahoo.com;NULL;NULL;11;320;6800000.00;arquero;TRUE;0;NULL;NULL;NULL;NULL;NULL;NULL;NULL;NULL;NULL
10000645-6;Lautaro 'Superpistola' Flores Maripán;21-12-01;Italiana;56982503553;lautaro.flores645@gmail.com;NULL;NULL;14;322;3900000.00;delantero;TRUE;0;NULL;NULL;NULL;NULL;NULL;NULL;NULL;NULL;NULL
10000646-4;Kylian 'Superdoctor' Modric Riquelme;21-09-05;Italiana;56976163148;kylian.modric646@gmail.com;NULL;NULL;15;319;15400000.00;delantero;TRUE;0;NULL;NULL;NULL;NULL;NULL;NULL;NULL;NULL;NULL
10000647-2;Zinedine 'Granpuntero' Rodríguez Fuentes;23-04-86;Uruguaya;56975403838;zinedine.rodriguez647@gmail.com;NULL;NULL;16;319;3700000.00;delantero;TRUE;0;NULL;NULL;NULL;NULL;NULL;NULL;NULL;NULL;NULL
10000648-0;Alejandro 'Megatoro' Herrera Soto;19-09-70;Peruana;56953058294;alejandro.herrera648@outlook.com;NULL;NULL;13;320;11400000.00;defensa;TRUE;0;NULL;NULL;NULL;NULL;NULL;NULL;NULL;NULL;NULL
10000649-9;Carlos 'Granfiscal' Vergara Pizarro;13-04-85;Italiana;56979154081;carlos.vergara649@outlook.com;NULL;NULL;23;319;13300000.00;central;TRUE;0;NULL;NULL;NULL;NULL;NULL;NULL;NULL;NULL;NULL
10000650-2;Alejandro 'Donjaguar' Alvarez Mendoza;20-05-88;Chilena;56976166586;alejandro.alvarez650@hotmail.com;NULL;NULL;17;319;11600000.00;defenza;TRUE;0;NULL;NULL;NULL;NULL;NULL;NULL;NULL;NULL;NULL
10000651-0;Mauricio 'Superescarabajo' Figueroa Caszely;18-08-97;Inglesa;56983372489;mauricio.figueroa651@outlook.com;NULL;NULL;32;321;15050000.00;delanteno;TRUE;0;NULL;NULL;NULL;NULL;NULL;NULL;NULL;NULL;NULL
10000652-9;Nicolás 'Cobra' Muñoz Nuñez;03-01-84;Italiana;56978677106;nicolas.munoz652@outlook.com;NULL;NULL;26;324;6600000.00;arquer0;TRUE;0;NULL;NULL;NULL;NULL;NULL;NULL;NULL;NULL;NULL
10000653-7;David 'Gransombra' Maradona Lukaku;10-08-78;Italiana;56936428357;david.maradona653@usach.cl;NULL;NULL;7;320;4750000.00;arquer0;TRUE;0;NULL;NULL;NULL;NULL;NULL;NULL;NULL;NULL;NULL
10000654-5;Humberto 'César' Rojas Beausejour;27-01-93;Española;56952446270;humberto.rojas654@yahoo.com;NULL;NULL;38;319;2750000.00;delantero;TRUE;0;NULL;NULL;NULL;NULL;NULL;NULL;NULL;NULL;NULL
10000655-3;Gabriel 'Sanjaguar' Kroos Gómez;24-05-03;Uruguaya;56915362581;gabriel.kroos655@usach.cl;NULL;NULL;6;325;8000000.00;defensa;TRUE;0;NULL;NULL;NULL;NULL;NULL;NULL;NULL;NULL;NULL
10000656-1;Karim 'Supervozinha' Suazo Gutiérrez;15-01-97;Uruguaya;56969151875;karim.suazo656@yahoo.com;NULL;NULL;7;320;13300000.00;delantero;TRUE;0;NULL;NULL;NULL;NULL;NULL;NULL;NULL;NULL;NULL
10000657-K;Juan 'Grancometa' Álvarez Morales;21-12-75;Colombiana;56941416876;juan.alvarez657@usach.cl;NULL;NULL;29;326;3750000.00;delantero;TRUE;0;NULL;NULL;NULL;NULL;NULL;NULL;NULL;NULL;NULL
10000658-8;Kevin 'Grantoro' Toselli Müller;21-10-81;Peruana;56914141993;kevin.toselli658@hotmail.com;NULL;NULL;5;322;15700000.00;central;FALSE;2;NULL;NULL;NULL;NULL;NULL;NULL;NULL;NULL;NULL
10000659-6;Pedro 'Sanpiloto' Salah Carrasco;23-08-95;Francesa;56979589366;pedro.salah659@uca.cl;NULL;NULL;5;322;9700000.00;central;TRUE;0;NULL;NULL;NULL;NULL;NULL;NULL;NULL;NULL;NULL
10000660-K;Esteban 'Ultrabicho' Aránguiz Valdés;13-05-95;Brasileña;56962822921;esteban.aranguiz660@uca.cl;NULL;NULL;12;320;4050000.00;defensa;TRUE;0;NULL;NULL;NULL;NULL;NULL;NULL;NULL;NULL;NULL
10000661-8;Sergio 'Masterninja' Bellingham Benzema;01-04-87;Argentina;56994294446;sergio.bellingham661@yahoo.com;NULL;NULL;38;319;9400000.00;arquero;FALSE;2;NULL;NULL;NULL;NULL;NULL;NULL;NULL;NULL;NULL
10000662-6;Erick 'Hyperhuaso' Contreras Suazo;18-01-86;Argentina;56930022643;erick.contreras662@outlook.com;NULL;NULL;30;319;15150000.00;central;TRUE;0;NULL;NULL;NULL;NULL;NULL;NULL;NULL;NULL;NULL
10000663-4;Gavi 'Superduende' Alvarez Araya;24-08-00;Francesa;56984296553;gavi.alvarez663@uca.cl;NULL;NULL;40;323;13500000.00;arquero;TRUE;0;NULL;NULL;NULL;NULL;NULL;NULL;NULL;NULL;NULL
10000664-2;Gary 'Granfénix' Modric Vergara;31-01-89;Alemana;56995629317;gary.modric664@puc.cl;NULL;NULL;29;326;9750000.00;delantero;TRUE;0;NULL;NULL;NULL;NULL;NULL;NULL;NULL;NULL;NULL
10000665-0;Agustín 'Donmaestro' Sepúlveda Fuentes;05-05-91;Italiana;56939536114;agustin.sepulveda665@yahoo.com;NULL;NULL;33;322;4000000.00;defensa;FALSE;2;NULL;NULL;NULL;NULL;NULL;NULL;NULL;NULL;NULL
10000666-9;Sebastián 'Sanalmirante' Salas Salah;29-05-80;Italiana;56927950050;sebastian.salas666@yahoo.com;NULL;NULL;9;325;3450000.00;defensa;TRUE;0;NULL;NULL;NULL;NULL;NULL;NULL;NULL;NULL;NULL
10000667-7;Angel 'Hypercosmos' Vidal Ramos;19-01-01;Peruana;56968094846;angel.vidal667@puc.cl;NULL;NULL;24;321;12300000.00;defensa;TRUE;0;NULL;NULL;NULL;NULL;NULL;NULL;NULL;NULL;NULL
10000668-5;Charles 'Ultrakáiser' Salas Contreras;05-03-89;Peruana;56985702169;charles.salas668@outlook.com;NULL;NULL;17;319;5450000.00;central;TRUE;0;NULL;NULL;NULL;NULL;NULL;NULL;NULL;NULL;NULL
10000669-3;Álvaro 'Mastertiburón' Aránguiz Pérez;10-10-99;Inglesa;56986879880;alvaro.aranguiz669@hotmail.com;NULL;NULL;17;319;5950000.00;defensa;TRUE;0;NULL;NULL;NULL;NULL;NULL;NULL;NULL;NULL;NULL
10000670-7;Gabriel 'Mastertoro' Morales Gómez;18-03-92;Peruana;56966175740;gabriel.morales670@gmail.com;NULL;NULL;15;319;4050000.00;delantero;TRUE;0;NULL;NULL;NULL;NULL;NULL;NULL;NULL;NULL;NULL
10000671-5;Charles 'Masteringeniero' López Maradona;24-12-76;Española;56977140332;charles.lopez671@usach.cl;NULL;NULL;11;320;5850000.00;defensa;TRUE;0;NULL;NULL;NULL;NULL;NULL;NULL;NULL;NULL;NULL
10000672-3;Cristiano 'Grangrifo' Valdivia Zidane;27-10-96;Portuguesa;56990948418;cristiano.valdivia672@uca.cl;NULL;NULL;34;319;9500000.00;central;TRUE;0;NULL;NULL;NULL;NULL;NULL;NULL;NULL;NULL;NULL
10000673-1;Gary 'Cóndor' Bustos Aránguiz;14-05-77;Argentina;56954948603;gary.bustos673@uca.cl;NULL;NULL;8;321;9400000.00;arquero;TRUE;0;NULL;NULL;NULL;NULL;NULL;NULL;NULL;NULL;NULL
10000674-K;Vicente 'Supersha' Espinoza Soto;29-07-79;Chilena;56956726896;vicente.espinoza674@outlook.com;NULL;NULL;13;320;15900000.00;central;TRUE;0;NULL;NULL;NULL;NULL;NULL;NULL;NULL;NULL;NULL
10000675-8;Santiago 'Conde' Suárez Hernández;13-06-03;Brasileña;56927957054;santiago.suarez675@gmail.com;NULL;NULL;23;319;13050000.00;delantero;TRUE;0;NULL;NULL;NULL;NULL;NULL;NULL;NULL;NULL;NULL
10000676-6;Gabriel 'Almirante' Álvarez Suazo;27-11-76;Portuguesa;56990286700;gabriel.alvarez676@yahoo.com;NULL;NULL;5;322;15750000.00;delantero;TRUE;0;NULL;NULL;NULL;NULL;NULL;NULL;NULL;NULL;NULL
10000677-4;Claudio 'Megafaraón' Castro Jara;21-01-80;Portuguesa;56961803353;claudio.castro677@hotmail.com;NULL;NULL;15;319;4450000.00;defensa;TRUE;0;NULL;NULL;NULL;NULL;NULL;NULL;NULL;NULL;NULL
10000678-2;Juan 'Granbambino' Salah Morales;18-11-02;Brasileña;56925598081;juan.salah678@puc.cl;NULL;NULL;28;322;2550000.00;central;TRUE;0;NULL;NULL;NULL;NULL;NULL;NULL;NULL;NULL;NULL
10000679-0;Maximiliano 'Masterrelámpago' Sepúlveda Saavedra;30-05-92;Española;56986338860;maximiliano.sepulveda679@puc.cl;NULL;NULL;15;319;2950000.00;arquero;TRUE;0;NULL;NULL;NULL;NULL;NULL;NULL;NULL;NULL;NULL
10000680-4;Alexis 'Hyperninja' Contreras Torres;15-08-76;Colombiana;56929925033;alexis.contreras680@uca.cl;NULL;NULL;34;319;2900000.00;central;TRUE;0;NULL;NULL;NULL;NULL;NULL;NULL;NULL;NULL;NULL
10000681-2;Gustavo 'Granmaestro' Ramos Rodri;05-06-81;Brasileña;56913818032;gustavo.ramos681@usach.cl;NULL;NULL;32;321;9800000.00;delantero;TRUE;0;NULL;NULL;NULL;NULL;NULL;NULL;NULL;NULL;NULL
10000682-0;Cristian 'Santiburón' Rodríguez Bravo;21-10-93;Italiana;56913459302;cristian.rodriguez682@puc.cl;NULL;NULL;16;319;14450000.00;arquero;TRUE;0;NULL;NULL;NULL;NULL;NULL;NULL;NULL;NULL;NULL
10000683-9;Julian 'Megaingeniero' Castillo Messi;15-02-84;Uruguaya;56971090920;julian.castillo683@usach.cl;NULL;NULL;16;319;14500000.00;arquero;TRUE;0;NULL;NULL;NULL;NULL;NULL;NULL;NULL;NULL;NULL
10000684-7;Luis 'Sanbrujo' Rodríguez Alvarez;06-03-85;Brasileña;56976853659;luis.rodriguez684@hotmail.com;NULL;NULL;19;322;8900000.00;arquero;FALSE;1;NULL;NULL;NULL;NULL;NULL;NULL;NULL;NULL;NULL
10000685-5;Andrés 'Emperador' Carrasco Sánchez;03-02-02;Alemana;56963819883;andres.carrasco685@puc.cl;NULL;NULL;32;321;3300000.00;defensa;TRUE;0;NULL;NULL;NULL;NULL;NULL;NULL;NULL;NULL;NULL
10000686-3;Julian 'Megarelámpago' Salah Reyes;10-12-85;Uruguaya;56996412062;julian.salah686@uca.cl;NULL;NULL;35;319;7700000.00;defensa;TRUE;0;NULL;NULL;NULL;NULL;NULL;NULL;NULL;NULL;NULL
10000687-1;Angel 'Sanarquitecto' Valverde Neuer;12-05-95;Inglesa;56992356872;angel.valverde687@uca.cl;NULL;NULL;36;325;4550000.00;central;TRUE;0;NULL;NULL;NULL;NULL;NULL;NULL;NULL;NULL;NULL
10000688-K;Álvaro 'Hyperduende' Muñoz Rojas;12-07-97;Brasileña;56999045672;alvaro.munoz688@gmail.com;NULL;NULL;20;324;11550000.00;delantero;TRUE;0;NULL;NULL;NULL;NULL;NULL;NULL;NULL;NULL;NULL
10000689-8;Juan 'Hyperpuma' Toselli Hernández;18-05-04;Chilena;56951349247;juan.toselli689@outlook.com;NULL;NULL;2;322;7550000.00;defensa;TRUE;0;NULL;NULL;NULL;NULL;NULL;NULL;NULL;NULL;NULL
10000690-1;Luciano 'Mastercoto' Caszely Bellingham;09-08-99;Alemana;56968499126;luciano.caszely690@outlook.com;NULL;NULL;20;324;5350000.00;delantero;TRUE;0;NULL;NULL;NULL;NULL;NULL;NULL;NULL;NULL;NULL
10000691-K;Martín 'Sanfideo' Valdivia Isla;15-01-86;Uruguaya;56980270600;martin.valdivia691@puc.cl;NULL;NULL;35;319;3200000.00;delantero;TRUE;0;NULL;NULL;NULL;NULL;NULL;NULL;NULL;NULL;NULL
10000692-8;Thiago 'Hyperbúho' Caszely Bellingham;25-05-98;Italiana;56976661156;thiago.caszely692@yahoo.com;NULL;NULL;10;319;2000000.00;central;TRUE;0;NULL;NULL;NULL;NULL;NULL;NULL;NULL;NULL;NULL
10000693-6;David 'Hyperprofesor' Arias Rivera;25-10-83;Uruguaya;56915938405;david.arias693@outlook.com;NULL;NULL;22;323;8350000.00;delantero;TRUE;0;NULL;NULL;NULL;NULL;NULL;NULL;NULL;NULL;NULL
10000694-4;Gavi 'Supertitán' Muñoz Neuer;05-06-90;Uruguaya;56976765206;gavi.munoz694@yahoo.com;NULL;NULL;6;325;15100000.00;defensa;TRUE;0;NULL;NULL;NULL;NULL;NULL;NULL;NULL;NULL;NULL
10000695-2;Bautista 'Vozinha' Rojas Medel;03-12-92;Alemana;56976242038;bautista.rojas695@usach.cl;NULL;NULL;29;326;12400000.00;central;TRUE;0;NULL;NULL;NULL;NULL;NULL;NULL;NULL;NULL;NULL
10000696-0;Francisco 'Megaguepardo' Haaland Vinicius;13-07-78;Francesa;56929802232;francisco.haaland696@yahoo.com;NULL;NULL;39;324;8450000.00;delantero;TRUE;0;NULL;NULL;NULL;NULL;NULL;NULL;NULL;NULL;NULL
10000697-9;Thiago 'Ultratoro' Jara Nuñez;27-07-71;Uruguaya;56967355693;thiago.jara697@gmail.com;NULL;NULL;26;324;10500000.00;defensa;TRUE;0;NULL;NULL;NULL;NULL;NULL;NULL;NULL;NULL;NULL
10000698-7;Paulo 'Ultrarinoceronte' Riquelme Bravo;28-02-91;Argentina;56922216716;paulo.riquelme698@yahoo.com;NULL;NULL;3;323;13950000.00;arquero;FALSE;1;NULL;NULL;NULL;NULL;NULL;NULL;NULL;NULL;NULL
10000699-5;Bastián 'Ultracacique' Tapia Haaland;11-05-97;Portuguesa;56963180161;bastian.tapia699@puc.cl;NULL;NULL;23;319;15600000.00;defensa;TRUE;0;NULL;NULL;NULL;NULL;NULL;NULL;NULL;NULL;NULL
10000700-2;Matías 'Galáctico' Maradona Mbappe;07-02-95;Italiana;56916423582;matias.maradona700@outlook.com;NULL;NULL;30;319;7400000.00;defensa;TRUE;0;NULL;NULL;NULL;NULL;NULL;NULL;NULL;NULL;NULL
10000701-0;José 'Donvikingo' Fuentes Salah;02-05-73;Alemana;56957951170;jose.fuentes701@uca.cl;NULL;NULL;16;319;15100000.00;central;TRUE;0;NULL;NULL;NULL;NULL;NULL;NULL;NULL;NULL;NULL
10000702-9;Francisco 'Megachacal' Nuñez Mbappe;14-10-93;Uruguaya;56918550934;francisco.nunez702@usach.cl;NULL;NULL;39;324;4700000.00;central;TRUE;0;NULL;NULL;NULL;NULL;NULL;NULL;NULL;NULL;NULL
10000703-7;Marcos 'Sancobra' Castillo Griezmann;20-04-02;Brasileña;56971654796;marcos.castillo703@usach.cl;NULL;NULL;24;321;14550000.00;delantero;TRUE;0;NULL;NULL;NULL;NULL;NULL;NULL;NULL;NULL;NULL
10000704-5;Guillermo 'Mastermono' Saavedra Álvarez;30-01-87;Portuguesa;56939572251;guillermo.saavedra704@outlook.com;NULL;NULL;19;322;3050000.00;central;TRUE;0;NULL;NULL;NULL;NULL;NULL;NULL;NULL;NULL;NULL
10000705-3;Tomás 'Titanio' Vásquez Arias;29-03-03;Uruguaya;56961310494;tomas.vasquez705@gmail.com;NULL;NULL;2;322;6300000.00;central;TRUE;0;NULL;NULL;NULL;NULL;NULL;NULL;NULL;NULL;NULL
10000706-1;Jorge 'Mastercóndor' Medel Sepúlveda;05-01-99;Italiana;56981532723;jorge.medel706@usach.cl;NULL;NULL;33;322;6850000.00;central;TRUE;0;NULL;NULL;NULL;NULL;NULL;NULL;NULL;NULL;NULL
10000707-K;Mauricio 'Hyperdoctor' Figueroa Rodríguez;08-11-75;Alemana;56994309694;mauricio.figueroa707@uca.cl;NULL;NULL;31;323;3900000.00;defensa;TRUE;0;NULL;NULL;NULL;NULL;NULL;NULL;NULL;NULL;NULL
10000708-8;Thiago 'Santanque' Messi Vinicius;16-03-85;Uruguaya;56920373294;thiago.messi708@uca.cl;NULL;NULL;8;321;11150000.00;central;TRUE;0;NULL;NULL;NULL;NULL;NULL;NULL;NULL;NULL;NULL
10000709-6;Gonzalo 'Grantorpedo' Pizarro Bellingham;14-09-03;Argentina;56998913830;gonzalo.pizarro709@outlook.com;NULL;NULL;2;322;11550000.00;defensa;TRUE;0;NULL;NULL;NULL;NULL;NULL;NULL;NULL;NULL;NULL
10000710-K;Luciano 'Pájaro' Maradona Figueroa;26-02-93;Portuguesa;56972903542;luciano.maradona710@hotmail.com;NULL;NULL;34;319;13950000.00;central;TRUE;0;NULL;NULL;NULL;NULL;NULL;NULL;NULL;NULL;NULL
10000711-8;Mateo 'Masterhechicero' Lewandowski Kroos;24-06-00;Alemana;56939556603;mateo.lewandowski711@puc.cl;NULL;NULL;8;321;8750000.00;defensa;TRUE;0;NULL;NULL;NULL;NULL;NULL;NULL;NULL;NULL;NULL
10000712-6;Lautaro 'Mastercrack' Suárez Lukaku;20-09-86;Italiana;56971853950;lautaro.suarez712@usach.cl;NULL;NULL;9;325;11900000.00;defensa;TRUE;0;NULL;NULL;NULL;NULL;NULL;NULL;NULL;NULL;NULL
10000713-4;Marcos 'Granpuma' Álvarez Ronaldo;04-07-88;Colombiana;56957593710;marcos.alvarez713@usach.cl;NULL;NULL;21;324;4750000.00;central;TRUE;0;NULL;NULL;NULL;NULL;NULL;NULL;NULL;NULL;NULL
10000714-2;Álvaro 'Sanpantera' Vargas Nuñez;28-06-94;Argentina;56951303015;alvaro.vargas714@usach.cl;NULL;NULL;6;325;11550000.00;delantero;TRUE;0;NULL;NULL;NULL;NULL;NULL;NULL;NULL;NULL;NULL
10000715-0;Mateo 'Donlanza' Valdivia Benzema;15-09-98;Inglesa;56983177742;mateo.valdivia715@puc.cl;NULL;NULL;6;325;4950000.00;defensa;TRUE;0;NULL;NULL;NULL;NULL;NULL;NULL;NULL;NULL;NULL
10000716-9;Marcelo 'Hyperconde' Castillo Espinoza;20-09-84;Española;56966659647;marcelo.castillo716@gmail.com;NULL;NULL;35;319;7600000.00;delantero;TRUE;0;NULL;NULL;NULL;NULL;NULL;NULL;NULL;NULL;NULL
10000717-7;Luciano 'Ultragato' Ronaldo Rodri;22-09-05;Colombiana;56924964292;luciano.ronaldo717@usach.cl;NULL;NULL;21;324;14350000.00;delantero;TRUE;0;NULL;NULL;NULL;NULL;NULL;NULL;NULL;NULL;NULL
10000718-5;Federico 'Hyperbarón' Saavedra Rodri;13-02-79;Inglesa;56972680699;federico.saavedra718@usach.cl;NULL;NULL;35;319;12100000.00;arquero;TRUE;0;NULL;NULL;NULL;NULL;NULL;NULL;NULL;NULL;NULL
10000719-3;Guillermo 'Sangrifo' Mendoza Martínez;28-04-87;Brasileña;56924881317;guillermo.mendoza719@uca.cl;NULL;NULL;12;320;7600000.00;central;TRUE;0;NULL;NULL;NULL;NULL;NULL;NULL;NULL;NULL;NULL
10000720-7;Lionel 'Ultratitanio' Espinoza Suazo;21-08-05;Francesa;56970399260;lionel.espinoza720@gmail.com;NULL;NULL;21;324;13600000.00;central;TRUE;0;NULL;NULL;NULL;NULL;NULL;NULL;NULL;NULL;NULL
10000721-5;Nicolás 'Hypersoldado' Pulgar De Bruyne;26-11-81;Peruana;56956969877;nicolas.pulgar721@outlook.com;NULL;NULL;38;319;13950000.00;central;TRUE;0;NULL;NULL;NULL;NULL;NULL;NULL;NULL;NULL;NULL
10000722-3;David 'Mastercaimán' Dybala Ramos;06-03-04;Brasileña;56992792385;david.dybala722@outlook.com;NULL;NULL;36;325;9200000.00;defensa;TRUE;0;NULL;NULL;NULL;NULL;NULL;NULL;NULL;NULL;NULL
10000723-1;Charles 'Granchapa' Castro López;16-03-71;Alemana;56998517686;charles.castro723@yahoo.com;NULL;NULL;7;320;13450000.00;defensa;TRUE;0;NULL;NULL;NULL;NULL;NULL;NULL;NULL;NULL;NULL
10000724-K;Esteban 'Sancomisario' Vargas Carrasco;16-08-05;Colombiana;56958226836;esteban.vargas724@gmail.com;NULL;NULL;17;319;6450000.00;arquero;TRUE;0;NULL;NULL;NULL;NULL;NULL;NULL;NULL;NULL;NULL
10000725-8;Nicolás 'Megagladiador' Benzema Medel;13-02-83;Brasileña;56981894298;nicolas.benzema725@puc.cl;NULL;NULL;8;321;13750000.00;defensa;TRUE;0;NULL;NULL;NULL;NULL;NULL;NULL;NULL;NULL;NULL
10000726-6;Paulo 'Granescarabajo' Cavani Kane;09-03-05;Italiana;56969080599;paulo.cavani726@uca.cl;NULL;NULL;19;322;2400000.00;defensa;TRUE;0;NULL;NULL;NULL;NULL;NULL;NULL;NULL;NULL;NULL
10000727-4;Javier 'Megalobo' Ramos Paredes;15-05-83;Brasileña;56980142239;javier.ramos727@gmail.com;NULL;NULL;8;321;4700000.00;central;TRUE;0;NULL;NULL;NULL;NULL;NULL;NULL;NULL;NULL;NULL
10000728-2;Thomas 'Superrifle' Benzema Sepúlveda;30-10-05;Peruana;56925363913;thomas.benzema728@usach.cl;NULL;NULL;38;319;4500000.00;central;TRUE;0;NULL;NULL;NULL;NULL;NULL;NULL;NULL;NULL;NULL
10000729-0;Mateo 'Megaáguila' Pizarro Martínez;05-10-93;Alemana;56996611279;mateo.pizarro729@uca.cl;NULL;NULL;3;323;9100000.00;delantero;TRUE;0;NULL;NULL;NULL;NULL;NULL;NULL;NULL;NULL;NULL
10000730-4;Gary 'Sangeneral' Muñoz Castillo;10-05-05;Española;56997546085;gary.munoz730@usach.cl;NULL;NULL;13;320;6750000.00;delantero;TRUE;0;NULL;NULL;NULL;NULL;NULL;NULL;NULL;NULL;NULL
10000731-2;Gustavo 'Megachupete' Isla Herrera;19-11-00;Italiana;56956793510;gustavo.isla731@usach.cl;NULL;NULL;28;322;9150000.00;arquero;TRUE;0;NULL;NULL;NULL;NULL;NULL;NULL;NULL;NULL;NULL
10000732-0;Thomas 'Hyperchacal' Bustos Zidane;14-01-80;Española;56977472567;thomas.bustos732@outlook.com;NULL;NULL;35;319;2700000.00;central;TRUE;0;NULL;NULL;NULL;NULL;NULL;NULL;NULL;NULL;NULL
10000733-9;Javier 'Supergeneral' Rodríguez Paredes;20-08-91;Brasileña;56911678846;javier.rodriguez733@uca.cl;NULL;NULL;27;323;9850000.00;defensa;TRUE;0;NULL;NULL;NULL;NULL;NULL;NULL;NULL;NULL;NULL
10000734-7;Eduardo 'Granvikingo' De Bruyne Cortés;14-06-81;Uruguaya;56920402887;eduardo.de bruyne734@yahoo.com;NULL;NULL;38;319;14050000.00;defensa;TRUE;0;NULL;NULL;NULL;NULL;NULL;NULL;NULL;NULL;NULL
10000735-5;Pedro 'Víbora' Álvarez Vásquez;16-07-73;Brasileña;56992911746;pedro.alvarez735@hotmail.com;NULL;NULL;36;325;13750000.00;arquero;TRUE;0;NULL;NULL;NULL;NULL;NULL;NULL;NULL;NULL;NULL
10000736-3;Federico 'Palote' Salas Kroos;14-02-71;Española;56973278719;federico.salas736@hotmail.com;NULL;NULL;5;322;11650000.00;central;TRUE;0;NULL;NULL;NULL;NULL;NULL;NULL;NULL;NULL;NULL
10000737-1;Gonzalo 'Grangato' Araya Bravo;03-08-88;Italiana;56925769235;gonzalo.araya737@outlook.com;NULL;NULL;6;325;4550000.00;central;TRUE;0;NULL;NULL;NULL;NULL;NULL;NULL;NULL;NULL;NULL
10000738-K;Gonzalo 'Sanapache' Vidal Cortés;11-04-76;Inglesa;56972676436;gonzalo.vidal738@usach.cl;NULL;NULL;31;323;14050000.00;arquero;TRUE;0;NULL;NULL;NULL;NULL;NULL;NULL;NULL;NULL;NULL
10000739-8;Luciano 'Granemperador' De Bruyne Salas;26-04-91;Española;56956314211;luciano.de bruyne739@usach.cl;NULL;NULL;12;320;2500000.00;delantero;FALSE;2;NULL;NULL;NULL;NULL;NULL;NULL;NULL;NULL;NULL
10000740-1;Gastón 'Masterarquitecto' Valverde Cortés;30-12-01;Española;56928757594;gaston.valverde740@outlook.com;NULL;NULL;4;321;13700000.00;central;TRUE;0;NULL;NULL;NULL;NULL;NULL;NULL;NULL;NULL;NULL
10000741-K;Humberto 'Sanleón' Dybala Valdés;08-06-77;Portuguesa;56948901405;humberto.dybala741@yahoo.com;NULL;NULL;38;319;9950000.00;delantero;TRUE;0;NULL;NULL;NULL;NULL;NULL;NULL;NULL;NULL;NULL
10000742-8;Cristian 'Doncrack' Díaz Sánchez;16-06-82;Alemana;56920991568;cristian.diaz742@usach.cl;NULL;NULL;6;325;15950000.00;central;TRUE;0;NULL;NULL;NULL;NULL;NULL;NULL;NULL;NULL;NULL
10000743-6;Thiago 'Sanmuralla' Modric Vargas;02-08-91;Uruguaya;56949595475;thiago.modric743@hotmail.com;NULL;NULL;28;322;3600000.00;central;TRUE;0;NULL;NULL;NULL;NULL;NULL;NULL;NULL;NULL;NULL
10000744-4;Nicolás 'Megapájaro' Kane Pérez;27-06-96;Portuguesa;56927143864;nicolas.kane744@uca.cl;NULL;NULL;2;322;8800000.00;delantero;TRUE;0;NULL;NULL;NULL;NULL;NULL;NULL;NULL;NULL;NULL
10000745-2;Hernán 'Ultrafiscal' Flores Sánchez;20-07-90;Italiana;56961561583;hernan.flores745@hotmail.com;NULL;NULL;5;322;15000000.00;central;TRUE;0;NULL;NULL;NULL;NULL;NULL;NULL;NULL;NULL;NULL
10000746-0;Gonzalo 'Ultracomandante' Yamal Morales;01-12-95;Argentina;56927966829;gonzalo.yamal746@usach.cl;NULL;NULL;33;322;6200000.00;defensa;TRUE;0;NULL;NULL;NULL;NULL;NULL;NULL;NULL;NULL;NULL
10000747-9;Benjamín 'Sanpichichi' Kane Dybala;07-04-84;Portuguesa;56995793734;benjamin.kane747@yahoo.com;NULL;NULL;24;321;6800000.00;defensa;TRUE;0;NULL;NULL;NULL;NULL;NULL;NULL;NULL;NULL;NULL
10000748-7;José 'Genio' Rodríguez Haaland;14-05-72;Italiana;56927155897;jose.rodriguez748@yahoo.com;NULL;NULL;26;324;4450000.00;defensa;TRUE;0;NULL;NULL;NULL;NULL;NULL;NULL;NULL;NULL;NULL
10000749-5;David 'Donhalcón' Nuñez Valdivia;17-07-94;Francesa;56989806136;david.nunez749@puc.cl;NULL;NULL;40;323;15150000.00;central;TRUE;0;NULL;NULL;NULL;NULL;NULL;NULL;NULL;NULL;NULL
10000750-9;Francisco 'Megaking' Yamal Bustos;19-08-97;Italiana;56997038734;francisco.yamal750@gmail.com;NULL;NULL;12;320;3050000.00;delantero;TRUE;0;NULL;NULL;NULL;NULL;NULL;NULL;NULL;NULL;NULL
10000751-7;Edinson 'Supersombra' Soto Pérez;01-04-00;Peruana;56961547334;edinson.soto751@hotmail.com;NULL;NULL;19;322;2900000.00;arquero;TRUE;0;NULL;NULL;NULL;NULL;NULL;NULL;NULL;NULL;NULL
10000752-5;Ezequiel 'Ultraturboman' Maradona Cavani;22-05-84;Francesa;56999730925;ezequiel.maradona752@hotmail.com;NULL;NULL;29;326;6350000.00;delantero;TRUE;0;NULL;NULL;NULL;NULL;NULL;NULL;NULL;NULL;NULL
10000753-3;Kylian 'Cacique' Saavedra Salas;19-07-91;Alemana;56990357247;kylian.saavedra753@hotmail.com;NULL;NULL;8;321;2000000.00;defensa;TRUE;0;NULL;NULL;NULL;NULL;NULL;NULL;NULL;NULL;NULL
10000754-1;Karim 'Mastervozinha' Paredes Valdés;24-05-79;Colombiana;56994085256;karim.paredes754@hotmail.com;NULL;NULL;28;322;5250000.00;central;TRUE;0;NULL;NULL;NULL;NULL;NULL;NULL;NULL;NULL;NULL
10000755-K;Maximiliano 'Ultraaraña' Rivera Vargas;08-04-90;Italiana;56941018094;maximiliano.rivera755@usach.cl;NULL;NULL;25;320;3650000.00;defensa;TRUE;0;NULL;NULL;NULL;NULL;NULL;NULL;NULL;NULL;NULL
10000756-8;Gastón 'Superhuracán' Pérez Castro;17-06-81;Española;56933837686;gaston.perez756@usach.cl;NULL;NULL;16;319;11400000.00;defensa;TRUE;0;NULL;NULL;NULL;NULL;NULL;NULL;NULL;NULL;NULL
10000757-6;Gastón 'Ultrabúho' Bellingham Gómez;02-01-86;Uruguaya;56912050160;gaston.bellingham757@yahoo.com;NULL;NULL;12;320;11150000.00;defensa;TRUE;0;NULL;NULL;NULL;NULL;NULL;NULL;NULL;NULL;NULL
10000758-4;Diego 'Granterremoto' Galdames Modric;01-10-94;Colombiana;56994228551;diego.galdames758@outlook.com;NULL;NULL;20;324;15300000.00;central;TRUE;0;NULL;NULL;NULL;NULL;NULL;NULL;NULL;NULL;NULL
10000759-2;Santiago 'Sancoto' Isla Figueroa;05-06-05;Española;56929522181;santiago.isla759@yahoo.com;NULL;NULL;7;320;4300000.00;central;TRUE;0;NULL;NULL;NULL;NULL;NULL;NULL;NULL;NULL;NULL
10000760-6;Kylian 'Hyperpiloto' Ronaldo Jara;12-02-71;Portuguesa;56930966752;kylian.ronaldo760@yahoo.com;NULL;NULL;14;322;5300000.00;defensa;TRUE;0;NULL;NULL;NULL;NULL;NULL;NULL;NULL;NULL;NULL
10000761-4;Javier 'Hyperlanza' Riquelme Pizarro;24-08-00;Inglesa;56915110391;javier.riquelme761@uca.cl;NULL;NULL;25;320;10450000.00;central;TRUE;0;NULL;NULL;NULL;NULL;NULL;NULL;NULL;NULL;NULL
10000762-2;Agustín 'Masterturboman' Castro Torres;01-02-80;Inglesa;56921814107;agustin.castro762@yahoo.com;NULL;NULL;22;323;4850000.00;defensa;TRUE;0;NULL;NULL;NULL;NULL;NULL;NULL;NULL;NULL;NULL
10000763-0;Pelé 'Megapitbull' Gutiérrez Griezmann;28-08-81;Peruana;56940322387;pele.gutierrez763@uca.cl;NULL;NULL;15;319;14200000.00;defensa;TRUE;0;NULL;NULL;NULL;NULL;NULL;NULL;NULL;NULL;NULL
10000764-9;Álvaro 'Donrinoceronte' Lukaku Martínez;15-04-91;Uruguaya;56938682541;alvaro.lukaku764@puc.cl;NULL;NULL;38;319;6100000.00;central;TRUE;0;NULL;NULL;NULL;NULL;NULL;NULL;NULL;NULL;NULL
10000765-7;Edinson 'Donfiscal' Rodríguez González;22-07-82;Peruana;56995637507;edinson.rodriguez765@puc.cl;NULL;NULL;5;322;2950000.00;delantero;TRUE;0;NULL;NULL;NULL;NULL;NULL;NULL;NULL;NULL;NULL
10000766-5;David 'Granguerrero' Paredes Haaland;22-09-90;Portuguesa;56941092083;david.paredes766@outlook.com;NULL;NULL;33;322;8700000.00;delantero;TRUE;0;NULL;NULL;NULL;NULL;NULL;NULL;NULL;NULL;NULL
10000767-3;Vicente 'Ultracrack' Salah Güler;05-08-80;Francesa;56917077930;vicente.salah767@outlook.com;NULL;NULL;29;326;7100000.00;delantero;TRUE;0;NULL;NULL;NULL;NULL;NULL;NULL;NULL;NULL;NULL
10000768-1;Mauricio 'Donpitón' Vergara Tapia;09-10-91;Alemana;56959710271;mauricio.vergara768@uca.cl;NULL;NULL;16;319;14750000.00;delantero;FALSE;1;NULL;NULL;NULL;NULL;NULL;NULL;NULL;NULL;NULL
10000769-K;Juan 'Hyperminotauro' Yamal Riquelme;30-03-75;Chilena;56958561101;juan.yamal769@usach.cl;NULL;NULL;37;323;6750000.00;defensa;TRUE;0;NULL;NULL;NULL;NULL;NULL;NULL;NULL;NULL;NULL
10000770-3;Juan 'Masterpitbull' Fuentes Espinoza;01-07-93;Uruguaya;56923694386;juan.fuentes770@usach.cl;NULL;NULL;40;323;15900000.00;central;TRUE;0;NULL;NULL;NULL;NULL;NULL;NULL;NULL;NULL;NULL
10000771-1;Sergio 'Masterpríncipe' Beausejour Martínez;13-05-71;Francesa;56999268502;sergio.beausejour771@puc.cl;NULL;NULL;9;325;12700000.00;defensa;TRUE;0;NULL;NULL;NULL;NULL;NULL;NULL;NULL;NULL;NULL
10000772-K;Gonzalo 'Superpichichi' Tapia Bellingham;07-06-83;Uruguaya;56991416802;gonzalo.tapia772@hotmail.com;NULL;NULL;27;323;4050000.00;defensa;TRUE;0;NULL;NULL;NULL;NULL;NULL;NULL;NULL;NULL;NULL
10000773-8;Paulo 'Dongladiador' Güler Rodri;16-07-93;Uruguaya;56930540911;paulo.güler773@puc.cl;NULL;NULL;31;323;4350000.00;arquero;TRUE;0;NULL;NULL;NULL;NULL;NULL;NULL;NULL;NULL;NULL
10000774-6;Bautista 'Ultrameteoro' Fuentes Suazo;06-10-05;Francesa;56949257467;bautista.fuentes774@usach.cl;NULL;NULL;9;325;3800000.00;arquero;TRUE;0;NULL;NULL;NULL;NULL;NULL;NULL;NULL;NULL;NULL
10000775-4;Erling 'Elchupete' Vidal Torres;23-03-89;Colombiana;56930513850;erling.vidal775@gmail.com;NULL;NULL;21;324;12900000.00;central;TRUE;0;NULL;NULL;NULL;NULL;NULL;NULL;NULL;NULL;NULL
10000776-2;David 'Turboman' Vásquez Bravo;29-08-90;Chilena;56965321909;david.vasquez776@usach.cl;NULL;NULL;32;321;7650000.00;defensa;TRUE;0;NULL;NULL;NULL;NULL;NULL;NULL;NULL;NULL;NULL
10000777-0;Raúl 'Superdepredador' Tapia Maripán;03-01-05;Chilena;56963542971;raul.tapia777@yahoo.com;NULL;NULL;10;319;15400000.00;central;TRUE;0;NULL;NULL;NULL;NULL;NULL;NULL;NULL;NULL;NULL
10000778-9;Enzo 'Duende' Galdames Sánchez;10-10-03;Inglesa;56957280318;enzo.galdames778@outlook.com;NULL;NULL;6;325;4700000.00;central;TRUE;0;NULL;NULL;NULL;NULL;NULL;NULL;NULL;NULL;NULL
10000779-7;Alejandro 'Ultracobra' Di María Dybala;17-01-74;Uruguaya;56957434048;alejandro.di maria779@outlook.com;NULL;NULL;16;319;47.00;defensa;TRUE;0;NULL;NULL;NULL;NULL;NULL;NULL;NULL;NULL;NULL
10000780-0;Ignacio 'Megapuma' Saavedra Pérez;13-03-75;Colombiana;56972911384;ignacio.saavedra780@hotmail.com;NULL;NULL;13;320;9850000.00;delantero;TRUE;0;NULL;NULL;NULL;NULL;NULL;NULL;NULL;NULL;NULL
10000781-9;Benjamín 'Dontoro' Paredes Muñoz;02-12-90;Chilena;56986033521;benjamin.paredes781@uca.cl;NULL;NULL;27;323;9000000.00;central;TRUE;0;NULL;NULL;NULL;NULL;NULL;NULL;NULL;NULL;NULL
10000782-7;Lucas 'Granhechicero' Arias Zidane;19-02-92;Inglesa;56970360124;lucas.arias782@hotmail.com;NULL;NULL;18;324;15500000.00;arquero;TRUE;0;NULL;NULL;NULL;NULL;NULL;NULL;NULL;NULL;NULL
10000783-5;Gavi 'Grankáiser' Ramos Hernández;09-07-94;Peruana;56959727841;gavi.ramos783@uca.cl;NULL;NULL;19;322;5700000.00;defensa;TRUE;0;NULL;NULL;NULL;NULL;NULL;NULL;NULL;NULL;NULL
10000784-3;Jaime 'Sangladiador' Cortés Messi;02-04-81;Española;56993716835;jaime.cortes784@puc.cl;NULL;NULL;14;322;2200000.00;delantero;TRUE;0;NULL;NULL;NULL;NULL;NULL;NULL;NULL;NULL;NULL
10000785-1;Guillermo 'Supercapitán' Martínez Caszely;10-03-79;Portuguesa;56999708624;guillermo.martinez785@gmail.com;NULL;NULL;36;325;7550000.00;central;TRUE;0;NULL;NULL;NULL;NULL;NULL;NULL;NULL;NULL;NULL
10000786-K;Edinson 'Supersatélite' Isla Maripán;18-03-99;Portuguesa;56956462260;edinson.isla786@outlook.com;NULL;NULL;34;319;2200000.00;defensa;TRUE;0;NULL;NULL;NULL;NULL;NULL;NULL;NULL;NULL;NULL
10000787-8;Angel 'Granavispón' Caszely Griezmann;24-11-83;Argentina;56973364078;angel.caszely787@puc.cl;NULL;NULL;40;323;10650000.00;delantero;TRUE;0;NULL;NULL;NULL;NULL;NULL;NULL;NULL;NULL;NULL
10000788-6;Luka 'Grancohete' Di María Haaland;29-10-90;Colombiana;56953174339;luka.di maria788@uca.cl;NULL;NULL;5;322;4550000.00;defensa;TRUE;0;NULL;NULL;NULL;NULL;NULL;NULL;NULL;NULL;NULL
10000789-4;Mateo 'Megagaláctico' Caszely Caszely;13-07-90;Peruana;56999749400;mateo.caszely789@yahoo.com;NULL;NULL;13;320;4000000.00;delantero;TRUE;0;NULL;NULL;NULL;NULL;NULL;NULL;NULL;NULL;NULL
10000790-8;Harry 'Masterpichichi' Torres Medel;20-01-88;Portuguesa;56947723922;harry.torres790@outlook.com;NULL;NULL;6;325;4150000.00;defensa;TRUE;0;NULL;NULL;NULL;NULL;NULL;NULL;NULL;NULL;NULL
10000791-6;Luis 'Ultrapájaro' Salas Dybala;25-05-83;Inglesa;56964756834;luis.salas791@puc.cl;NULL;NULL;26;324;11650000.00;delantero;TRUE;0;NULL;NULL;NULL;NULL;NULL;NULL;NULL;NULL;NULL
10000792-4;Guillermo 'Megamago' Herrera Torres;01-08-94;Peruana;56967190672;guillermo.herrera792@uca.cl;NULL;NULL;39;324;10650000.00;delantero;TRUE;0;NULL;NULL;NULL;NULL;NULL;NULL;NULL;NULL;NULL
10000793-2;Luciano 'Doncésar' Maradona Morales;05-05-03;Portuguesa;56922517584;luciano.maradona793@gmail.com;NULL;NULL;15;319;12200000.00;central;TRUE;0;NULL;NULL;NULL;NULL;NULL;NULL;NULL;NULL;NULL
10000794-0;Juan 'Grancaimán' Vergara Vinicius;31-05-92;Portuguesa;56964506731;juan.vergara794@usach.cl;NULL;NULL;1;326;4900000.00;delantero;TRUE;0;NULL;NULL;NULL;NULL;NULL;NULL;NULL;NULL;NULL
10000795-9;Romelu 'Ultrapatrón' Valverde Fuentes;18-01-82;Argentina;56979668235;romelu.valverde795@usach.cl;NULL;NULL;11;320;7300000.00;central;TRUE;0;NULL;NULL;NULL;NULL;NULL;NULL;NULL;NULL;NULL
10000796-7;Benjamín 'Granpantera' Modric Figueroa;13-06-01;Española;56952161719;benjamin.modric796@gmail.com;NULL;NULL;40;323;11850000.00;central;TRUE;0;NULL;NULL;NULL;NULL;NULL;NULL;NULL;NULL;NULL
10000797-5;Álvaro 'Granlobo' Aránguiz Valenzuela;12-07-75;Alemana;56912676010;alvaro.aranguiz797@outlook.com;NULL;NULL;32;321;2900000.00;delantero;TRUE;0;NULL;NULL;NULL;NULL;NULL;NULL;NULL;NULL;NULL
10000798-3;Pedro 'Megavolcán' Salah Carrasco;14-02-89;Italiana;56980633233;pedro.salah798@uca.cl;NULL;NULL;23;319;9400000.00;defensa;TRUE;0;NULL;NULL;NULL;NULL;NULL;NULL;NULL;NULL;NULL
10000799-1;Andrés 'Sanlince' Medel Fuentes;05-12-85;Brasileña;56914010639;andres.medel799@gmail.com;NULL;NULL;29;326;12000000.00;defensa;TRUE;0;NULL;NULL;NULL;NULL;NULL;NULL;NULL;NULL;NULL
10000800-9;Jorge 'Grancobra' Bravo Maripán;28-11-94;Uruguaya;56942842278;jorge.bravo800@hotmail.com;NULL;NULL;5;322;15850000.00;arquero;TRUE;0;NULL;NULL;NULL;NULL;NULL;NULL;NULL;NULL;NULL
10000801-7;Andrés 'Superfaraón' Tapia Suazo;01-03-92;Española;56932606986;andres.tapia801@puc.cl;NULL;NULL;9;325;15200000.00;defensa;TRUE;0;NULL;NULL;NULL;NULL;NULL;NULL;NULL;NULL;NULL
10000802-5;Daniel 'Hyperronaldinho' Soto Mbappe;05-01-80;Alemana;56911509112;daniel.soto802@gmail.com;NULL;NULL;30;319;9800000.00;arquero;FALSE;2;NULL;NULL;NULL;NULL;NULL;NULL;NULL;NULL;NULL
10000803-3;Felipe 'Terremoto' Reyes Suazo;15-03-00;Colombiana;56921024187;felipe.reyes803@hotmail.com;NULL;NULL;40;323;3950000.00;defensa;TRUE;0;NULL;NULL;NULL;NULL;NULL;NULL;NULL;NULL;NULL
10000804-1;Pablo 'Bicho' Reyes Gutiérrez;25-06-94;Francesa;56931382920;pablo.reyes804@gmail.com;NULL;NULL;33;322;12400000.00;delantero;TRUE;0;NULL;NULL;NULL;NULL;NULL;NULL;NULL;NULL;NULL
10000805-K;Robert 'Graningeniero' Di María Bravo;24-01-96;Inglesa;56958835343;robert.di maria805@hotmail.com;NULL;NULL;31;323;9650000.00;central;TRUE;0;NULL;NULL;NULL;NULL;NULL;NULL;NULL;NULL;NULL
10000806-8;Toni 'Pitbull' Gutiérrez Nuñez;15-10-88;Brasileña;56942464133;toni.gutierrez806@puc.cl;NULL;NULL;25;320;11500000.00;delantero;TRUE;0;NULL;NULL;NULL;NULL;NULL;NULL;NULL;NULL;NULL
10000807-6;Johnny 'Ultrachupete' Valverde Castro;22-11-94;Francesa;56987836596;johnny.valverde807@outlook.com;NULL;NULL;18;324;3050000.00;central;TRUE;0;NULL;NULL;NULL;NULL;NULL;NULL;NULL;NULL;NULL
10000808-4;Romelu 'Volcán' López Vásquez;28-09-83;Francesa;56961040681;romelu.lopez808@hotmail.com;NULL;NULL;26;324;10350000.00;central;TRUE;0;NULL;NULL;NULL;NULL;NULL;NULL;NULL;NULL;NULL
10000809-2;Humberto 'Donronaldinho' Kroos Saavedra;24-07-01;Colombiana;56982500136;humberto.kroos809@outlook.com;NULL;NULL;13;320;13750000.00;central;TRUE;0;NULL;NULL;NULL;NULL;NULL;NULL;NULL;NULL;NULL
10000810-6;Thiago 'Sanmariscal' Galdames Hernández;26-12-95;Francesa;56973658470;thiago.galdames810@outlook.com;NULL;NULL;7;320;12850000.00;defensa;TRUE;0;NULL;NULL;NULL;NULL;NULL;NULL;NULL;NULL;NULL
10000811-4;Federico 'Donvozinha' Gómez Mendoza;08-07-02;Colombiana;56947596421;federico.gomez811@hotmail.com;NULL;NULL;16;319;12700000.00;arquero;TRUE;0;NULL;NULL;NULL;NULL;NULL;NULL;NULL;NULL;NULL
10000812-2;Eduardo 'Ultrasultán' Güler Díaz;16-02-90;Italiana;56958978741;eduardo.güler812@outlook.com;NULL;NULL;5;322;6450000.00;delantero;TRUE;0;NULL;NULL;NULL;NULL;NULL;NULL;NULL;NULL;NULL
10000813-0;Zinedine 'Mastertitanio' Rivera Pulgar;05-02-74;Uruguaya;56978084712;zinedine.rivera813@puc.cl;NULL;NULL;25;320;9900000.00;defensa;TRUE;0;NULL;NULL;NULL;NULL;NULL;NULL;NULL;NULL;NULL
10000814-9;Gonzalo 'Donkeko' Reyes Güler;25-11-90;Portuguesa;56997351935;gonzalo.reyes814@gmail.com;NULL;NULL;22;323;2150000.00;defensa;TRUE;0;NULL;NULL;NULL;NULL;NULL;NULL;NULL;NULL;NULL
10000815-7;Bautista 'Ultralobo' Dybala Lewandowski;28-05-90;Brasileña;56931560453;bautista.dybala815@uca.cl;NULL;NULL;5;322;10550000.00;delantero;TRUE;0;NULL;NULL;NULL;NULL;NULL;NULL;NULL;NULL;NULL
10000816-5;Johnny 'Superminotauro' Tapia Modric;20-05-72;Peruana;56983024042;johnny.tapia816@gmail.com;NULL;NULL;28;322;16000000.00;arquero;TRUE;0;NULL;NULL;NULL;NULL;NULL;NULL;NULL;NULL;NULL
10000817-3;Humberto 'Supercrack' Carrasco Benzema;26-10-89;Colombiana;56934869371;humberto.carrasco817@outlook.com;NULL;NULL;22;323;5250000.00;central;TRUE;0;NULL;NULL;NULL;NULL;NULL;NULL;NULL;NULL;NULL
10000818-1;Luis 'Ultraking' Tapia Hernández;10-05-75;Brasileña;56941515572;luis.tapia818@gmail.com;NULL;NULL;11;320;12600000.00;defensa;TRUE;0;NULL;NULL;NULL;NULL;NULL;NULL;NULL;NULL;NULL
10000819-K;Karim 'Superavispón' Tapia Carrasco;19-10-78;Chilena;56938611738;karim.tapia819@puc.cl;NULL;NULL;35;319;13400000.00;delantero;TRUE;0;NULL;NULL;NULL;NULL;NULL;NULL;NULL;NULL;NULL
10000820-3;Arturo 'Sanrayo' Caszely Vargas;25-02-99;Colombiana;56952420936;arturo.caszely820@yahoo.com;NULL;NULL;9;325;2050000.00;defensa;TRUE;0;NULL;NULL;NULL;NULL;NULL;NULL;NULL;NULL;NULL
10000821-1;Matias 'Hyperespartano' Zidane Mendoza;16-11-02;Colombiana;56966547562;matias.zidane821@usach.cl;NULL;NULL;18;324;15050000.00;central;TRUE;0;NULL;NULL;NULL;NULL;NULL;NULL;NULL;NULL;NULL
10000822-K;Gastón 'Hyperapache' Ramos Valverde;03-05-99;Portuguesa;56953178413;gaston.ramos822@usach.cl;NULL;NULL;37;323;14700000.00;defensa;TRUE;0;NULL;NULL;NULL;NULL;NULL;NULL;NULL;NULL;NULL
10000823-8;Carlos 'Ultraavispón' Álvarez Rodríguez;21-07-70;Alemana;56910145871;carlos.alvarez823@usach.cl;NULL;NULL;34;319;10350000.00;central;TRUE;0;NULL;NULL;NULL;NULL;NULL;NULL;NULL;NULL;NULL
10000824-6;Cristiano 'Doncapataz' Bellingham Pizarro;17-02-71;Peruana;56950296388;cristiano.bellingham824@outlook.com;NULL;NULL;3;323;6350000.00;central;TRUE;0;NULL;NULL;NULL;NULL;NULL;NULL;NULL;NULL;NULL
10000825-4;Diego 'Granflecha' Valenzuela Arias;06-07-94;Chilena;56915972600;diego.valenzuela825@outlook.com;NULL;NULL;38;319;10800000.00;delantero;TRUE;0;NULL;NULL;NULL;NULL;NULL;NULL;NULL;NULL;NULL
10000826-2;Thiago 'Donmonarca' Kane Toselli;18-01-95;Uruguaya;56980305418;thiago.kane826@puc.cl;NULL;NULL;2;322;3650000.00;delantero;TRUE;0;NULL;NULL;NULL;NULL;NULL;NULL;NULL;NULL;NULL
10000827-0;Luka 'Ultraespartano' Lukaku Rojas;26-07-90;Chilena;56936683273;luka.lukaku827@puc.cl;NULL;NULL;12;320;15750000.00;central;TRUE;0;NULL;NULL;NULL;NULL;NULL;NULL;NULL;NULL;NULL
10000828-9;Felipe 'Megaronaldinho' Jara Reyes;03-02-96;Inglesa;56972301565;felipe.jara828@gmail.com;NULL;NULL;34;319;2650000.00;defensa;TRUE;0;NULL;NULL;NULL;NULL;NULL;NULL;NULL;NULL;NULL
10000829-7;Manuel 'Granaraña' Mbappe Dybala;02-01-03;Portuguesa;56913178825;manuel.mbappe829@usach.cl;NULL;NULL;29;326;13550000.00;defensa;TRUE;0;NULL;NULL;NULL;NULL;NULL;NULL;NULL;NULL;NULL
10000830-0;Johnny 'Dondragón' Mendoza Maradona;05-10-89;Colombiana;56942200786;johnny.mendoza830@gmail.com;NULL;NULL;6;325;7500000.00;delantero;TRUE;0;NULL;NULL;NULL;NULL;NULL;NULL;NULL;NULL;NULL
10000831-9;Zinedine 'Supercaballero' Pulgar Morales;29-09-86;Uruguaya;56917802082;zinedine.pulgar831@puc.cl;NULL;NULL;4;321;2100000.00;delantero;TRUE;0;NULL;NULL;NULL;NULL;NULL;NULL;NULL;NULL;NULL
10000832-7;Tomás 'Masteravispón' Salah Maradona;30-12-82;Brasileña;56987868265;tomas.salah832@uca.cl;NULL;NULL;29;326;4200000.00;central;TRUE;0;NULL;NULL;NULL;NULL;NULL;NULL;NULL;NULL;NULL
10000833-5;Romelu 'Dondoctor' Ramos Suárez;13-08-89;Alemana;56985645424;romelu.ramos833@uca.cl;NULL;NULL;31;323;9400000.00;delantero;TRUE;0;NULL;NULL;NULL;NULL;NULL;NULL;NULL;NULL;NULL
10000834-3;Mohamed 'Granpitón' Araya Tapia;04-11-94;Brasileña;56934857472;mohamed.araya834@uca.cl;NULL;NULL;30;319;14300000.00;defensa;TRUE;0;NULL;NULL;NULL;NULL;NULL;NULL;NULL;NULL;NULL
10000835-1;Álvaro 'Granchacal' Silva Caszely;17-04-82;Italiana;56976533798;alvaro.silva835@usach.cl;NULL;NULL;39;324;6300000.00;central;TRUE;0;NULL;NULL;NULL;NULL;NULL;NULL;NULL;NULL;NULL
10000836-K;Pablo 'Hechicero' Pulgar Vinicius;22-09-03;Uruguaya;56972363845;pablo.pulgar836@puc.cl;NULL;NULL;20;324;2300000.00;defensa;TRUE;0;NULL;NULL;NULL;NULL;NULL;NULL;NULL;NULL;NULL
10000837-8;Gavi 'Dongrifo' Valenzuela Maradona;02-04-92;Inglesa;56965764577;gavi.valenzuela837@hotmail.com;NULL;NULL;39;324;9350000.00;central;TRUE;0;NULL;NULL;NULL;NULL;NULL;NULL;NULL;NULL;NULL
10000838-6;Esteban 'Hypercésar' Riquelme Díaz;29-04-71;Peruana;56977425411;esteban.riquelme838@usach.cl;NULL;NULL;36;325;14150000.00;defensa;TRUE;0;NULL;NULL;NULL;NULL;NULL;NULL;NULL;NULL;NULL
10000839-4;Pedro 'Granmago' Galdames Pérez;22-10-80;Italiana;56947267466;pedro.galdames839@gmail.com;NULL;NULL;31;323;14100000.00;defensa;TRUE;0;NULL;NULL;NULL;NULL;NULL;NULL;NULL;NULL;NULL
10000840-8;Gastón 'Sandoctor' Alvarez Hernández;08-06-93;Argentina;56950190316;gaston.alvarez840@outlook.com;NULL;NULL;7;320;5350000.00;delantero;TRUE;0;NULL;NULL;NULL;NULL;NULL;NULL;NULL;NULL;NULL
10000841-6;Benjamín 'Megameteoro' Lukaku Valdés;03-04-01;Francesa;56916368952;benjamin.lukaku841@puc.cl;NULL;NULL;13;320;11600000.00;arquero;TRUE;0;NULL;NULL;NULL;NULL;NULL;NULL;NULL;NULL;NULL
10000842-4;Erick 'Granescudo' Suárez Figueroa;01-10-74;Colombiana;56942582866;erick.suarez842@puc.cl;NULL;NULL;21;324;13850000.00;defensa;TRUE;0;NULL;NULL;NULL;NULL;NULL;NULL;NULL;NULL;NULL
10000843-2;Nicolás 'Doncentauro' Valdivia Flores;30-05-80;Francesa;56968269006;nicolas.valdivia843@gmail.com;NULL;NULL;3;323;14650000.00;delantero;TRUE;0;NULL;NULL;NULL;NULL;NULL;NULL;NULL;NULL;NULL
10000844-0;Antoine 'Granmatador' Nuñez Zidane;25-03-84;Brasileña;56966029414;antoine.nunez844@usach.cl;NULL;NULL;23;319;11500000.00;central;TRUE;0;NULL;NULL;NULL;NULL;NULL;NULL;NULL;NULL;NULL
10000845-9;Diego 'Superpiloto' Ramos Rojas;18-03-01;Peruana;56954192393;diego.ramos845@yahoo.com;NULL;NULL;22;323;15000000.00;central;TRUE;0;NULL;NULL;NULL;NULL;NULL;NULL;NULL;NULL;NULL
10000846-7;Lucas 'Masterfideo' Bravo Fuentes;31-10-96;Argentina;56999452510;lucas.bravo846@yahoo.com;NULL;NULL;29;326;5550000.00;defensa;TRUE;0;NULL;NULL;NULL;NULL;NULL;NULL;NULL;NULL;NULL
10000847-5;Matías 'Ultrapiloto' Benzema Kroos;13-09-82;Alemana;56954468404;matias.benzema847@usach.cl;NULL;NULL;17;319;12100000.00;defensa;TRUE;0;NULL;NULL;NULL;NULL;NULL;NULL;NULL;NULL;NULL
10000848-3;Martín 'Masterleón' De Bruyne Díaz;17-07-75;Uruguaya;56933180949;martin.de bruyne848@yahoo.com;NULL;NULL;20;324;14400000.00;delantero;TRUE;0;NULL;NULL;NULL;NULL;NULL;NULL;NULL;NULL;NULL
10000849-1;Ángel 'Ultracésar' Vinicius Lukaku;17-02-75;Francesa;56964528720;angel.vinicius849@uca.cl;NULL;NULL;20;324;4900000.00;delantero;TRUE;0;NULL;NULL;NULL;NULL;NULL;NULL;NULL;NULL;NULL
10000850-5;Luciano 'Granlíder' Sepúlveda Silva;15-01-95;Alemana;56952733204;luciano.sepulveda850@yahoo.com;NULL;NULL;6;325;5150000.00;central;TRUE;0;NULL;NULL;NULL;NULL;NULL;NULL;NULL;NULL;NULL
10000851-3;Zinedine 'Hypertiburón' Valdivia Sánchez;20-01-79;Inglesa;56951087106;zinedine.valdivia851@yahoo.com;NULL;NULL;19;322;3950000.00;defensa;TRUE;0;NULL;NULL;NULL;NULL;NULL;NULL;NULL;NULL;NULL
10000852-1;Esteban 'Granciclón' Mbappe Mbappe;06-03-78;Española;56936669610;esteban.mbappe852@puc.cl;NULL;NULL;35;319;4200000.00;delantero;TRUE;0;NULL;NULL;NULL;NULL;NULL;NULL;NULL;NULL;NULL
10000853-K;Charles 'Vikingo' Silva Pizarro;04-09-80;Peruana;56997498733;charles.silva853@usach.cl;NULL;NULL;19;322;10650000.00;delantero;TRUE;0;NULL;NULL;NULL;NULL;NULL;NULL;NULL;NULL;NULL
10000854-8;Alejandro 'Hyperguepardo' Riquelme Muñoz;09-06-73;Argentina;56916386661;alejandro.riquelme854@uca.cl;NULL;NULL;26;324;15000000.00;central;TRUE;0;NULL;NULL;NULL;NULL;NULL;NULL;NULL;NULL;NULL
10000855-6;Facundo 'Mariscal' Arias Cortés;12-07-79;Italiana;56952417655;facundo.arias855@hotmail.com;NULL;NULL;9;325;4950000.00;central;TRUE;0;NULL;NULL;NULL;NULL;NULL;NULL;NULL;NULL;NULL
10000856-4;Thomas 'Supergato' Bellingham Bellingham;16-03-87;Uruguaya;56975658189;thomas.bellingham856@outlook.com;NULL;NULL;8;321;7050000.00;central;TRUE;0;NULL;NULL;NULL;NULL;NULL;NULL;NULL;NULL;NULL
10000857-2;Kylian 'Káiser' Lukaku Saavedra;06-10-96;Alemana;56955618021;kylian.lukaku857@yahoo.com;NULL;NULL;6;325;12150000.00;defensa;TRUE;0;NULL;NULL;NULL;NULL;NULL;NULL;NULL;NULL;NULL
10000858-0;Pablo 'Masterpistolero' Figueroa Galdames;07-08-02;Uruguaya;56995771070;pablo.figueroa858@outlook.com;NULL;NULL;14;322;8800000.00;delantero;TRUE;0;NULL;NULL;NULL;NULL;NULL;NULL;NULL;NULL;NULL
10000859-9;Antoine 'Masterconde' Espinoza Muñoz;08-08-75;Peruana;56925733632;antoine.espinoza859@puc.cl;NULL;NULL;33;322;6850000.00;delantero;TRUE;0;NULL;NULL;NULL;NULL;NULL;NULL;NULL;NULL;NULL
10000860-2;Federico 'Gransultán' Martínez Pizarro;07-10-04;Española;56960357692;federico.martinez860@hotmail.com;NULL;NULL;28;322;15100000.00;delantero;TRUE;0;NULL;NULL;NULL;NULL;NULL;NULL;NULL;NULL;NULL
10000861-0;Facundo 'Hyperescarabajo' Valdés Castro;13-04-03;Peruana;56941826683;facundo.valdes861@outlook.com;NULL;NULL;24;321;4450000.00;arquero;TRUE;0;NULL;NULL;NULL;NULL;NULL;NULL;NULL;NULL;NULL
10000862-9;Luka 'Doctor' Muñoz Haaland;22-09-81;Argentina;56924127085;luka.munoz862@uca.cl;NULL;NULL;29;326;3700000.00;defensa;TRUE;0;NULL;NULL;NULL;NULL;NULL;NULL;NULL;NULL;NULL
10000863-7;Pelé 'Ultrazorro' González Flores;03-12-94;Uruguaya;56956920817;pele.gonzalez863@uca.cl;NULL;NULL;40;323;4550000.00;central;TRUE;0;NULL;NULL;NULL;NULL;NULL;NULL;NULL;NULL;NULL
10000864-5;Lautaro 'Ultrapistolero' Messi Bravo;15-12-83;Argentina;56996371834;lautaro.messi864@gmail.com;NULL;NULL;22;323;6250000.00;central;TRUE;0;NULL;NULL;NULL;NULL;NULL;NULL;NULL;NULL;NULL
10000865-3;Charles 'Hyperpatrón' Rodri Rojas;28-01-79;Italiana;56978300253;charles.rodri865@puc.cl;NULL;NULL;37;323;7100000.00;delantero;TRUE;0;NULL;NULL;NULL;NULL;NULL;NULL;NULL;NULL;NULL
10000866-1;Daniel 'Santurboman' Rodríguez Bellingham;17-01-00;Argentina;56930140084;daniel.rodriguez866@yahoo.com;NULL;NULL;2;322;2850000.00;delantero;TRUE;0;NULL;NULL;NULL;NULL;NULL;NULL;NULL;NULL;NULL
10000867-K;David 'Masterhalcón' Espinoza Dybala;14-09-88;Peruana;56950855520;david.espinoza867@uca.cl;NULL;NULL;35;319;15800000.00;delantero;TRUE;0;NULL;NULL;NULL;NULL;NULL;NULL;NULL;NULL;NULL
10000868-8;Antoine 'Ultrahuracán' Yamal Dybala;02-12-81;Alemana;56916857440;antoine.yamal868@outlook.com;NULL;NULL;9;325;3250000.00;delantero;TRUE;0;NULL;NULL;NULL;NULL;NULL;NULL;NULL;NULL;NULL
10000869-6;José 'Sanlanza' Ronaldo Bellingham;05-06-99;Italiana;56953439852;jose.ronaldo869@usach.cl;NULL;NULL;38;319;15100000.00;arquero;TRUE;0;NULL;NULL;NULL;NULL;NULL;NULL;NULL;NULL;NULL
10000870-K;Mauricio 'Superpitbull' Espinoza Pizarro;11-02-86;Argentina;56959526187;mauricio.espinoza870@yahoo.com;NULL;NULL;31;323;12100000.00;defensa;TRUE;0;NULL;NULL;NULL;NULL;NULL;NULL;NULL;NULL;NULL
10000871-8;Lionel 'Superlobo' Vásquez Álvarez;27-08-96;Española;56992447472;lionel.vasquez871@yahoo.com;NULL;NULL;36;325;6600000.00;central;TRUE;0;NULL;NULL;NULL;NULL;NULL;NULL;NULL;NULL;NULL
10000872-6;Kevin 'Superpatrón' González Reyes;12-08-89;Inglesa;56986078590;kevin.gonzalez872@gmail.com;NULL;NULL;18;324;5250000.00;delantero;TRUE;0;NULL;NULL;NULL;NULL;NULL;NULL;NULL;NULL;NULL
10000873-4;Enzo 'Donpríncipe' Mendoza Álvarez;11-03-81;Francesa;56957427869;enzo.mendoza873@puc.cl;NULL;NULL;3;323;6550000.00;central;TRUE;0;NULL;NULL;NULL;NULL;NULL;NULL;NULL;NULL;NULL
10000874-2;Bautista 'Donavispa' Nuñez Reyes;01-09-78;Chilena;56924058818;bautista.nunez874@puc.cl;NULL;NULL;2;322;15400000.00;delantero;TRUE;0;NULL;NULL;NULL;NULL;NULL;NULL;NULL;NULL;NULL
10000875-0;Esteban 'Sanhuaso' Valdivia Haaland;04-11-70;Alemana;56970120175;esteban.valdivia875@puc.cl;NULL;NULL;16;319;3550000.00;central;TRUE;0;NULL;NULL;NULL;NULL;NULL;NULL;NULL;NULL;NULL
10000876-9;Oscar 'Superroca' Espinoza Arias;17-08-76;Alemana;56974289047;oscar.espinoza876@puc.cl;NULL;NULL;26;324;13800000.00;central;TRUE;0;NULL;NULL;NULL;NULL;NULL;NULL;NULL;NULL;NULL
10000877-7;Bautista 'Santorpedo' Güler Castillo;15-04-81;Colombiana;56951245816;bautista.güler877@gmail.com;NULL;NULL;30;319;9150000.00;defensa;TRUE;0;NULL;NULL;NULL;NULL;NULL;NULL;NULL;NULL;NULL
10000878-5;Arturo 'Superpríncipe' González Rodri;15-12-99;Española;56939860575;arturo.gonzalez878@gmail.com;NULL;NULL;5;322;8700000.00;arquero;TRUE;0;NULL;NULL;NULL;NULL;NULL;NULL;NULL;NULL;NULL
10000879-3;Gastón 'Masterterremoto' Vinicius Pérez;13-07-88;Española;56933679428;gaston.vinicius879@hotmail.com;NULL;NULL;21;324;8750000.00;defensa;TRUE;0;NULL;NULL;NULL;NULL;NULL;NULL;NULL;NULL;NULL
10000880-7;Bautista 'Santoro' Ramos Figueroa;09-01-74;Española;56912476277;bautista.ramos880@outlook.com;NULL;NULL;27;323;15750000.00;defensa;TRUE;0;NULL;NULL;NULL;NULL;NULL;NULL;NULL;NULL;NULL
10000881-5;Benjamín 'Masterflecha' Hernández Martínez;12-08-03;Uruguaya;56935033053;benjamin.hernandez881@hotmail.com;NULL;NULL;40;323;15100000.00;defensa;TRUE;0;NULL;NULL;NULL;NULL;NULL;NULL;NULL;NULL;NULL
10000882-3;Toni 'Granespartano' Bellingham Valdés;05-03-85;Argentina;56927389881;toni.bellingham882@outlook.com;NULL;NULL;21;324;8500000.00;central;TRUE;0;NULL;NULL;NULL;NULL;NULL;NULL;NULL;NULL;NULL
10000883-1;Marcelo 'Granfaraón' Flores Valenzuela;19-03-78;Inglesa;56922329037;marcelo.flores883@usach.cl;NULL;NULL;4;321;6050000.00;defensa;TRUE;0;NULL;NULL;NULL;NULL;NULL;NULL;NULL;NULL;NULL
10000884-K;Pablo 'Lobo' Valverde Galdames;20-05-94;Peruana;56999840619;pablo.valverde884@puc.cl;NULL;NULL;7;320;14150000.00;defensa;TRUE;0;NULL;NULL;NULL;NULL;NULL;NULL;NULL;NULL;NULL
10000885-8;Cristopher 'Hypergalaxia' Herrera Herrera;28-07-92;Chilena;56930175621;cristopher.herrera885@uca.cl;NULL;NULL;17;319;13950000.00;defensa;TRUE;0;NULL;NULL;NULL;NULL;NULL;NULL;NULL;NULL;NULL
10000886-6;Mateo 'Mono' Soto Figueroa;13-11-99;Colombiana;56916535427;mateo.soto886@hotmail.com;NULL;NULL;11;320;7750000.00;central;FALSE;2;NULL;NULL;NULL;NULL;NULL;NULL;NULL;NULL;NULL
10000887-4;Thiago 'Ultramisil' Vargas Güler;11-02-77;Española;56959277246;thiago.vargas887@usach.cl;NULL;NULL;19;322;7550000.00;central;TRUE;0;NULL;NULL;NULL;NULL;NULL;NULL;NULL;NULL;NULL
10000888-2;Federico 'Superhormiga' Vinicius Mbappe;25-10-94;Uruguaya;56977098050;federico.vinicius888@yahoo.com;NULL;NULL;37;323;4250000.00;central;TRUE;0;NULL;NULL;NULL;NULL;NULL;NULL;NULL;NULL;NULL
10000889-0;Ignacio 'Megacóndor' Vargas Hernández;21-12-81;Uruguaya;56991371075;ignacio.vargas889@yahoo.com;NULL;NULL;37;323;10250000.00;arquero;TRUE;0;NULL;NULL;NULL;NULL;NULL;NULL;NULL;NULL;NULL
10000890-4;Jean 'Santorta' Güler Vergara;14-01-84;Argentina;56928273549;jean.güler890@puc.cl;NULL;NULL;9;325;3350000.00;central;TRUE;0;NULL;NULL;NULL;NULL;NULL;NULL;NULL;NULL;NULL
10000891-2;Paulo 'Mastercocodrilo' Zidane Vinicius;27-03-94;Chilena;56967247041;paulo.zidane891@yahoo.com;NULL;NULL;2;322;8700000.00;central;TRUE;0;NULL;NULL;NULL;NULL;NULL;NULL;NULL;NULL;NULL
10000892-0;Daniel 'Dontorpedo' Tapia Jara;02-12-78;Argentina;56964130510;daniel.tapia892@gmail.com;NULL;NULL;28;322;14400000.00;defensa;FALSE;2;NULL;NULL;NULL;NULL;NULL;NULL;NULL;NULL;NULL
10000893-9;Sergio 'Dontornado' Hernández Mendoza;16-02-85;Francesa;56910205311;sergio.hernandez893@outlook.com;NULL;NULL;18;324;12300000.00;defensa;TRUE;0;NULL;NULL;NULL;NULL;NULL;NULL;NULL;NULL;NULL
10000894-7;Santiago 'Donmuro' Messi Vidal;18-07-86;Italiana;56990396679;santiago.messi894@gmail.com;NULL;NULL;9;325;4750000.00;central;TRUE;0;NULL;NULL;NULL;NULL;NULL;NULL;NULL;NULL;NULL
10000895-5;Lionel 'Sanpájaro' Bustos Suazo;30-10-71;Alemana;56947261800;lionel.bustos895@usach.cl;NULL;NULL;4;321;14200000.00;delantero;TRUE;0;NULL;NULL;NULL;NULL;NULL;NULL;NULL;NULL;NULL
10000896-3;Nicolás 'Donrelámpago' Kane Valdés;13-08-78;Francesa;56915645046;nicolas.kane896@gmail.com;NULL;NULL;4;321;12400000.00;arquero;TRUE;0;NULL;NULL;NULL;NULL;NULL;NULL;NULL;NULL;NULL
10000897-1;Matias 'Masterduende' Soto De Bruyne;23-05-93;Inglesa;56963728136;matias.soto897@puc.cl;NULL;NULL;37;323;14250000.00;central;TRUE;0;NULL;NULL;NULL;NULL;NULL;NULL;NULL;NULL;NULL
10000898-K;Pedro 'Hypertoro' Bravo Kane;29-07-82;Inglesa;56969467202;pedro.bravo898@uca.cl;NULL;NULL;38;319;6100000.00;defensa;TRUE;0;NULL;NULL;NULL;NULL;NULL;NULL;NULL;NULL;NULL
10000899-8;Francisco 'Donrifle' Hernández Toselli;16-10-97;Inglesa;56990718307;francisco.hernandez899@hotmail.com;NULL;NULL;3;323;10600000.00;central;TRUE;0;NULL;NULL;NULL;NULL;NULL;NULL;NULL;NULL;NULL
10000900-5;Mohamed 'Masterbrujo' Saavedra Galdames;29-03-96;Italiana;56999716279;mohamed.saavedra900@outlook.com;NULL;NULL;35;319;15.00;defensa;TRUE;0;NULL;NULL;NULL;NULL;NULL;NULL;NULL;NULL;NULL
10000901-3;Gonzalo 'Granking' Di María Bellingham;26-09-91;Alemana;56935401626;gonzalo.di maria901@uca.cl;NULL;NULL;19;322;8000000.00;delantero;TRUE;0;NULL;NULL;NULL;NULL;NULL;NULL;NULL;NULL;NULL
10000902-1;Raúl 'Superciclón' Castillo Modric;30-03-82;Uruguaya;56941877026;raul.castillo902@outlook.com;NULL;NULL;17;319;12300000.00;central;TRUE;0;NULL;NULL;NULL;NULL;NULL;NULL;NULL;NULL;NULL
10000903-K;Johnny 'Megabarón' Nuñez Martínez;20-02-04;Chilena;56932600323;johnny.nunez903@hotmail.com;NULL;NULL;16;319;10650000.00;defensa;TRUE;0;NULL;NULL;NULL;NULL;NULL;NULL;NULL;NULL;NULL
10000904-8;Manuel 'Masterescudo' Carrasco Cavani;10-10-92;Chilena;56982975064;manuel.carrasco904@gmail.com;NULL;NULL;19;322;12650000.00;central;TRUE;0;NULL;NULL;NULL;NULL;NULL;NULL;NULL;NULL;NULL
10000905-6;Pedro 'Superrey' Caszely Toselli;14-12-74;Chilena;56948150214;pedro.caszely905@uca.cl;NULL;NULL;27;323;6950000.00;defensa;TRUE;0;NULL;NULL;NULL;NULL;NULL;NULL;NULL;NULL;NULL
10000906-4;Guillermo 'Hypermaestro' Vásquez Castillo;21-02-95;Alemana;56919253455;guillermo.vasquez906@puc.cl;NULL;NULL;40;323;6750000.00;defensa;TRUE;0;NULL;NULL;NULL;NULL;NULL;NULL;NULL;NULL;NULL
10000907-2;Marcos 'Ultracohete' Vásquez González;08-03-71;Peruana;56947220374;marcos.vasquez907@uca.cl;NULL;NULL;5;322;6300000.00;delantero;TRUE;0;NULL;NULL;NULL;NULL;NULL;NULL;NULL;NULL;NULL
10000908-0;Kylian 'Superturboman' Castro Contreras;08-05-00;Uruguaya;56960505760;kylian.castro908@yahoo.com;NULL;NULL;35;319;6950000.00;central;TRUE;0;NULL;NULL;NULL;NULL;NULL;NULL;NULL;NULL;NULL
10000909-9;Gonzalo 'Ultraroca' Fernández Saavedra;11-01-83;Francesa;56979848582;gonzalo.fernandez909@yahoo.com;NULL;NULL;20;324;14500000.00;central;TRUE;0;NULL;NULL;NULL;NULL;NULL;NULL;NULL;NULL;NULL
10000910-2;Jorge 'Megagrifo' Müller Sepúlveda;04-12-81;Peruana;56968190454;jorge.müller910@gmail.com;NULL;NULL;34;319;9100000.00;delantero;TRUE;0;NULL;NULL;NULL;NULL;NULL;NULL;NULL;NULL;NULL
10000911-0;Lamine 'Satélite' Messi Bellingham;18-06-75;Italiana;56974196350;lamine.messi911@outlook.com;NULL;NULL;25;320;11650000.00;central;TRUE;0;NULL;NULL;NULL;NULL;NULL;NULL;NULL;NULL;NULL
10000912-9;Nicolás 'Sancésar' Zidane Galdames;05-02-88;Italiana;56953051036;nicolas.zidane912@outlook.com;NULL;NULL;3;323;2450000.00;central;TRUE;0;NULL;NULL;NULL;NULL;NULL;NULL;NULL;NULL;NULL
10000913-7;Manuel 'Hypercentauro' Pizarro Salah;17-05-92;Uruguaya;56932585804;manuel.pizarro913@yahoo.com;NULL;NULL;39;324;12150000.00;delantero;TRUE;0;NULL;NULL;NULL;NULL;NULL;NULL;NULL;NULL;NULL
10000914-5;Sergio 'Ultrasatélite' Ronaldo Figueroa;21-01-80;Inglesa;56917868593;sergio.ronaldo914@usach.cl;NULL;NULL;33;322;15800000.00;defensa;TRUE;0;NULL;NULL;NULL;NULL;NULL;NULL;NULL;NULL;NULL
10000915-3;Santiago 'Avispón' Castillo Cortés;05-08-91;Chilena;56957872350;santiago.castillo915@gmail.com;NULL;NULL;13;320;6950000.00;defensa;TRUE;0;NULL;NULL;NULL;NULL;NULL;NULL;NULL;NULL;NULL
10000916-1;Guillermo 'Hypermuro' Araya Torres;30-09-92;Argentina;56911094112;guillermo.araya916@outlook.com;NULL;NULL;8;321;6150000.00;central;TRUE;0;NULL;NULL;NULL;NULL;NULL;NULL;NULL;NULL;NULL
10000917-K;Oscar 'Grancuervo' Fuentes Kroos;17-11-72;Inglesa;56940750213;oscar.fuentes917@usach.cl;NULL;NULL;40;323;8000000.00;defensa;TRUE;0;NULL;NULL;NULL;NULL;NULL;NULL;NULL;NULL;NULL
10000918-8;Gavi 'Hyperescorpión' Álvarez Messi;06-03-01;Peruana;56971550375;gavi.alvarez918@puc.cl;NULL;NULL;22;323;8350000.00;delantero;TRUE;0;NULL;NULL;NULL;NULL;NULL;NULL;NULL;NULL;NULL
10000919-6;Lamine 'Granprofesor' Ronaldo Valdés;17-09-86;Chilena;56956048879;lamine.ronaldo919@yahoo.com;NULL;NULL;1;326;2850000.00;central;TRUE;0;NULL;NULL;NULL;NULL;NULL;NULL;NULL;NULL;NULL
10000920-K;Ezequiel 'Sandepredador' Galdames Sánchez;07-04-04;Portuguesa;5691O789253;ezequiel.galdames920@usach.cl;NULL;NULL;25;320;4600000.00;central;TRUE;0;NULL;NULL;NULL;NULL;NULL;NULL;NULL;NULL;NULL
10000921-8;Santiago 'Granáguila' Gómez Suárez;15-12-75;Colombiana;56999435135;santiago.gomez921@hotmail.com;NULL;NULL;29;326;8650000.00;delantero;TRUE;0;NULL;NULL;NULL;NULL;NULL;NULL;NULL;NULL;NULL
10000922-6;Ángel 'Donlobo' Espinoza Pérez;09-12-82;Portuguesa;56972759779;angel.espinoza922@hotmail.com;NULL;NULL;8;321;15200000.00;central;TRUE;0;NULL;NULL;NULL;NULL;NULL;NULL;NULL;NULL;NULL
10000923-4;Thomas 'Donescudo' Vásquez Aránguiz;19-11-02;Uruguaya;56946915659;thomas.vasquez923@outlook.com;NULL;NULL;5;322;10850000.00;arquero;TRUE;0;NULL;NULL;NULL;NULL;NULL;NULL;NULL;NULL;NULL
10000924-2;Toni 'Hypercomandante' Pizarro Haaland;27-07-71;Colombiana;56991694756;toni.pizarro924@outlook.com;NULL;NULL;1;326;6800000.00;defensa;TRUE;0;NULL;NULL;NULL;NULL;NULL;NULL;NULL;NULL;NULL
10000925-0;Guillermo 'Supervíbora' Carrasco Cavani;20-07-80;Peruana;56938730983;guillermo.carrasco925@gmail.com;NULL;NULL;16;319;15000000.00;delantero;TRUE;0;NULL;NULL;NULL;NULL;NULL;NULL;NULL;NULL;NULL
10000926-9;Gonzalo 'Sanfaraón' Caszely Di María;22-03-86;Francesa;56921403682;gonzalo.caszely926@gmail.com;NULL;NULL;18;324;4400000.00;delantero;TRUE;0;NULL;NULL;NULL;NULL;NULL;NULL;NULL;NULL;NULL
10000927-7;Cristiano 'Megamaestro' Gutiérrez Müller;16-01-85;Uruguaya;56965826583;cristiano.gutierrez927@uca.cl;NULL;NULL;20;324;3650000.00;defensa;TRUE;0;NULL;NULL;NULL;NULL;NULL;NULL;NULL;NULL;NULL
10000928-5;Thiago 'Megacuervo' Salah Flores;26-12-05;Brasileña;56968965323;thiago.salah928@usach.cl;NULL;NULL;24;321;14000000.00;delantero;TRUE;0;NULL;NULL;NULL;NULL;NULL;NULL;NULL;NULL;NULL
10000929-3;Martín 'Donsatélite' Fuentes Rojas;22-08-93;Española;56987599164;martin.fuentes929@uca.cl;NULL;NULL;36;325;9200000.00;central;TRUE;0;NULL;NULL;NULL;NULL;NULL;NULL;NULL;NULL;NULL
10000930-7;Álvaro 'Supergladiador' Soto Kroos;19-07-98;Argentina;56943776411;alvaro.soto930@gmail.com;NULL;NULL;1;326;2400000.00;defensa;TRUE;0;NULL;NULL;NULL;NULL;NULL;NULL;NULL;NULL;NULL
10000931-5;Pedri 'Doncóndor' Araya Maradona;05-11-85;Peruana;56956509792;pedri.araya931@gmail.com;NULL;NULL;14;322;7750000.00;central;TRUE;0;NULL;NULL;NULL;NULL;NULL;NULL;NULL;NULL;NULL
10000932-3;Gonzalo 'Donbambino' Di María Álvarez;20-05-73;Española;56920653680;gonzalo.di maria932@outlook.com;NULL;NULL;33;322;4300000.00;defensa;TRUE;0;NULL;NULL;NULL;NULL;NULL;NULL;NULL;NULL;NULL
10000933-1;Rodrigo 'Supercésar' Carrasco Vásquez;11-02-01;Uruguaya;56943264412;rodrigo.carrasco933@outlook.com;NULL;NULL;19;322;4650000.00;defensa;TRUE;0;NULL;NULL;NULL;NULL;NULL;NULL;NULL;NULL;NULL
10000934-K;Joaquín 'Grancésar' Cortés Lewandowski;24-03-87;Inglesa;56941417934;joaquin.cortes934@gmail.com;NULL;NULL;8;321;9950000.00;central;TRUE;0;NULL;NULL;NULL;NULL;NULL;NULL;NULL;NULL;NULL
10000935-8;Carlos 'Supercaimán' Morales Maripán;12-02-81;Peruana;56925836887;carlos.morales935@yahoo.com;NULL;NULL;7;320;12800000.00;defensa;TRUE;0;NULL;NULL;NULL;NULL;NULL;NULL;NULL;NULL;NULL
10000936-6;David 'Mago' Messi Torres;25-04-79;Española;56931893964;david.messi936@uca.cl;NULL;NULL;2;322;2900000.00;central;TRUE;0;NULL;NULL;NULL;NULL;NULL;NULL;NULL;NULL;NULL
10000937-4;Lamine 'Príncipe' Nuñez Zidane;18-04-76;Argentina;56999516583;lamine.nunez937@yahoo.com;NULL;NULL;34;319;14100000.00;delantero;TRUE;0;NULL;NULL;NULL;NULL;NULL;NULL;NULL;NULL;NULL
10000938-2;Facundo 'Hyperpichichi' Rodríguez Benzema;29-12-92;Portuguesa;56967199680;facundo.rodriguez938@puc.cl;NULL;NULL;27;323;13000000.00;central;TRUE;0;NULL;NULL;NULL;NULL;NULL;NULL;NULL;NULL;NULL
10000939-0;Hernán 'Meganinja' Fernández Morales;09-08-89;Española;56980125451;hernan.fernandez939@outlook.com;NULL;NULL;15;319;8100000.00;central;TRUE;0;NULL;NULL;NULL;NULL;NULL;NULL;NULL;NULL;NULL
10000940-4;Neymar 'Megasoldado' Gómez Díaz;13-11-98;Francesa;56976512025;neymar.gomez940@yahoo.com;NULL;NULL;17;319;15350000.00;delantero;TRUE;0;NULL;NULL;NULL;NULL;NULL;NULL;NULL;NULL;NULL
10000941-2;Jean 'Granrinoceronte' Vásquez Paredes;07-11-89;Brasileña;56988004949;jean.vasquez941@puc.cl;NULL;NULL;12;320;10800000.00;defensa;TRUE;0;NULL;NULL;NULL;NULL;NULL;NULL;NULL;NULL;NULL
10000942-0;Benjamín 'Sanpistolero' Paredes Sánchez;15-11-85;Alemana;56951958121;benjamin.paredes942@gmail.com;NULL;NULL;22;323;10500000.00;arquero;TRUE;0;NULL;NULL;NULL;NULL;NULL;NULL;NULL;NULL;NULL
10000943-9;Pedro 'Grantigre' Galdames Fuentes;03-05-05;Francesa;56971059885;pedro.galdames943@uca.cl;NULL;NULL;22;323;6600000.00;central;TRUE;0;NULL;NULL;NULL;NULL;NULL;NULL;NULL;NULL;NULL
10000944-7;Bastián 'Megakaiser' Isla Nuñez;07-09-78;Uruguaya;56982463985;bastian.isla944@usach.cl;NULL;NULL;30;319;10300000.00;central;TRUE;0;NULL;NULL;NULL;NULL;NULL;NULL;NULL;NULL;NULL
10000945-5;Álvaro 'Masterbicho' Pizarro Ramos;25-01-85;Uruguaya;56950047616;alvaro.pizarro945@uca.cl;NULL;NULL;20;324;11200000.00;defensa;TRUE;0;NULL;NULL;NULL;NULL;NULL;NULL;NULL;NULL;NULL
10000946-3;José 'Ultravíbora' Pizarro Figueroa;13-06-81;Española;56982683622;jose.pizarro946@outlook.com;NULL;NULL;3;323;10800000.00;delantero;TRUE;0;NULL;NULL;NULL;NULL;NULL;NULL;NULL;NULL;NULL
10000947-1;Eduardo 'Sansatélite' Araya Espinoza;14-09-05;Española;56961353433;eduardo.araya947@yahoo.com;NULL;NULL;36;325;6800000.00;central;TRUE;0;NULL;NULL;NULL;NULL;NULL;NULL;NULL;NULL;NULL
10000948-K;Martín 'Masterfénix' Pérez Silva;15-05-76;Portuguesa;56999962270;martin.perez948@usach.cl;NULL;NULL;21;324;11300000.00;central;TRUE;0;NULL;NULL;NULL;NULL;NULL;NULL;NULL;NULL;NULL
10000949-8;Thiago 'Líder' Araya Soto;30-09-71;Portuguesa;56932955175;thiago.araya949@hotmail.com;NULL;NULL;30;319;3900000.00;defensa;TRUE;0;NULL;NULL;NULL;NULL;NULL;NULL;NULL;NULL;NULL
10000950-1;Luciano 'Mastersatélite' Soto Vinicius;13-01-92;Brasileña;56940745000;luciano.soto950@hotmail.com;NULL;NULL;36;325;7950000.00;delantero;TRUE;0;NULL;NULL;NULL;NULL;NULL;NULL;NULL;NULL;NULL
10000951-K;Tomás 'Sancrack' Valdés Beausejour;16-10-90;Peruana;56961906430;tomas.valdes951@gmail.com;NULL;NULL;32;321;4350000.00;arquero;TRUE;0;NULL;NULL;NULL;NULL;NULL;NULL;NULL;NULL;NULL
10000952-8;Gabriel 'Supercocodrilo' Arias Sánchez;17-06-74;Italiana;56973354613;gabriel.arias952@yahoo.com;NULL;NULL;39;324;13500000.00;delantero;FALSE;2;NULL;NULL;NULL;NULL;NULL;NULL;NULL;NULL;NULL
10000953-6;Jean 'Masterduque' Vásquez Mbappe;31-05-95;Brasileña;56938023582;jean.vasquez953@yahoo.com;NULL;NULL;19;322;10300000.00;delantero;TRUE;0;NULL;NULL;NULL;NULL;NULL;NULL;NULL;NULL;NULL
10000954-4;Hernán 'Donaraña' Kane Nuñez;26-09-03;Portuguesa;56951218553;hernan.kane954@hotmail.com;NULL;NULL;35;319;10750000.00;central;TRUE;0;NULL;NULL;NULL;NULL;NULL;NULL;NULL;NULL;NULL
10000955-2;Martín 'Dongenio' Di María Herrera;16-12-75;Argentina;56918392379;martin.di maria955@gmail.com;NULL;NULL;22;323;6500000.00;defensa;TRUE;0;NULL;NULL;NULL;NULL;NULL;NULL;NULL;NULL;NULL
10000956-0;Bautista 'Pulga' Flores Maradona;25-10-92;Inglesa;56955698412;bautista.flores956@usach.cl;NULL;NULL;3;323;13250000.00;defensa;TRUE;0;NULL;NULL;NULL;NULL;NULL;NULL;NULL;NULL;NULL
10000957-9;Eduardo 'Granconde' González Paredes;10-04-78;Portuguesa;56969186410;eduardo.gonzalez957@gmail.com;NULL;NULL;25;320;11350000.00;delantero;TRUE;0;NULL;NULL;NULL;NULL;NULL;NULL;NULL;NULL;NULL
10000958-7;Joaquín 'Ultrafénix' Espinoza Contreras;06-10-84;Brasileña;56932338609;joaquin.espinoza958@hotmail.com;NULL;NULL;18;324;2800000.00;central;TRUE;0;NULL;NULL;NULL;NULL;NULL;NULL;NULL;NULL;NULL
10000959-5;Luka 'Sanavispa' Suazo Valverde;08-02-74;Chilena;56911656029;luka.suazo959@yahoo.com;NULL;NULL;37;323;12700000.00;defensa;TRUE;0;NULL;NULL;NULL;NULL;NULL;NULL;NULL;NULL;NULL
10000960-9;Agustín 'Grancacique' Fuentes Yamal;18-07-84;Alemana;56913378984;agustin.fuentes960@puc.cl;NULL;NULL;9;325;5200000.00;delantero;TRUE;0;NULL;NULL;NULL;NULL;NULL;NULL;NULL;NULL;NULL
10000961-7;Luis 'Sanrelámpago' Neuer Isla;19-05-85;Colombiana;56933298409;luis.neuer961@puc.cl;NULL;NULL;37;323;13250000.00;defensa;TRUE;0;NULL;NULL;NULL;NULL;NULL;NULL;NULL;NULL;NULL
10000962-5;Mateo 'Donpuntero' Pizarro Pizarro;12-11-77;Alemana;56940052172;mateo.pizarro962@gmail.com;NULL;NULL;31;323;7250000.00;delantero;TRUE;0;NULL;NULL;NULL;NULL;NULL;NULL;NULL;NULL;NULL
10000963-3;Kylian 'Superpulga' Martínez Sánchez;07-11-86;Italiana;56939898405;kylian.martinez963@hotmail.com;NULL;NULL;21;324;12200000.00;defensa;TRUE;0;NULL;NULL;NULL;NULL;NULL;NULL;NULL;NULL;NULL
10000964-1;Daniel 'Megamariscal' Sepúlveda Galdames;27-01-83;Alemana;56920154978;daniel.sepulveda964@uca.cl;NULL;NULL;33;322;10400000.00;central;TRUE;0;NULL;NULL;NULL;NULL;NULL;NULL;NULL;NULL;NULL
10000965-K;Zinedine 'Sanvolcán' Álvarez Hernández;25-09-99;Peruana;56914081693;zinedine.alvarez965@usach.cl;NULL;NULL;33;322;7400000.00;central;TRUE;0;NULL;NULL;NULL;NULL;NULL;NULL;NULL;NULL;NULL
10000966-8;Karim 'Granvozinha' Güler Paredes;29-09-04;Italiana;56955969157;karim.güler966@usach.cl;NULL;NULL;30;319;4250000.00;central;TRUE;0;NULL;NULL;NULL;NULL;NULL;NULL;NULL;NULL;NULL
10000967-6;Nicolás 'Granturboman' Sánchez Reyes;03-11-03;Inglesa;56960148311;nicolas.sanchez967@gmail.com;NULL;NULL;38;319;11150000.00;central;TRUE;0;NULL;NULL;NULL;NULL;NULL;NULL;NULL;NULL;NULL
10000968-4;Robert 'Granbrujo' Vergara Paredes;06-02-85;Francesa;56987845405;robert.vergara968@uca.cl;NULL;NULL;5;322;13000000.00;central;TRUE;0;NULL;NULL;NULL;NULL;NULL;NULL;NULL;NULL;NULL
10000969-2;Alejandro 'Masterronaldinho' Castro Zidane;13-02-80;Chilena;56929281278;alejandro.castro969@gmail.com;NULL;NULL;3;323;3900000.00;defensa;TRUE;0;NULL;NULL;NULL;NULL;NULL;NULL;NULL;NULL;NULL
10000970-6;Paulo 'Sanhormiga' Cavani González;17-03-86;Portuguesa;56926423872;paulo.cavani970@usach.cl;NULL;NULL;1;326;14350000.00;arquero;TRUE;0;NULL;NULL;NULL;NULL;NULL;NULL;NULL;NULL;NULL
10000971-4;Juan 'Dontrueno' Haaland Ronaldo;04-08-88;Alemana;56943336589;juan.haaland971@hotmail.com;NULL;NULL;20;324;3150000.00;delantero;TRUE;0;NULL;NULL;NULL;NULL;NULL;NULL;NULL;NULL;NULL
10000972-2;Enzo 'Donpistola' Pizarro Nuñez;29-05-84;Uruguaya;56921975004;enzo.pizarro972@puc.cl;NULL;NULL;23;319;6200000.00;arquero;TRUE;0;NULL;NULL;NULL;NULL;NULL;NULL;NULL;NULL;NULL
10000973-0;Edinson 'Superchapa' Di María Sánchez;25-07-00;Argentina;56946441510;edinson.di maria973@usach.cl;NULL;NULL;10;319;9550000.00;defensa;TRUE;0;NULL;NULL;NULL;NULL;NULL;NULL;NULL;NULL;NULL
10000974-9;Lionel 'Donpalote' Sánchez Pizarro;31-03-96;Inglesa;56918599532;lionel.sanchez974@gmail.com;NULL;NULL;31;323;10600000.00;defensa;TRUE;0;NULL;NULL;NULL;NULL;NULL;NULL;NULL;NULL;NULL
10000975-7;Raúl 'Donduende' Díaz Suárez;10-05-81;Española;56975863538;raul.diaz975@outlook.com;NULL;NULL;40;323;7150000.00;delantero;TRUE;0;NULL;NULL;NULL;NULL;NULL;NULL;NULL;NULL;NULL
10000976-5;Tomás 'Hypercoto' Lukaku Aránguiz;02-09-71;Portuguesa;56980454746;tomas.lukaku976@gmail.com;NULL;NULL;40;323;14200000.00;defensa;TRUE;0;NULL;NULL;NULL;NULL;NULL;NULL;NULL;NULL;NULL
10000977-3;Carlos 'Hyperrifle' López Valdivia;17-12-81;Colombiana;56970715386;carlos.lopez977@usach.cl;NULL;NULL;39;324;14450000.00;central;TRUE;0;NULL;NULL;NULL;NULL;NULL;NULL;NULL;NULL;NULL
10000978-1;Romelu 'Hyperjefe' Valdés Valenzuela;17-02-75;Chilena;56963652468;romelu.valdes978@puc.cl;NULL;NULL;26;324;9750000.00;defensa;TRUE;0;NULL;NULL;NULL;NULL;NULL;NULL;NULL;NULL;NULL
10000979-K;Luka 'Doncañón' Castro Pulgar;27-09-04;Chilena;56965437023;luka.castro979@gmail.com;NULL;NULL;2;322;13950000.00;delantero;TRUE;0;NULL;NULL;NULL;NULL;NULL;NULL;NULL;NULL;NULL
10000980-3;Oscar 'Hyperroca' Neuer González;08-01-90;Francesa;56958924018;oscar.neuer980@puc.cl;NULL;NULL;25;320;2350000.00;delantero;TRUE;0;NULL;NULL;NULL;NULL;NULL;NULL;NULL;NULL;NULL
10000981-1;Nicolás 'Hyperkeko' Di María Yamal;02-02-91;Portuguesa;56984874488;nicolas.di maria981@usach.cl;NULL;NULL;15;319;6750000.00;defensa;TRUE;0;NULL;NULL;NULL;NULL;NULL;NULL;NULL;NULL;NULL
10000982-K;Edinson 'Mastersha' Tapia Maradona;12-04-96;Inglesa;56990713647;edinson.tapia982@uca.cl;NULL;NULL;29;326;15300000.00;arquero;TRUE;0;NULL;NULL;NULL;NULL;NULL;NULL;NULL;NULL;NULL
10000983-8;Ezequiel 'Megaapache' Suárez Bustos;31-12-73;Colombiana;56940309302;ezequiel.suarez983@gmail.com;NULL;NULL;26;324;5500000.00;defensa;TRUE;0;NULL;NULL;NULL;NULL;NULL;NULL;NULL;NULL;NULL
10000984-6;Enzo 'Donhechicero' Vargas Ramos;28-05-89;Peruana;56971553355;enzo.vargas984@outlook.com;NULL;NULL;30;319;5150000.00;arquero;TRUE;0;NULL;NULL;NULL;NULL;NULL;NULL;NULL;NULL;NULL
10000985-4;Lamine 'Megapichichi' Díaz Maradona;22-06-81;Española;56957668697;lamine.diaz985@hotmail.com;NULL;NULL;37;323;8700000.00;delantero;TRUE;0;NULL;NULL;NULL;NULL;NULL;NULL;NULL;NULL;NULL
10000986-2;Sebastián 'Dondepredador' Haaland Suárez;06-09-04;Argentina;56930125483;sebastian.haaland986@outlook.com;NULL;NULL;26;324;14800000.00;defensa;TRUE;0;NULL;NULL;NULL;NULL;NULL;NULL;NULL;NULL;NULL
10000987-0;Luciano 'Masteravispa' Hernández Galdames;27-09-87;Argentina;56947078616;luciano.hernandez987@outlook.com;NULL;NULL;7;320;14700000.00;arquero;TRUE;0;NULL;NULL;NULL;NULL;NULL;NULL;NULL;NULL;NULL
10000988-9;Álvaro 'Sancuervo' Pulgar Vinicius;03-05-71;Francesa;56978089568;alvaro.pulgar988@hotmail.com;NULL;NULL;14;322;11450000.00;arquero;TRUE;0;NULL;NULL;NULL;NULL;NULL;NULL;NULL;NULL;NULL
10000989-7;Cristiano 'Chupete' Galdames Modric;21-07-80;Inglesa;56933584186;cristiano.galdames989@hotmail.com;NULL;NULL;33;322;9850000.00;arquero;TRUE;0;NULL;NULL;NULL;NULL;NULL;NULL;NULL;NULL;NULL
10000990-0;Lionel 'Hyperduque' Isla Araya;03-05-88;Inglesa;56987323935;lionel.isla990@hotmail.com;NULL;NULL;31;323;11750000.00;central;TRUE;0;NULL;NULL;NULL;NULL;NULL;NULL;NULL;NULL;NULL
10000991-9;Lucas 'Grancomisario' Soto Rivera;23-03-73;Española;56950658449;lucas.soto991@outlook.com;NULL;NULL;20;324;15350000.00;central;TRUE;0;NULL;NULL;NULL;NULL;NULL;NULL;NULL;NULL;NULL
10000992-7;Lamine 'Sankaiser' Maripán Rivera;18-06-71;Chilena;56913451973;lamine.maripan992@hotmail.com;NULL;NULL;36;325;9100000.00;defensa;TRUE;0;NULL;NULL;NULL;NULL;NULL;NULL;NULL;NULL;NULL
10000993-5;Santino 'Ultrapuma' Sepúlveda Díaz;01-04-90;Alemana;56994595081;santino.sepulveda993@hotmail.com;NULL;NULL;32;321;13550000.00;defensa;TRUE;0;NULL;NULL;NULL;NULL;NULL;NULL;NULL;NULL;NULL
10000994-3;Esteban 'Grifo' Suárez Vargas;01-01-71;Italiana;56969030922;esteban.suarez994@puc.cl;NULL;NULL;1;326;12700000.00;delantero;TRUE;0;NULL;NULL;NULL;NULL;NULL;NULL;NULL;NULL;NULL
10000995-1;Julian 'Megakáiser' Nuñez Pulgar;01-08-88;Uruguaya;56941336625;julian.nunez995@gmail.com;NULL;NULL;35;319;2700000.00;central;TRUE;0;NULL;NULL;NULL;NULL;NULL;NULL;NULL;NULL;NULL
10000996-K;Neymar 'Ultraarquitecto' Caszely Gutiérrez;20-10-85;Inglesa;56997191392;neymar.caszely996@yahoo.com;NULL;NULL;13;320;12150000.00;central;TRUE;0;NULL;NULL;NULL;NULL;NULL;NULL;NULL;NULL;NULL
10000997-8;Lautaro 'Ultramatador' Medel Araya;30-01-93;Italiana;56955229463;lautaro.medel997@outlook.com;NULL;NULL;9;325;3700000.00;delantero;FALSE;1;NULL;NULL;NULL;NULL;NULL;NULL;NULL;NULL;NULL
10000998-6;Julian 'Megabúho' Neuer Modric;16-07-71;Uruguaya;56976547044;julian.neuer998@puc.cl;NULL;NULL;1;326;7550000.00;defensa;TRUE;0;NULL;NULL;NULL;NULL;NULL;NULL;NULL;NULL;NULL
10000999-4;Jean 'Ultraemperador' Contreras Pérez;30-05-02;Peruana;56922614820;jean.contreras999@yahoo.com;NULL;NULL;20;324;6450000.00;delantero;TRUE;0;NULL;NULL;NULL;NULL;NULL;NULL;NULL;NULL;NULL
10001000-3;Johnny 'Hyperking' Castro Toselli;31-08-79;Italiana;56949042414;johnny.castro1000@uca.cl;NULL;NULL;23;319;9650000.00;delantero;TRUE;0;NULL;NULL;NULL;NULL;NULL;NULL;NULL;NULL;NULL
10001001-1;Diego Valdés Reyes;18-11-98;Chilena;56967956433;diego.valdes1001@uca.cl;NULL;NULL;NULL;NULL;NULL;NULL;NULL;NULL;3;dirigente;31-10-98;06-06-11;NULL;NULL;NULL;NULL;NULL
10001002-K;Pablo Medel Fuentes;05-09-72;Chilena;56948646486;pablo.medel1002@puc.cl;NULL;NULL;NULL;NULL;NULL;NULL;NULL;NULL;NULL;NULL;NULL;NULL;NULL;NULL;NULL;NULL;NULL
10001003-8;Lamine Martínez Vásquez;04-02-91;Chilena;56979850594;lamine.martinez1003@puc.cl;NULL;NULL;NULL;NULL;NULL;NULL;NULL;NULL;13;dirigente;31-12-78;04-04-19;NULL;NULL;NULL;NULL;NULL
10001004-6;Esteban Pulgar Dybala;20-10-72;Chilena;56924680789;esteban.pulgar1004@gmail.com;NULL;NULL;NULL;NULL;NULL;NULL;NULL;NULL;23;secretario;29-06-41;24-11-26;NULL;NULL;NULL;NULL;NULL
10001005-4;Jean Isla Zidane;05-04-91;Chilena;56937330488;jean.isla1005@hotmail.com;NULL;NULL;NULL;NULL;NULL;NULL;NULL;NULL;26;dirigente;15-08-68;11-06-02;NULL;NULL;NULL;NULL;NULL
10001006-2;Álvaro Carrasco Cortés;21-08-94;Colombiana;56941490164;alvaro.carrasco1006@outlook.com;NULL;NULL;NULL;NULL;NULL;NULL;NULL;NULL;NULL;NULL;NULL;NULL;NULL;NULL;NULL;NULL;NULL
10001007-0;Esteban Beausejour Müller;27-10-80;Chilena;56913816339;esteban.beausejour1007@hotmail.com;NULL;NULL;NULL;NULL;NULL;NULL;NULL;NULL;2;dirigente;08-09-59;28-05-17;NULL;NULL;NULL;NULL;NULL
10001008-9;Ronaldo Güler Araya;09-12-78;Chilena;56961755388;ronaldo.güler1008@hotmail.com;NULL;NULL;NULL;NULL;NULL;NULL;NULL;NULL;NULL;NULL;NULL;NULL;NULL;NULL;NULL;NULL;NULL
10001009-7;Pedri Rodri Isla;25-12-94;Chilena;56930547905;pedri.rodri1009@yahoo.com;NULL;NULL;NULL;NULL;NULL;NULL;NULL;NULL;NULL;NULL;NULL;NULL;NULL;NULL;NULL;NULL;NULL
10001010-0;Vicente Beausejour Modric;30-05-91;Chilena;56970697625;vicente.beausejour1010@usach.cl;NULL;NULL;NULL;NULL;NULL;NULL;NULL;NULL;NULL;NULL;NULL;NULL;NULL;NULL;NULL;NULL;NULL
10001011-9;Enzo Pérez Vidal;10-04-72;Chilena;56967465433;enzo.perez1011@outlook.com;NULL;NULL;NULL;NULL;NULL;NULL;NULL;NULL;19;secretario;12-01-41;03-05-29;NULL;NULL;NULL;NULL;NULL
10001012-7;Toni Suazo Castillo;14-04-03;Chilena;56940504847;toni.suazo1012@yahoo.com;NULL;NULL;NULL;NULL;NULL;NULL;NULL;NULL;NULL;NULL;NULL;NULL;NULL;NULL;NULL;NULL;NULL
10001013-5;Santino Vásquez Tapia;10-11-84;Chilena;56935252927;santino.vasquez1013@usach.cl;NULL;NULL;NULL;NULL;NULL;NULL;NULL;NULL;NULL;NULL;NULL;NULL;NULL;NULL;NULL;NULL;NULL
10001014-3;Rodrigo Zidane Díaz;21-12-81;Argentina;56999900374;rodrigo.zidane1014@puc.cl;NULL;NULL;NULL;NULL;NULL;NULL;NULL;NULL;NULL;NULL;NULL;NULL;NULL;NULL;NULL;NULL;NULL
10001015-1;Julian Bellingham Kroos;30-03-73;Chilena;56933461589;julian.bellingham1015@usach.cl;NULL;NULL;NULL;NULL;NULL;NULL;NULL;NULL;25;dirigente;22-08-40;19-09-15;NULL;NULL;NULL;NULL;NULL
10001016-K;Kylian Vásquez Sánchez;22-10-75;Chilena;56935712297;kylian.vasquez1016@usach.cl;NULL;NULL;NULL;NULL;NULL;NULL;NULL;NULL;34;dirigente;19-09-43;14-12-31;NULL;NULL;NULL;NULL;NULL
10001017-8;Alexis Aránguiz Díaz;18-08-93;Uruguaya;56927955255;alexis.aranguiz1017@yahoo.com;19-04-74;30-09-24;NULL;NULL;NULL;NULL;NULL;NULL;NULL;NULL;NULL;NULL;NULL;NULL;NULL;NULL;NULL
10001018-6;Santiago Arias Álvarez;09-02-01;Chilena;56999412835;santiago.arias1018@puc.cl;NULL;NULL;NULL;NULL;NULL;NULL;NULL;NULL;NULL;NULL;NULL;NULL;NULL;NULL;NULL;NULL;NULL
10001019-4;Rodrigo Messi Alvarez;14-07-88;Chilena;56958384870;rodrigo.messi1019@usach.cl;NULL;NULL;NULL;NULL;NULL;NULL;NULL;NULL;NULL;NULL;NULL;NULL;NULL;NULL;NULL;NULL;NULL
10001020-8;Romelu Silva Ronaldo;23-09-74;Uruguaya;56956149248;romelu.silva1020@gmail.com;NULL;NULL;NULL;NULL;NULL;NULL;NULL;NULL;NULL;NULL;NULL;NULL;NULL;NULL;NULL;NULL;NULL
10001021-6;Felipe Arias Lewandowski;03-06-93;Chilena;56963431811;felipe.arias1021@gmail.com;NULL;NULL;NULL;NULL;NULL;NULL;NULL;NULL;11;dirigente;28-03-56;18-11-07;NULL;NULL;NULL;NULL;NULL
10001022-4;Gavi Flores Mendoza;06-08-87;Chilena;56987894258;gavi.flores1022@puc.cl;NULL;NULL;NULL;NULL;NULL;NULL;NULL;NULL;32;dirigente;30-10-41;02-06-17;NULL;NULL;NULL;NULL;NULL
10001023-2;Marcelo Müller Mbappe;16-06-93;Chilena;56942639906;marcelo.müller1023@outlook.com;NULL;NULL;NULL;NULL;NULL;NULL;NULL;NULL;6;vicepresidente;01-08-40;12-07-31;NULL;NULL;NULL;NULL;NULL
10001024-0;Ronaldo Rojas Messi;31-03-93;Chilena;56911585265;ronaldo.rojas1024@uca.cl;NULL;NULL;NULL;NULL;NULL;NULL;NULL;NULL;NULL;NULL;NULL;NULL;NULL;NULL;NULL;NULL;NULL
10001025-9;Gustavo Muñoz Dybala;11-11-70;Chilena;56986339253;gustavo.munoz1025@yahoo.com;NULL;NULL;NULL;NULL;NULL;NULL;NULL;NULL;1;presidente;28-03-99;19-02-28;NULL;NULL;NULL;NULL;NULL
10001026-7;Gonzalo Sepúlveda Pulgar;11-11-92;Argentina;56982951794;gonzalo.sepulveda1026@uca.cl;NULL;NULL;NULL;NULL;NULL;NULL;NULL;NULL;23;dirigente;19-10-68;26-05-25;NULL;NULL;NULL;NULL;NULL
10001027-5;Jaime Muñoz Bellingham;06-12-02;Chilena;56934320773;jaime.munoz1027@uca.cl;NULL;NULL;NULL;NULL;NULL;NULL;NULL;NULL;30;dirigente;12-09-61;05-12-14;NULL;NULL;NULL;NULL;NULL
10001028-3;Hernán Yamal Torres;28-09-78;Chilena;56978774879;hernan.yamal1028@puc.cl;NULL;NULL;NULL;NULL;NULL;NULL;NULL;NULL;37;vicepresidente;14-10-59;16-06-31;NULL;NULL;NULL;NULL;NULL
10001029-1;Cristopher Martínez Jara;12-11-77;Chilena;56946266532;cristopher.martinez1029@usach.cl;NULL;NULL;NULL;NULL;NULL;NULL;NULL;NULL;31;presidente;16-03-68;26-02-29;NULL;NULL;NULL;NULL;NULL
10001030-5;Bastián Soto Gómez;19-08-80;Inglesa;56986923940;bastian.soto1030@puc.cl;29-06-78;11-03-20;NULL;NULL;NULL;NULL;NULL;NULL;NULL;NULL;NULL;NULL;NULL;NULL;NULL;NULL;NULL
10001031-3;Mauricio Gutiérrez Espinoza;04-05-78;Chilena;56971070110;mauricio.gutierrez1031@usach.cl;NULL;NULL;NULL;NULL;NULL;NULL;NULL;NULL;6;dirigente;24-04-51;08-06-30;NULL;NULL;NULL;NULL;NULL
10001032-1;Mauricio Zidane Vergara;06-05-05;Argentina;56933630022;mauricio.zidane1032@puc.cl;NULL;NULL;NULL;NULL;NULL;NULL;NULL;NULL;18;dirigente;02-02-81;21-09-18;NULL;NULL;NULL;NULL;NULL
10001033-K;Diego Mbappe Pulgar;13-07-85;Uruguaya;56988904000;diego.mbappe1033@outlook.com;NULL;NULL;NULL;NULL;NULL;NULL;NULL;NULL;20;dirigente;24-03-49;21-08-15;NULL;NULL;NULL;NULL;NULL
10001034-8;Mauricio Alvarez Benzema;23-09-01;Chilena;56937639758;mauricio.alvarez1034@hotmail.com;NULL;NULL;NULL;NULL;NULL;NULL;NULL;NULL;31;vicepresidente;04-04-89;29-10-30;NULL;NULL;NULL;NULL;NULL
10001035-6;Carlos Neuer Riquelme;01-03-98;Chilena;56999906187;carlos.neuer1035@outlook.com;20-04-93;31-12-99;NULL;NULL;NULL;NULL;NULL;NULL;NULL;NULL;NULL;NULL;NULL;NULL;NULL;NULL;NULL
10001036-4;Diego Herrera Morales;01-08-86;Chilena;56922292145;diego.herrera1036@puc.cl;NULL;NULL;NULL;NULL;NULL;NULL;NULL;NULL;18;dirigente;14-03-62;13-01-19;NULL;NULL;NULL;NULL;NULL
10001037-2;Gary Bustos Rojas;09-01-02;Chilena;56984683883;gary.bustos1037@hotmail.com;NULL;NULL;NULL;NULL;NULL;NULL;NULL;NULL;37;dirigente;18-07-72;19-07-11;NULL;NULL;NULL;NULL;NULL
10001038-0;Vicente Bellingham Gutiérrez;18-05-93;Chilena;56976837473;vicente.bellingham1038@uca.cl;NULL;NULL;NULL;NULL;NULL;NULL;NULL;NULL;NULL;NULL;NULL;NULL;NULL;NULL;NULL;NULL;NULL
10001039-9;Daniel Rivera Gutiérrez;14-09-99;Chilena;56987993544;daniel.rivera1039@gmail.com;NULL;NULL;NULL;NULL;NULL;NULL;NULL;NULL;19;vicepresidente;27-07-90;29-12-28;NULL;NULL;NULL;NULL;NULL
10001040-2;Gabriel Benzema Soto;15-12-94;Chilena;56940969609;gabriel.benzema1040@outlook.com;NULL;NULL;NULL;NULL;NULL;NULL;NULL;NULL;8;dirigente;05-09-53;24-12-31;NULL;NULL;NULL;NULL;NULL
10001041-0;Luka Ramos Ramos;10-10-76;Chilena;56972527140;luka.ramos1041@outlook.com;NULL;NULL;NULL;NULL;NULL;NULL;NULL;NULL;NULL;NULL;NULL;NULL;25;Asistente Técnico;0;NULL;NULL
10001042-9;Robert Castillo Mendoza;30-08-92;Chilena;56912706323;robert.castillo1042@outlook.com;NULL;NULL;NULL;NULL;NULL;NULL;NULL;NULL;NULL;NULL;NULL;NULL;NULL;NULL;NULL;NULL;NULL
10001043-7;Luka Reyes De Bruyne;22-01-85;Chilena;56953880555;luka.reyes1043@yahoo.com;NULL;NULL;NULL;NULL;NULL;NULL;NULL;NULL;11;vicepresidente;07-12-54;12-12-26;NULL;NULL;NULL;NULL;NULL
10001044-5;Juan Suazo Messi;28-07-72;Chilena;56998142304;juan.suazo1044@outlook.com;NULL;NULL;NULL;NULL;NULL;NULL;NULL;NULL;NULL;NULL;NULL;NULL;22;Utilero;0;NULL;NULL
10001045-3;Angel Espinoza Haaland;08-12-86;Colombiana;56937514933;angel.espinoza1045@yahoo.com;19-11-94;03-03-23;NULL;NULL;NULL;NULL;NULL;NULL;NULL;NULL;NULL;NULL;NULL;NULL;NULL;NULL;NULL
10001046-1;Sergio Bellingham Benzema;12-03-76;Chilena;56982372354;sergio.bellingham1046@uca.cl;NULL;NULL;NULL;NULL;NULL;NULL;NULL;NULL;NULL;NULL;NULL;NULL;6;Preparador Físico;0;NULL;NULL
10001047-K;Julian Díaz Di María;09-09-90;Chilena;56965966208;julian.diaz1047@uca.cl;NULL;NULL;NULL;NULL;NULL;NULL;NULL;NULL;40;dirigente;17-12-69;08-10-03;NULL;NULL;NULL;NULL;NULL
10001048-8;Kevin Araya Benzema;24-03-71;Chilena;56972525521;kevin.araya1048@hotmail.com;NULL;NULL;NULL;NULL;NULL;NULL;NULL;NULL;15;secretario;20-10-52;07-02-31;NULL;NULL;NULL;NULL;NULL
10001049-6;Esteban González Reyes;01-07-03;Chilena;56990293891;esteban.gonzalez1049@hotmail.com;NULL;NULL;NULL;NULL;NULL;NULL;NULL;NULL;8;dirigente;27-10-59;08-01-17;NULL;NULL;NULL;NULL;NULL
10001050-K;Mohamed Araya Bustos;09-10-93;Italiana;56965286832;mohamed.araya1050@gmail.com;NULL;NULL;NULL;NULL;NULL;NULL;NULL;NULL;NULL;NULL;NULL;NULL;29;Asistente Técnico;0;NULL;NULL
10001051-8;Carlos Bustos González;21-12-81;Chilena;56931992991;carlos.bustos1051@uca.cl;20-02-94;04-05-23;NULL;NULL;NULL;NULL;NULL;NULL;NULL;NULL;NULL;NULL;NULL;NULL;NULL;NULL;NULL
10001052-6;Claudio Araya Tapia;01-06-95;Chilena;56938024336;claudio.araya1052@uca.cl;NULL;NULL;NULL;NULL;NULL;NULL;NULL;NULL;18;vicepresidente;29-10-76;25-03-30;NULL;NULL;NULL;NULL;NULL
10001053-4;Thomas Vásquez Griezmann;20-10-72;Chilena;56977587774;thomas.vasquez1053@hotmail.com;NULL;NULL;NULL;NULL;NULL;NULL;NULL;NULL;NULL;NULL;NULL;NULL;NULL;NULL;NULL;NULL;NULL
10001054-2;Kylian Lukaku Kane;11-11-96;Chilena;56919160072;kylian.lukaku1054@puc.cl;NULL;NULL;NULL;NULL;NULL;NULL;NULL;NULL;NULL;NULL;NULL;NULL;13;Preparador Físico;0;NULL;NULL
10001055-0;Santiago Reyes Pérez;05-03-89;Francesa;56958881381;santiago.reyes1055@yahoo.com;NULL;NULL;NULL;NULL;NULL;NULL;NULL;NULL;NULL;NULL;NULL;NULL;NULL;NULL;NULL;NULL;NULL
10001056-9;Lucas Morales Suárez;08-09-81;Chilena;56981623228;lucas.morales1056@usach.cl;NULL;NULL;NULL;NULL;NULL;NULL;NULL;NULL;NULL;NULL;NULL;NULL;35;Asistente Técnico;0;NULL;NULL
10001057-7;Lautaro Espinoza Lukaku;24-01-74;Chilena;56977137151;lautaro.espinoza1057@hotmail.com;NULL;NULL;NULL;NULL;NULL;NULL;NULL;NULL;NULL;NULL;NULL;NULL;10;Utilero;0;NULL;NULL
10001058-5;Luciano Contreras González;03-10-95;Chilena;56941457293;luciano.contreras1058@hotmail.com;NULL;NULL;NULL;NULL;NULL;NULL;NULL;NULL;34;dirigente;12-07-98;05-08-25;NULL;NULL;NULL;NULL;NULL
10001059-3;Raúl Arias Pulgar;29-05-87;Chilena;56964590607;raul.arias1059@gmail.com;NULL;NULL;NULL;NULL;NULL;NULL;NULL;NULL;NULL;NULL;NULL;NULL;NULL;NULL;NULL;NULL;NULL
10001060-7;Bastián Salah Sepúlveda;20-03-00;Chilena;56948957457;bastian.salah1060@yahoo.com;29-09-74;15-09-24;NULL;NULL;NULL;NULL;NULL;NULL;NULL;NULL;NULL;NULL;NULL;NULL;NULL;NULL;NULL
10001061-5;Álvaro Dybala Saavedra;22-01-89;Chilena;56954045451;alvaro.dybala1061@usach.cl;NULL;NULL;NULL;NULL;NULL;NULL;NULL;NULL;NULL;NULL;NULL;NULL;NULL;NULL;NULL;NULL;NULL
10001062-3;Benjamín Kroos Toselli;04-07-94;Uruguaya;56963578874;benjamin.kroos1062@uca.cl;NULL;NULL;NULL;NULL;NULL;NULL;NULL;NULL;NULL;NULL;NULL;NULL;26;Asistente Técnico;0;NULL;NULL
10001063-1;Arturo Díaz Müller;09-01-92;Chilena;56974276690;arturo.diaz1063@puc.cl;16-03-92;27-06-21;NULL;NULL;NULL;NULL;NULL;NULL;NULL;NULL;NULL;NULL;NULL;NULL;NULL;NULL;NULL
10001064-K;Tomás Alvarez Cortés;09-06-99;Chilena;56948857768;tomas.alvarez1064@hotmail.com;NULL;NULL;NULL;NULL;NULL;NULL;NULL;NULL;NULL;NULL;NULL;NULL;NULL;NULL;NULL;NULL;NULL
10001065-8;Pedro Sánchez Muñoz;29-09-00;Chilena;56958944086;pedro.sanchez1065@yahoo.com;NULL;NULL;NULL;NULL;NULL;NULL;NULL;NULL;NULL;NULL;NULL;NULL;4;Asistente Técnico;0;NULL;NULL
10001066-6;Gavi Cavani Caszely;20-11-85;Chilena;56926107911;gavi.cavani1066@uca.cl;NULL;NULL;NULL;NULL;NULL;NULL;NULL;NULL;2;dirigente;03-12-99;18-01-07;NULL;NULL;NULL;NULL;NULL
10001067-4;Manuel Suazo Rivera;05-11-94;Chilena;56927769287;manuel.suazo1067@gmail.com;NULL;NULL;NULL;NULL;NULL;NULL;NULL;NULL;24;dirigente;22-12-46;01-03-05;NULL;NULL;NULL;NULL;NULL
10001068-2;Pedro Kane Mbappe;14-06-74;Chilena;56948201029;pedro.kane1068@usach.cl;NULL;NULL;NULL;NULL;NULL;NULL;NULL;NULL;NULL;NULL;NULL;NULL;NULL;NULL;NULL;NULL;NULL
10001069-0;José Isla González;03-01-82;Española;56964127774;jose.isla1069@usach.cl;NULL;NULL;NULL;NULL;NULL;NULL;NULL;NULL;NULL;NULL;NULL;NULL;38;Utilero;0;NULL;NULL
10001070-4;Julian Kroos Silva;29-06-71;Chilena;56961463446;julian.kroos1070@puc.cl;NULL;NULL;NULL;NULL;NULL;NULL;NULL;NULL;39;tesorero;28-07-87;11-12-29;NULL;NULL;NULL;NULL;NULL
10001071-2;Mohamed Sepúlveda Fernández;16-12-87;Chilena;56961358754;mohamed.sepulveda1071@uca.cl;NULL;NULL;NULL;NULL;NULL;NULL;NULL;NULL;NULL;NULL;NULL;NULL;NULL;NULL;NULL;NULL;NULL
10001072-0;Daniel Pizarro Figueroa;16-06-81;Peruana;56958657255;daniel.pizarro1072@hotmail.com;NULL;NULL;NULL;NULL;NULL;NULL;NULL;NULL;NULL;NULL;NULL;NULL;11;Preparador Físico;0;NULL;NULL
10001073-9;Charles Beausejour Beausejour;20-02-93;Chilena;56987432470;charles.beausejour1073@uca.cl;05-04-88;25-04-21;NULL;NULL;NULL;NULL;NULL;NULL;NULL;NULL;NULL;NULL;NULL;NULL;NULL;NULL;NULL
10001074-7;Robert Saavedra Gómez;02-08-88;Chilena;56982824191;robert.saavedra1074@uca.cl;NULL;NULL;NULL;NULL;NULL;NULL;NULL;NULL;NULL;NULL;NULL;NULL;22;Preparador Físico;0;NULL;NULL
10001075-5;Jaime Maripán Jara;01-05-82;Portuguesa;56965954676;jaime.maripan1075@puc.cl;NULL;NULL;NULL;NULL;NULL;NULL;NULL;NULL;10;dirigente;25-03-67;27-12-23;NULL;NULL;NULL;NULL;NULL
10001076-3;Santino Carrasco Valverde;04-03-89;Chilena;56980516207;santino.carrasco1076@yahoo.com;NULL;NULL;NULL;NULL;NULL;NULL;NULL;NULL;NULL;NULL;NULL;NULL;NULL;NULL;NULL;NULL;NULL
10001077-1;Toni Muñoz Cavani;21-09-87;Chilena;56945880197;toni.munoz1077@outlook.com;NULL;NULL;NULL;NULL;NULL;NULL;NULL;NULL;NULL;NULL;NULL;NULL;NULL;NULL;NULL;NULL;NULL
10001078-K;Gavi Figueroa Güler;19-11-00;Inglesa;56973285733;gavi.figueroa1078@yahoo.com;NULL;NULL;NULL;NULL;NULL;NULL;NULL;NULL;NULL;NULL;NULL;NULL;24;Asistente Técnico;0;NULL;NULL
10001079-8;Vicente Fernández Fernández;10-06-70;Colombiana;56913795730;vicente.fernandez1079@hotmail.com;NULL;NULL;NULL;NULL;NULL;NULL;NULL;NULL;NULL;NULL;NULL;NULL;NULL;NULL;NULL;NULL;NULL
10001080-1;Hernán Muñoz Vidal;11-06-72;Portuguesa;56930022019;hernan.munoz1080@puc.cl;NULL;NULL;NULL;NULL;NULL;NULL;NULL;NULL;2;dirigente;17-08-40;27-10-19;NULL;NULL;NULL;NULL;NULL
10001081-K;Matías Espinoza Flores;07-07-71;Chilena;56971939786;matias.espinoza1081@yahoo.com;NULL;NULL;NULL;NULL;NULL;NULL;NULL;NULL;NULL;NULL;NULL;NULL;39;Asistente Técnico;0;NULL;NULL
10001082-8;Humberto Vidal González;29-04-94;Chilena;56984939636;humberto.vidal1082@puc.cl;NULL;NULL;NULL;NULL;NULL;NULL;NULL;NULL;17;vicepresidente;14-04-61;28-11-29;NULL;NULL;NULL;NULL;NULL
10001083-6;Neymar Contreras Sánchez;23-03-95;Chilena;56957915685;neymar.contreras1083@usach.cl;NULL;NULL;NULL;NULL;NULL;NULL;NULL;NULL;NULL;NULL;NULL;NULL;6;Asistente Técnico;0;NULL;NULL
10001084-4;Antoine Silva Bellingham;03-03-95;Chilena;56912650117;antoine.silva1084@puc.cl;21-02-96;10-12-20;NULL;NULL;NULL;NULL;NULL;NULL;NULL;NULL;NULL;NULL;NULL;NULL;NULL;NULL;NULL
10001085-2;Gastón Salah Rodríguez;10-12-83;Inglesa;56961888076;gaston.salah1085@outlook.com;NULL;NULL;NULL;NULL;NULL;NULL;NULL;NULL;4;dirigente;19-08-43;27-03-03;NULL;NULL;NULL;NULL;NULL
10001086-0;Mateo Kane Salas;13-06-76;Chilena;56944289943;mateo.kane1086@hotmail.com;NULL;NULL;NULL;NULL;NULL;NULL;NULL;NULL;7;tesorero;11-07-72;04-05-28;NULL;NULL;NULL;NULL;NULL
10001087-9;Marcelo Reyes Galdames;22-06-85;Chilena;56919469477;marcelo.reyes1087@hotmail.com;NULL;NULL;NULL;NULL;NULL;NULL;NULL;NULL;13;dirigente;27-04-63;28-02-06;NULL;NULL;NULL;NULL;NULL
10001088-7;Romelu Valdivia Figueroa;20-08-05;Alemana;56912515144;romelu.valdivia1088@outlook.com;NULL;NULL;NULL;NULL;NULL;NULL;NULL;NULL;NULL;NULL;NULL;NULL;NULL;NULL;NULL;NULL;NULL
10001089-5;Jaime Contreras Benzema;02-04-71;Chilena;56935318923;jaime.contreras1089@uca.cl;NULL;NULL;NULL;NULL;NULL;NULL;NULL;NULL;NULL;NULL;NULL;NULL;34;Asistente Técnico;0;NULL;NULL
10001090-9;Romelu Benzema De Bruyne;17-08-74;Chilena;56982172880;romelu.benzema1090@usach.cl;NULL;NULL;NULL;NULL;NULL;NULL;NULL;NULL;NULL;NULL;NULL;NULL;NULL;NULL;NULL;NULL;NULL
10001091-7;Bastián Zidane Yamal;22-10-82;Chilena;56947147843;bastian.zidane1091@outlook.com;26-10-82;10-08-21;NULL;NULL;NULL;NULL;NULL;NULL;NULL;NULL;NULL;NULL;NULL;NULL;NULL;NULL;NULL
10001092-5;Zinedine Fuentes Zidane;13-10-89;Chilena;56934130204;zinedine.fuentes1092@hotmail.com;NULL;NULL;NULL;NULL;NULL;NULL;NULL;NULL;NULL;NULL;NULL;NULL;NULL;NULL;NULL;NULL;NULL
10001093-3;Jaime Suazo Mendoza;05-07-71;Chilena;56929207799;jaime.suazo1093@gmail.com;NULL;NULL;NULL;NULL;NULL;NULL;NULL;NULL;37;secretario;29-12-48;27-11-30;NULL;NULL;NULL;NULL;NULL
10001094-1;Alejandro Muñoz Toselli;26-02-99;Chilena;56925749938;alejandro.munoz1094@usach.cl;14-04-99;31-12-99;NULL;NULL;NULL;NULL;NULL;NULL;NULL;NULL;NULL;NULL;NULL;NULL;NULL;NULL;NULL
10001095-K;Johnny Müller Gutiérrez;19-04-74;Chilena;56921655086;johnny.müller1095@yahoo.com;NULL;NULL;NULL;NULL;NULL;NULL;NULL;NULL;32;dirigente;26-10-63;28-02-15;NULL;NULL;NULL;NULL;NULL
10001096-8;Santiago Griezmann Riquelme;07-05-81;Chilena;56913251227;santiago.griezmann1096@gmail.com;NULL;NULL;NULL;NULL;NULL;NULL;NULL;NULL;NULL;NULL;NULL;NULL;36;Preparador Físico;0;NULL;NULL
10001097-6;Neymar Maradona Valverde;05-08-83;Chilena;56968352649;neymar.maradona1097@gmail.com;NULL;NULL;NULL;NULL;NULL;NULL;NULL;NULL;NULL;NULL;NULL;NULL;NULL;NULL;NULL;NULL;NULL
10001098-4;Cristopher Paredes Herrera;29-06-74;Chilena;56996336589;cristopher.paredes1098@usach.cl;NULL;NULL;NULL;NULL;NULL;NULL;NULL;NULL;33;dirigente;04-09-94;07-03-12;NULL;NULL;NULL;NULL;NULL
10001099-2;Facundo Vásquez Figueroa;09-12-73;Chilena;56938786707;facundo.vasquez1099@puc.cl;NULL;NULL;NULL;NULL;NULL;NULL;NULL;NULL;34;dirigente;03-06-42;02-08-26;NULL;NULL;NULL;NULL;NULL
10001100-K;Lionel Alvarez Yamal;12-01-01;Chilena;56972615573;lionel.alvarez1100@usach.cl;NULL;NULL;NULL;NULL;NULL;NULL;NULL;NULL;32;dirigente;15-06-90;04-01-05;NULL;NULL;NULL;NULL;NULL
10001101-8;Bautista Valdés Lewandowski;27-08-77;Chilena;56992856461;bautista.valdes1101@yahoo.com;14-09-85;31-12-99;NULL;NULL;NULL;NULL;NULL;NULL;NULL;NULL;NULL;NULL;NULL;NULL;NULL;NULL;NULL
10001102-6;Bastián Paredes Pizarro;12-08-91;Chilena;56911242506;bastian.paredes1102@puc.cl;NULL;NULL;NULL;NULL;NULL;NULL;NULL;NULL;NULL;NULL;NULL;NULL;24;Asistente Técnico;0;NULL;NULL
10001103-4;Manuel González Lukaku;20-03-94;Chilena;56943521381;manuel.gonzalez1103@usach.cl;NULL;NULL;NULL;NULL;NULL;NULL;NULL;NULL;21;secretario;14-10-87;17-11-26;NULL;NULL;NULL;NULL;NULL
10001104-2;Alejandro Cortés Contreras;05-08-88;Chilena;56916575683;alejandro.cortes1104@puc.cl;29-04-75;18-03-22;NULL;NULL;NULL;NULL;NULL;NULL;NULL;NULL;NULL;NULL;NULL;NULL;NULL;NULL;NULL
10001105-0;Ezequiel Toselli Kane;22-07-75;Chilena;56952166773;ezequiel.toselli1105@puc.cl;NULL;NULL;NULL;NULL;NULL;NULL;NULL;NULL;36;dirigente;02-08-92;18-10-10;NULL;NULL;NULL;NULL;NULL
10001106-9;Pelé Di María Di María;30-05-02;Francesa;56961083663;pele.di maria1106@uca.cl;NULL;NULL;NULL;NULL;NULL;NULL;NULL;NULL;NULL;NULL;NULL;NULL;NULL;NULL;NULL;NULL;NULL
10001107-7;Angel Benzema Haaland;16-09-81;Peruana;56916941345;angel.benzema1107@hotmail.com;15-06-97;11-12-22;NULL;NULL;NULL;NULL;NULL;NULL;NULL;NULL;NULL;NULL;NULL;NULL;NULL;NULL;NULL
10001108-5;Luciano Carrasco Díaz;11-04-96;Chilena;56952604741;luciano.carrasco1108@gmail.com;NULL;NULL;NULL;NULL;NULL;NULL;NULL;NULL;NULL;NULL;NULL;NULL;31;Preparador Físico;0;NULL;NULL
10001109-3;Gonzalo Griezmann Contreras;01-10-72;Chilena;56911037184;gonzalo.griezmann1109@usach.cl;NULL;NULL;NULL;NULL;NULL;NULL;NULL;NULL;29;dirigente;07-02-50;21-08-19;NULL;NULL;NULL;NULL;NULL
10001110-7;Jean Pérez Isla;31-05-89;Chilena;56997273846;jean.perez1110@gmail.com;NULL;NULL;NULL;NULL;NULL;NULL;NULL;NULL;NULL;NULL;NULL;NULL;4;Director Técnico;0;NULL;NULL
10001111-5;Arturo Salah Arias;17-04-02;Colombiana;56985748682;arturo.salah1111@gmail.com;29-09-92;31-12-99;NULL;NULL;NULL;NULL;NULL;NULL;NULL;NULL;NULL;NULL;NULL;NULL;NULL;NULL;NULL
10001112-3;Marcos Fernández Di María;21-02-76;Francesa;56979461369;marcos.fernandez1112@usach.cl;NULL;NULL;NULL;NULL;NULL;NULL;NULL;NULL;10;dirigente;12-03-76;28-08-10;NULL;NULL;NULL;NULL;NULL
10001113-1;Francisco Fuentes Lewandowski;27-01-03;Chilena;56949771148;francisco.fuentes1113@puc.cl;NULL;NULL;NULL;NULL;NULL;NULL;NULL;NULL;16;dirigente;10-07-49;21-03-24;NULL;NULL;NULL;NULL;NULL
10001114-K;Cristopher Beausejour Flores;01-06-89;Chilena;56946303294;cristopher.beausejour1114@puc.cl;NULL;NULL;NULL;NULL;NULL;NULL;NULL;NULL;NULL;NULL;NULL;NULL;27;Asistente Técnico;0;NULL;NULL
10001115-8;Erick Müller Maripán;03-04-78;Uruguaya;56954750372;erick.müller1115@puc.cl;NULL;NULL;NULL;NULL;NULL;NULL;NULL;NULL;NULL;NULL;NULL;NULL;40;Asistente Técnico;0;NULL;NULL
10001116-6;Claudio Pulgar Cortés;28-04-73;Alemana;56951082093;claudio.pulgar1116@puc.cl;NULL;NULL;NULL;NULL;NULL;NULL;NULL;NULL;35;dirigente;03-04-58;15-12-30;NULL;NULL;NULL;NULL;NULL
10001117-4;Gavi Valdés Suárez;07-05-90;Chilena;56940204627;gavi.valdes1117@puc.cl;NULL;NULL;NULL;NULL;NULL;NULL;NULL;NULL;29;dirigente;20-10-39;25-06-13;NULL;NULL;NULL;NULL;NULL
10001118-2;Ronaldo Pizarro Müller;17-11-02;Inglesa;56916918988;ronaldo.pizarro1118@hotmail.com;NULL;NULL;NULL;NULL;NULL;NULL;NULL;NULL;NULL;NULL;NULL;NULL;39;Asistente Técnico;0;NULL;NULL
10001119-0;Felipe Rojas Zidane;17-08-93;Alemana;56957656420;felipe.rojas1119@outlook.com;NULL;NULL;NULL;NULL;NULL;NULL;NULL;NULL;27;vicepresidente;29-09-65;06-11-28;NULL;NULL;NULL;NULL;NULL
10001120-4;Ignacio Silva Reyes;31-10-04;Chilena;56910019712;ignacio.silva1120@yahoo.com;NULL;NULL;NULL;NULL;NULL;NULL;NULL;NULL;NULL;NULL;NULL;NULL;2;Director Técnico;0;NULL;NULL
10001121-2;Neymar Maradona Haaland;19-12-97;Chilena;56981894589;neymar.maradona1121@puc.cl;NULL;NULL;NULL;NULL;NULL;NULL;NULL;NULL;NULL;NULL;NULL;NULL;34;Preparador Físico;0;NULL;NULL
10001122-0;Marcelo Lewandowski Riquelme;27-05-79;Chilena;56915648124;marcelo.lewandowski1122@outlook.com;NULL;NULL;NULL;NULL;NULL;NULL;NULL;NULL;27;dirigente;15-02-55;19-02-31;NULL;NULL;NULL;NULL;NULL
10001123-9;Lautaro Rojas Sepúlveda;29-05-92;Chilena;56965665391;lautaro.rojas1123@gmail.com;NULL;NULL;NULL;NULL;NULL;NULL;NULL;NULL;11;dirigente;09-10-82;08-07-29;NULL;NULL;NULL;NULL;NULL
10001124-7;Guillermo Vásquez Güler;14-04-84;Argentina;56944863213;guillermo.vasquez1124@puc.cl;NULL;NULL;NULL;NULL;NULL;NULL;NULL;NULL;31;dirigente;26-08-42;17-11-09;NULL;NULL;NULL;NULL;NULL
10001125-5;Pedri Sánchez Bravo;14-12-82;Chilena;56999691752;pedri.sanchez1125@usach.cl;NULL;NULL;NULL;NULL;NULL;NULL;NULL;NULL;NULL;NULL;NULL;NULL;NULL;NULL;NULL;NULL;NULL
10001126-3;Gabriel Mbappe Paredes;25-04-02;Chilena;56969341258;gabriel.mbappe1126@uca.cl;NULL;NULL;NULL;NULL;NULL;NULL;NULL;NULL;NULL;NULL;NULL;NULL;21;Médico;0;NULL;NULL
10001127-1;Zinedine Morales Riquelme;19-10-87;Inglesa;56976514435;zinedine.morales1127@outlook.com;NULL;NULL;NULL;NULL;NULL;NULL;NULL;NULL;NULL;NULL;NULL;NULL;15;Médico;0;NULL;NULL
10001128-K;Eduardo Hernández Nuñez;15-05-72;Chilena;56917737080;eduardo.hernandez1128@uca.cl;NULL;NULL;NULL;NULL;NULL;NULL;NULL;NULL;NULL;NULL;NULL;NULL;10;Preparador Físico;0;NULL;NULL
10001129-8;Mohamed Díaz Morales;31-01-00;Chilena;56994513317;mohamed.diaz1129@yahoo.com;NULL;NULL;NULL;NULL;NULL;NULL;NULL;NULL;NULL;NULL;NULL;NULL;13;Asistente Técnico;0;NULL;NULL
10001130-1;Guillermo Gutiérrez Paredes;14-06-96;Chilena;56972650439;guillermo.gutierrez1130@uca.cl;NULL;NULL;NULL;NULL;NULL;NULL;NULL;NULL;25;dirigente;02-03-81;12-07-03;NULL;NULL;NULL;NULL;NULL
10001131-K;Hernán Figueroa Saavedra;19-10-94;Chilena;56941103670;hernan.figueroa1131@uca.cl;NULL;NULL;NULL;NULL;NULL;NULL;NULL;NULL;NULL;NULL;NULL;NULL;23;Preparador Físico;0;NULL;NULL
10001132-8;Enzo Messi Ronaldo;03-11-73;Chilena;56984034903;enzo.messi1132@puc.cl;NULL;NULL;NULL;NULL;NULL;NULL;NULL;NULL;17;dirigente;02-02-82;23-01-16;NULL;NULL;NULL;NULL;NULL
10001133-6;Mauricio Rodríguez Alvarez;17-03-02;Chilena;56948341173;mauricio.rodriguez1133@outlook.com;NULL;NULL;NULL;NULL;NULL;NULL;NULL;NULL;NULL;NULL;NULL;NULL;11;Médico;0;NULL;NULL
10001134-4;Javier Nuñez Ronaldo;31-08-97;Argentina;56995010221;javier.nunez1134@uca.cl;NULL;NULL;NULL;NULL;NULL;NULL;NULL;NULL;17;dirigente;13-12-84;18-04-19;NULL;NULL;NULL;NULL;NULL
10001135-2;Mohamed Isla Nuñez;22-02-83;Española;56965505401;mohamed.isla1135@usach.cl;NULL;NULL;NULL;NULL;NULL;NULL;NULL;NULL;NULL;NULL;NULL;NULL;3;Asistente Técnico;0;NULL;NULL
10001136-0;Ignacio Dybala Mbappe;29-09-94;Chilena;56998409646;ignacio.dybala1136@puc.cl;NULL;NULL;NULL;NULL;NULL;NULL;NULL;NULL;32;presidente;16-12-69;20-01-31;NULL;NULL;NULL;NULL;NULL
10001137-9;Erick Gutiérrez Valverde;11-08-78;Chilena;56970866337;erick.gutierrez1137@yahoo.com;NULL;NULL;NULL;NULL;NULL;NULL;NULL;NULL;8;tesorero;19-03-86;26-03-28;NULL;NULL;NULL;NULL;NULL
10001138-7;Oscar Vinicius Pizarro;08-03-96;Chilena;56950905239;oscar.vinicius1138@uca.cl;NULL;NULL;NULL;NULL;NULL;NULL;NULL;NULL;NULL;NULL;NULL;NULL;NULL;NULL;NULL;NULL;NULL
10001139-5;Zinedine Vargas Sánchez;25-07-87;Chilena;56976974681;zinedine.vargas1139@puc.cl;NULL;NULL;NULL;NULL;NULL;NULL;NULL;NULL;NULL;NULL;NULL;NULL;11;Preparador Físico;0;NULL;NULL
10001140-9;Mohamed López Rodríguez;02-06-97;Chilena;56944500646;mohamed.lopez1140@gmail.com;NULL;NULL;NULL;NULL;NULL;NULL;NULL;NULL;NULL;NULL;NULL;NULL;26;Preparador Físico;0;NULL;NULL
10001141-7;Vicente Torres Torres;19-03-03;Chilena;56952621258;vicente.torres1141@gmail.com;NULL;NULL;NULL;NULL;NULL;NULL;NULL;NULL;NULL;NULL;NULL;NULL;2;Asistente Técnico;0;NULL;NULL
10001142-5;Mohamed Maradona Torres;29-12-71;Chilena;56932342199;mohamed.maradona1142@yahoo.com;NULL;NULL;NULL;NULL;NULL;NULL;NULL;NULL;NULL;NULL;NULL;NULL;NULL;NULL;NULL;NULL;NULL
10001143-3;Antoine Vásquez González;10-05-95;Chilena;56923113480;antoine.vasquez1143@puc.cl;09-10-81;16-07-24;NULL;NULL;NULL;NULL;NULL;NULL;NULL;NULL;NULL;NULL;NULL;NULL;NULL;NULL;NULL
10001144-1;Luciano Neuer Fuentes;24-08-93;Chilena;56954839245;luciano.neuer1144@uca.cl;NULL;NULL;NULL;NULL;NULL;NULL;NULL;NULL;5;dirigente;27-04-68;21-08-26;NULL;NULL;NULL;NULL;NULL
10001145-K;Facundo Castro Muñoz;02-10-85;Chilena;56933636445;facundo.castro1145@usach.cl;NULL;NULL;NULL;NULL;NULL;NULL;NULL;NULL;NULL;NULL;NULL;NULL;10;Médico;0;NULL;NULL
10001146-8;Rodrigo Rojas Güler;06-11-76;Colombiana;56933692863;rodrigo.rojas1146@yahoo.com;NULL;NULL;NULL;NULL;NULL;NULL;NULL;NULL;NULL;NULL;NULL;NULL;NULL;NULL;NULL;NULL;NULL
10001147-6;Thiago Rivera Tapia;15-12-73;Peruana;56949825696;thiago.rivera1147@hotmail.com;NULL;NULL;NULL;NULL;NULL;NULL;NULL;NULL;NULL;NULL;NULL;NULL;NULL;NULL;NULL;NULL;NULL
10001148-4;Gavi Pulgar Arias;02-09-79;Chilena;56910579064;gavi.pulgar1148@usach.cl;NULL;NULL;NULL;NULL;NULL;NULL;NULL;NULL;12;secretario;09-03-53;30-07-29;NULL;NULL;NULL;NULL;NULL
10001149-2;Facundo Muñoz Kroos;20-04-71;Chilena;56953112664;facundo.munoz1149@gmail.com;NULL;NULL;NULL;NULL;NULL;NULL;NULL;NULL;NULL;NULL;NULL;NULL;14;Asistente Técnico;0;NULL;NULL
10001150-6;Santino López Benzema;29-07-77;Chilena;56939887520;santino.lopez1150@usach.cl;NULL;NULL;NULL;NULL;NULL;NULL;NULL;NULL;NULL;NULL;NULL;NULL;NULL;NULL;NULL;NULL;NULL
10001151-4;Johnny Neuer Modric;19-07-88;Chilena;56964065626;johnny.neuer1151@gmail.com;NULL;NULL;NULL;NULL;NULL;NULL;NULL;NULL;NULL;NULL;NULL;NULL;26;Asistente Técnico;0;NULL;NULL
10001152-2;Erling Rodríguez Martínez;10-06-79;Chilena;56998597000;erling.rodriguez1152@hotmail.com;NULL;NULL;NULL;NULL;NULL;NULL;NULL;NULL;3;secretario;09-09-86;04-04-29;NULL;NULL;NULL;NULL;NULL
10001153-0;Matías Pizarro Maripán;28-11-83;Chilena;56917496104;matias.pizarro1153@uca.cl;NULL;NULL;NULL;NULL;NULL;NULL;NULL;NULL;NULL;NULL;NULL;NULL;18;Médico;0;NULL;NULL
10001154-9;Sergio Reyes Neuer;21-02-87;Chilena;56945170124;sergio.reyes1154@uca.cl;NULL;NULL;NULL;NULL;NULL;NULL;NULL;NULL;NULL;NULL;NULL;NULL;NULL;NULL;NULL;NULL;NULL
10001155-7;Luis Güler Maripán;15-11-72;Chilena;56939017361;luis.güler1155@puc.cl;NULL;NULL;NULL;NULL;NULL;NULL;NULL;NULL;31;dirigente;15-12-56;20-02-22;NULL;NULL;NULL;NULL;NULL
10001156-5;Enzo Silva Valenzuela;10-09-90;Chilena;56926290561;enzo.silva1156@puc.cl;NULL;NULL;NULL;NULL;NULL;NULL;NULL;NULL;39;dirigente;12-06-62;16-10-02;NULL;NULL;NULL;NULL;NULL
10001157-3;Bautista González Valenzuela;14-12-73;Chilena;56948291412;bautista.gonzalez1157@outlook.com;18-05-00;31-12-99;NULL;NULL;NULL;NULL;NULL;NULL;NULL;NULL;NULL;NULL;NULL;NULL;NULL;NULL;NULL
10001158-1;Lautaro Cortés Güler;30-06-80;Argentina;56923410368;lautaro.cortes1158@puc.cl;NULL;NULL;NULL;NULL;NULL;NULL;NULL;NULL;22;dirigente;07-02-78;19-06-27;NULL;NULL;NULL;NULL;NULL
10001159-K;Thomas Carrasco Espinoza;01-04-78;Alemana;56963320422;thomas.carrasco1159@gmail.com;NULL;NULL;NULL;NULL;NULL;NULL;NULL;NULL;NULL;NULL;NULL;NULL;NULL;NULL;NULL;NULL;NULL
10001160-3;Santiago Pizarro Suárez;09-08-71;Argentina;56950102808;santiago.pizarro1160@puc.cl;NULL;NULL;NULL;NULL;NULL;NULL;NULL;NULL;NULL;NULL;NULL;NULL;1;Preparador Físico;0;NULL;NULL
10001161-1;Marcelo Rojas Martínez;09-09-92;Chilena;56963366277;marcelo.rojas1161@puc.cl;NULL;NULL;NULL;NULL;NULL;NULL;NULL;NULL;6;secretario;14-05-60;17-11-26;NULL;NULL;NULL;NULL;NULL
10001162-K;Santino Rodri Salah;23-01-70;Chilena;56983795248;santino.rodri1162@outlook.com;NULL;NULL;NULL;NULL;NULL;NULL;NULL;NULL;NULL;NULL;NULL;NULL;NULL;NULL;NULL;NULL;NULL
10001163-8;Pedro Messi Pulgar;25-09-80;Chilena;56963409820;pedro.messi1163@hotmail.com;NULL;NULL;NULL;NULL;NULL;NULL;NULL;NULL;NULL;NULL;NULL;NULL;NULL;NULL;NULL;NULL;NULL
10001164-6;Tomás Díaz Torres;02-03-97;Brasileña;56954022352;tomas.diaz1164@gmail.com;NULL;NULL;NULL;NULL;NULL;NULL;NULL;NULL;NULL;NULL;NULL;NULL;NULL;NULL;NULL;NULL;NULL
10001165-4;Maximiliano Pizarro Lukaku;03-07-02;Chilena;56957493842;maximiliano.pizarro1165@usach.cl;NULL;NULL;NULL;NULL;NULL;NULL;NULL;NULL;NULL;NULL;NULL;NULL;19;Preparador Físico;0;NULL;NULL
10001166-2;Juan Salas Gutiérrez;28-01-94;Portuguesa;56935939974;juan.salas1166@gmail.com;NULL;NULL;NULL;NULL;NULL;NULL;NULL;NULL;NULL;NULL;NULL;NULL;29;Director Técnico;0;NULL;NULL
10001167-0;Kevin Fernández Ronaldo;22-05-70;Chilena;56926067710;kevin.fernandez1167@puc.cl;NULL;NULL;NULL;NULL;NULL;NULL;NULL;NULL;12;dirigente;18-10-86;16-05-14;NULL;NULL;NULL;NULL;NULL
10001168-9;Karim Cortés Valenzuela;28-01-99;Brasileña;56993286357;karim.cortes1168@puc.cl;NULL;NULL;NULL;NULL;NULL;NULL;NULL;NULL;36;dirigente;14-10-65;14-05-17;NULL;NULL;NULL;NULL;NULL
10001169-7;Luis Ronaldo Bellingham;01-09-92;Chilena;56975643661;luis.ronaldo1169@outlook.com;NULL;NULL;NULL;NULL;NULL;NULL;NULL;NULL;NULL;NULL;NULL;NULL;8;Preparador Físico;0;NULL;NULL
10001170-0;Pelé Yamal Fernández;23-09-94;Chilena;56931541999;pele.yamal1170@puc.cl;NULL;NULL;NULL;NULL;NULL;NULL;NULL;NULL;NULL;NULL;NULL;NULL;3;Asistente Técnico;0;NULL;NULL
10001171-9;Zinedine Neuer Vergara;11-07-86;Chilena;56930254725;zinedine.neuer1171@outlook.com;NULL;NULL;NULL;NULL;NULL;NULL;NULL;NULL;NULL;NULL;NULL;NULL;NULL;NULL;NULL;NULL;NULL
10001172-7;Humberto Paredes Sánchez;22-02-04;Argentina;56961017662;humberto.paredes1172@puc.cl;NULL;NULL;NULL;NULL;NULL;NULL;NULL;NULL;30;secretario;02-05-75;15-01-27;NULL;NULL;NULL;NULL;NULL
10001173-5;Raúl Paredes Vinicius;13-04-74;Colombiana;56944851143;raul.paredes1173@hotmail.com;NULL;NULL;NULL;NULL;NULL;NULL;NULL;NULL;NULL;NULL;NULL;NULL;15;Asistente Técnico;0;NULL;NULL
10001174-3;Cristopher Ronaldo Haaland;17-08-74;Inglesa;56955188525;cristopher.ronaldo1174@gmail.com;NULL;NULL;NULL;NULL;NULL;NULL;NULL;NULL;23;presidente;15-09-91;02-07-28;NULL;NULL;NULL;NULL;NULL
10001175-1;Agustín Suárez Modric;14-06-72;Chilena;56934209399;agustin.suarez1175@gmail.com;NULL;NULL;NULL;NULL;NULL;NULL;NULL;NULL;NULL;NULL;NULL;NULL;14;Director Técnico;0;NULL;NULL
10001176-K;Matias Alvarez Valenzuela;18-08-82;Inglesa;56976507682;matias.alvarez1176@hotmail.com;NULL;NULL;NULL;NULL;NULL;NULL;NULL;NULL;26;dirigente;14-07-72;10-04-07;NULL;NULL;NULL;NULL;NULL
10001177-8;Oscar Aránguiz Riquelme;22-03-94;Chilena;56959092105;oscar.aranguiz1177@usach.cl;NULL;NULL;NULL;NULL;NULL;NULL;NULL;NULL;NULL;NULL;NULL;NULL;26;Director Técnico;0;NULL;NULL
10001178-6;Esteban Tapia Mbappe;23-11-91;Chilena;56994967924;esteban.tapia1178@usach.cl;NULL;NULL;NULL;NULL;NULL;NULL;NULL;NULL;NULL;NULL;NULL;NULL;33;Asistente Técnico;0;NULL;NULL
10001179-4;Cristiano Vinicius Fernández;24-01-05;Chilena;56983166464;cristiano.vinicius1179@usach.cl;NULL;NULL;NULL;NULL;NULL;NULL;NULL;NULL;31;dirigente;04-07-99;31-01-11;NULL;NULL;NULL;NULL;NULL
10001180-8;Matías Suárez Medel;05-10-96;Chilena;56945777538;matias.suarez1180@gmail.com;NULL;NULL;NULL;NULL;NULL;NULL;NULL;NULL;23;dirigente;16-03-98;02-04-26;NULL;NULL;NULL;NULL;NULL
10001181-6;Felipe Rojas Bravo;28-11-93;Chilena;56993486544;felipe.rojas1181@puc.cl;NULL;NULL;NULL;NULL;NULL;NULL;NULL;NULL;NULL;NULL;NULL;NULL;9;Asistente Técnico;0;NULL;NULL
10001182-4;Javier Neuer Vásquez;20-06-01;Española;56959775962;javier.neuer1182@puc.cl;NULL;NULL;NULL;NULL;NULL;NULL;NULL;NULL;28;tesorero;17-05-53;06-02-31;NULL;NULL;NULL;NULL;NULL
10001183-2;Felipe Vergara López;28-11-70;Chilena;56946907079;felipe.vergara1183@uca.cl;NULL;NULL;NULL;NULL;NULL;NULL;NULL;NULL;14;secretario;12-10-51;24-01-30;NULL;NULL;NULL;NULL;NULL
10001184-0;Francisco Bravo Salah;17-09-70;Chilena;56915856316;francisco.bravo1184@gmail.com;NULL;NULL;NULL;NULL;NULL;NULL;NULL;NULL;12;dirigente;25-11-82;03-08-11;NULL;NULL;NULL;NULL;NULL
10001185-9;Jorge Tapia Reyes;21-05-97;Uruguaya;56934147528;jorge.tapia1185@yahoo.com;NULL;NULL;NULL;NULL;NULL;NULL;NULL;NULL;NULL;NULL;NULL;NULL;33;Asistente Técnico;0;NULL;NULL
10001186-7;Robert Messi Vargas;17-06-02;Uruguaya;56975756671;robert.messi1186@gmail.com;NULL;NULL;NULL;NULL;NULL;NULL;NULL;NULL;NULL;NULL;NULL;NULL;NULL;NULL;NULL;NULL;NULL
10001187-5;Javier Lewandowski Lukaku;16-05-95;Chilena;56951045803;javier.lewandowski1187@gmail.com;NULL;NULL;NULL;NULL;NULL;NULL;NULL;NULL;31;dirigente;14-07-49;14-06-06;NULL;NULL;NULL;NULL;NULL
10001188-3;Cristopher Pizarro Yamal;26-08-72;Chilena;56913101196;cristopher.pizarro1188@outlook.com;NULL;NULL;NULL;NULL;NULL;NULL;NULL;NULL;30;dirigente;20-03-39;07-09-13;NULL;NULL;NULL;NULL;NULL
10001189-1;Santiago Haaland Müller;01-12-73;Chilena;56937353087;santiago.haaland1189@yahoo.com;NULL;NULL;NULL;NULL;NULL;NULL;NULL;NULL;NULL;NULL;NULL;NULL;3;Preparador Físico;0;NULL;NULL
10001190-5;Oscar Toselli Carrasco;24-12-70;Chilena;56931434581;oscar.toselli1190@usach.cl;NULL;NULL;NULL;NULL;NULL;NULL;NULL;NULL;NULL;NULL;NULL;NULL;NULL;NULL;NULL;NULL;NULL
10001191-3;Erick Pizarro Riquelme;17-05-97;Chilena;56938535093;erick.pizarro1191@uca.cl;NULL;NULL;NULL;NULL;NULL;NULL;NULL;NULL;10;dirigente;15-02-53;20-05-31;NULL;NULL;NULL;NULL;NULL
10001192-1;Javier Sánchez Jara;27-02-70;Chilena;56926738320;javier.sanchez1192@yahoo.com;NULL;NULL;NULL;NULL;NULL;NULL;NULL;NULL;NULL;NULL;NULL;NULL;38;Director Técnico;0;NULL;NULL
10001193-K;Humberto De Bruyne Herrera;27-12-80;Chilena;56933677406;humberto.de bruyne1193@uca.cl;NULL;NULL;NULL;NULL;NULL;NULL;NULL;NULL;NULL;NULL;NULL;NULL;28;Asistente Técnico;0;NULL;NULL
10001194-8;Facundo Rivera Beausejour;02-06-94;Chilena;56969893010;facundo.rivera1194@outlook.com;NULL;NULL;NULL;NULL;NULL;NULL;NULL;NULL;5;dirigente;05-04-59;14-06-10;NULL;NULL;NULL;NULL;NULL
10001195-6;Gavi Figueroa Figueroa;25-05-80;Chilena;56923383373;gavi.figueroa1195@outlook.com;NULL;NULL;NULL;NULL;NULL;NULL;NULL;NULL;35;dirigente;12-09-55;19-11-21;NULL;NULL;NULL;NULL;NULL
10001196-4;Pedro Bustos González;24-10-91;Chilena;56924587455;pedro.bustos1196@outlook.com;NULL;NULL;NULL;NULL;NULL;NULL;NULL;NULL;NULL;NULL;NULL;NULL;NULL;NULL;NULL;NULL;NULL
10001197-2;Gastón Suazo Salah;10-03-95;Chilena;56992116644;gaston.suazo1197@yahoo.com;NULL;NULL;NULL;NULL;NULL;NULL;NULL;NULL;NULL;NULL;NULL;NULL;22;Médico;0;NULL;NULL
10001198-0;Lionel Nuñez Beausejour;19-07-79;Chilena;56944944088;lionel.nunez1198@uca.cl;NULL;NULL;NULL;NULL;NULL;NULL;NULL;NULL;NULL;NULL;NULL;NULL;16;Preparador Físico;0;NULL;NULL
10001199-9;Luciano Rodri Nuñez;23-10-73;Portuguesa;56948245970;luciano.rodri1199@yahoo.com;NULL;NULL;NULL;NULL;NULL;NULL;NULL;NULL;NULL;NULL;NULL;NULL;21;Utilero;0;NULL;NULL
10001200-6;Hernán Sepúlveda Arias;07-06-76;Chilena;56941434524;hernan.sepulveda1200@puc.cl;NULL;NULL;NULL;NULL;NULL;NULL;NULL;NULL;3;vicepresidente;14-07-52;24-05-27;NULL;NULL;NULL;NULL;NULL
10001201-4;Federico Ramos Valdés;07-04-86;Portuguesa;56917056832;federico.ramos1201@uca.cl;NULL;NULL;NULL;NULL;NULL;NULL;NULL;NULL;35;dirigente;23-07-81;16-10-27;NULL;NULL;NULL;NULL;NULL
10001202-2;Kevin Rojas Rodri;23-05-74;Chilena;56939077875;kevin.rojas1202@puc.cl;NULL;NULL;NULL;NULL;NULL;NULL;NULL;NULL;19;dirigente;16-04-96;05-07-12;NULL;NULL;NULL;NULL;NULL
10001203-0;Arturo Haaland Reyes;04-07-82;Colombiana;56953051968;arturo.haaland1203@uca.cl;NULL;NULL;NULL;NULL;NULL;NULL;NULL;NULL;NULL;NULL;NULL;NULL;19;Preparador Físico;0;NULL;NULL
10001204-9;José Rodri Caszely;27-09-76;Chilena;56987106682;jose.rodri1204@puc.cl;NULL;NULL;NULL;NULL;NULL;NULL;NULL;NULL;26;dirigente;09-01-41;05-03-02;NULL;NULL;NULL;NULL;NULL
10001205-7;Martín Aránguiz Díaz;03-04-98;Chilena;56993750962;martin.aranguiz1205@puc.cl;NULL;NULL;NULL;NULL;NULL;NULL;NULL;NULL;NULL;NULL;NULL;NULL;22;Asistente Técnico;0;NULL;NULL
10001206-5;Nicolás Messi Rojas;19-03-04;Chilena;56992834942;nicolas.messi1206@gmail.com;NULL;NULL;NULL;NULL;NULL;NULL;NULL;NULL;NULL;NULL;NULL;NULL;NULL;NULL;NULL;NULL;NULL
10001207-3;Daniel Vidal Jara;06-11-05;Brasileña;56985500755;daniel.vidal1207@outlook.com;NULL;NULL;NULL;NULL;NULL;NULL;NULL;NULL;NULL;NULL;NULL;NULL;38;Preparador Físico;0;NULL;NULL
10001208-1;Johnny Maripán Sánchez;11-11-00;Chilena;56950035771;johnny.maripan1208@yahoo.com;NULL;NULL;NULL;NULL;NULL;NULL;NULL;NULL;20;dirigente;23-01-89;18-12-10;NULL;NULL;NULL;NULL;NULL
10001209-K;Thomas Benzema Álvarez;11-01-04;Chilena;56954149129;thomas.benzema1209@yahoo.com;NULL;NULL;NULL;NULL;NULL;NULL;NULL;NULL;NULL;NULL;NULL;NULL;NULL;NULL;NULL;NULL;NULL
10001210-3;Sergio Müller Gutiérrez;20-07-93;Colombiana;56911556306;sergio.müller1210@gmail.com;NULL;NULL;NULL;NULL;NULL;NULL;NULL;NULL;NULL;NULL;NULL;NULL;NULL;NULL;NULL;NULL;NULL
10001211-1;Kevin Müller Aránguiz;22-12-88;Chilena;56928535287;kevin.müller1211@outlook.com;NULL;NULL;NULL;NULL;NULL;NULL;NULL;NULL;5;presidente;19-01-85;11-08-30;NULL;NULL;NULL;NULL;NULL
10001212-K;Cristian Gómez Messi;26-06-82;Uruguaya;56917504589;cristian.gomez1212@hotmail.com;NULL;NULL;NULL;NULL;NULL;NULL;NULL;NULL;30;dirigente;18-08-87;17-08-31;NULL;NULL;NULL;NULL;NULL
10001213-8;Johnny González Rivera;23-07-79;Chilena;56990702555;johnny.gonzalez1213@yahoo.com;NULL;NULL;NULL;NULL;NULL;NULL;NULL;NULL;NULL;NULL;NULL;NULL;8;Asistente Técnico;0;NULL;NULL
10001214-6;Rodrigo Mbappe Suárez;02-12-71;Chilena;56921076759;rodrigo.mbappe1214@gmail.com;NULL;NULL;NULL;NULL;NULL;NULL;NULL;NULL;NULL;NULL;NULL;NULL;NULL;NULL;NULL;NULL;NULL
10001215-4;Gustavo Rodri Maradona;22-12-93;Chilena;56980961263;gustavo.rodri1215@puc.cl;NULL;NULL;NULL;NULL;NULL;NULL;NULL;NULL;6;tesorero;18-12-81;16-04-29;NULL;NULL;NULL;NULL;NULL
10001216-2;Luis Müller Rojas;09-04-88;Chilena;56926229110;luis.müller1216@hotmail.com;NULL;NULL;NULL;NULL;NULL;NULL;NULL;NULL;2;dirigente;11-07-89;14-02-11;NULL;NULL;NULL;NULL;NULL
10001217-0;Gastón Vergara Morales;05-06-77;Chilena;56918018316;gaston.vergara1217@gmail.com;NULL;NULL;NULL;NULL;NULL;NULL;NULL;NULL;5;vicepresidente;21-07-93;30-10-31;NULL;NULL;NULL;NULL;NULL
10001218-9;Pedro Mendoza Valdés;20-02-70;Chilena;56920080173;pedro.mendoza1218@outlook.com;NULL;NULL;NULL;NULL;NULL;NULL;NULL;NULL;NULL;NULL;NULL;NULL;NULL;NULL;NULL;NULL;NULL
10001219-7;Paulo Díaz Hernández;07-02-92;Argentina;56984305353;paulo.diaz1219@puc.cl;NULL;NULL;NULL;NULL;NULL;NULL;NULL;NULL;NULL;NULL;NULL;NULL;NULL;NULL;NULL;NULL;NULL
10001220-0;Jorge Toselli Di María;22-10-70;Chilena;56981685332;jorge.toselli1220@outlook.com;NULL;NULL;NULL;NULL;NULL;NULL;NULL;NULL;15;vicepresidente;03-03-56;01-05-27;NULL;NULL;NULL;NULL;NULL
10001221-9;Arturo Paredes Bellingham;20-02-05;Peruana;56939937365;arturo.paredes1221@outlook.com;NULL;NULL;NULL;NULL;NULL;NULL;NULL;NULL;NULL;NULL;NULL;NULL;19;Médico;0;NULL;NULL
10001222-7;Pedri Gutiérrez Müller;23-02-03;Portuguesa;56976051469;pedri.gutierrez1222@uca.cl;NULL;NULL;NULL;NULL;NULL;NULL;NULL;NULL;NULL;NULL;NULL;NULL;NULL;NULL;NULL;NULL;NULL
10001223-5;Matías Castro Rodri;19-02-86;Chilena;56910240746;matias.castro1223@uca.cl;NULL;NULL;NULL;NULL;NULL;NULL;NULL;NULL;NULL;NULL;NULL;NULL;35;Médico;0;NULL;NULL
10001224-3;Julian Alvarez Contreras;14-12-78;Chilena;56947748279;julian.alvarez1224@usach.cl;NULL;NULL;NULL;NULL;NULL;NULL;NULL;NULL;NULL;NULL;NULL;NULL;29;Médico;0;NULL;NULL
10001225-1;Francisco Carrasco Zidane;01-03-86;Chilena;56989684987;francisco.carrasco1225@uca.cl;NULL;NULL;NULL;NULL;NULL;NULL;NULL;NULL;31;dirigente;09-08-93;20-08-04;NULL;NULL;NULL;NULL;NULL
10001226-K;Erick Morales Sepúlveda;04-08-70;Chilena;56992338036;erick.morales1226@outlook.com;NULL;NULL;NULL;NULL;NULL;NULL;NULL;NULL;NULL;NULL;NULL;NULL;22;Director Técnico;0;NULL;NULL
10001227-8;Thiago Rodríguez Isla;10-09-04;Chilena;56912520441;thiago.rodriguez1227@outlook.com;NULL;NULL;NULL;NULL;NULL;NULL;NULL;NULL;NULL;NULL;NULL;NULL;NULL;NULL;NULL;NULL;NULL
10001228-6;Eduardo González Espinoza;29-01-95;Chilena;56919852130;eduardo.gonzalez1228@outlook.com;NULL;NULL;NULL;NULL;NULL;NULL;NULL;NULL;NULL;NULL;NULL;NULL;36;Asistente Técnico;0;NULL;NULL
10001229-4;Luis Ronaldo Valverde;06-09-71;Brasileña;56925210283;luis.ronaldo1229@usach.cl;NULL;NULL;NULL;NULL;NULL;NULL;NULL;NULL;13;vicepresidente;30-04-86;17-04-31;NULL;NULL;NULL;NULL;NULL
10001230-8;Edinson Fuentes Benzema;30-05-02;Italiana;56995473792;edinson.fuentes1230@usach.cl;NULL;NULL;NULL;NULL;NULL;NULL;NULL;NULL;36;tesorero;04-03-84;05-05-28;NULL;NULL;NULL;NULL;NULL
10001231-6;Diego Caszely Arias;08-10-05;Chilena;56952054452;diego.caszely1231@usach.cl;NULL;NULL;NULL;NULL;NULL;NULL;NULL;NULL;38;dirigente;22-01-46;04-08-13;NULL;NULL;NULL;NULL;NULL
10001232-4;Johnny Toselli Tapia;22-07-96;Chilena;56939164142;johnny.toselli1232@yahoo.com;NULL;NULL;NULL;NULL;NULL;NULL;NULL;NULL;28;dirigente;03-01-40;17-12-15;NULL;NULL;NULL;NULL;NULL
10001233-2;Álvaro Haaland Carrasco;02-05-95;Chilena;56957772140;alvaro.haaland1233@usach.cl;NULL;NULL;NULL;NULL;NULL;NULL;NULL;NULL;NULL;NULL;NULL;NULL;NULL;NULL;NULL;NULL;NULL
10001234-0;Luciano Mbappe Arias;20-07-72;Chilena;56922357889;luciano.mbappe1234@uca.cl;NULL;NULL;NULL;NULL;NULL;NULL;NULL;NULL;30;dirigente;26-01-94;24-11-10;NULL;NULL;NULL;NULL;NULL
10001235-9;Gastón Fernández Dybala;09-12-81;Inglesa;56947087424;gaston.fernandez1235@puc.cl;NULL;NULL;NULL;NULL;NULL;NULL;NULL;NULL;NULL;NULL;NULL;NULL;22;Preparador Físico;0;NULL;NULL
10001236-7;Agustín Aránguiz Valdivia;22-04-92;Chilena;56999538478;agustin.aranguiz1236@outlook.com;12-07-96;31-2-25;NULL;NULL;NULL;NULL;NULL;NULL;NULL;NULL;NULL;NULL;NULL;NULL;NULL;NULL;NULL
10001237-5;Kylian Haaland Maradona;11-02-92;Chilena;56974206000;kylian.haaland1237@hotmail.com;NULL;NULL;NULL;NULL;NULL;NULL;NULL;NULL;NULL;NULL;NULL;NULL;23;Preparador Físico;0;NULL;NULL
10001238-3;Cristian Díaz Morales;28-04-99;Italiana;56972661231;cristian.diaz1238@hotmail.com;NULL;NULL;NULL;NULL;NULL;NULL;NULL;NULL;21;dirigente;19-02-98;14-02-02;NULL;NULL;NULL;NULL;NULL
10001239-1;Lionel Valverde Valenzuela;23-09-76;Argentina;56936879060;lionel.valverde1239@hotmail.com;NULL;NULL;NULL;NULL;NULL;NULL;NULL;NULL;NULL;NULL;NULL;NULL;24;Director Técnico;0;NULL;NULL
10001240-5;Mauricio Güler Suazo;10-07-99;Chilena;56943279075;mauricio.güler1240@outlook.com;NULL;NULL;NULL;NULL;NULL;NULL;NULL;NULL;30;dirigente;17-08-60;31-03-11;NULL;NULL;NULL;NULL;NULL
10001241-3;Agustín Torres Paredes;18-01-04;Chilena;56965070551;agustin.torres1241@uca.cl;18-06-88;03-09-22;NULL;NULL;NULL;NULL;NULL;NULL;NULL;NULL;NULL;NULL;NULL;NULL;NULL;NULL;NULL
10001242-1;Gonzalo Arias Gutiérrez;31-2-25;Peruana;56995194271;gonzalo.arias1242@hotmail.com;NULL;NULL;NULL;NULL;NULL;NULL;NULL;NULL;NULL;NULL;NULL;NULL;38;Médico;0;NULL;NULL
10001243-K;Cristopher Vásquez Riquelme;14-03-82;Chilena;56939667785;cristopher.vasquez1243@outlook.com;NULL;NULL;NULL;NULL;NULL;NULL;NULL;NULL;38;vicepresidente;14-08-51;02-02-28;NULL;NULL;NULL;NULL;NULL
10001244-8;Maximiliano Müller Haaland;16-02-96;Portuguesa;56973731478;maximiliano.müller1244@usach.cl;NULL;NULL;NULL;NULL;NULL;NULL;NULL;NULL;NULL;NULL;NULL;NULL;8;Preparador Físico;0;NULL;NULL
10001245-6;Diego Aránguiz Figueroa;23-07-71;Chilena;56918383934;diego.aranguiz1245@yahoo.com;NULL;NULL;NULL;NULL;NULL;NULL;NULL;NULL;15;dirigente;08-06-79;17-11-01;NULL;NULL;NULL;NULL;NULL
10001246-4;Neymar Ramos Espinoza;24-07-84;Española;56996725910;neymar.ramos1246@usach.cl;NULL;NULL;NULL;NULL;NULL;NULL;NULL;NULL;NULL;NULL;NULL;NULL;NULL;NULL;NULL;NULL;NULL
10001247-2;Harry Haaland Rodríguez;16-11-00;Chilena;56973151698;harry.haaland1247@gmail.com;NULL;NULL;NULL;NULL;NULL;NULL;NULL;NULL;17;dirigente;10-07-54;16-04-31;NULL;NULL;NULL;NULL;NULL
10001248-0;Erling Suárez Silva;08-08-78;Chilena;56984173830;erling.suarez1248@gmail.com;NULL;NULL;NULL;NULL;NULL;NULL;NULL;NULL;24;tesorero;06-09-79;19-12-26;NULL;NULL;NULL;NULL;NULL
10001249-9;Humberto Vinicius Cortés;31-10-88;Chilena;56922193809;humberto.vinicius1249@uca.cl;NULL;NULL;NULL;NULL;NULL;NULL;NULL;NULL;38;dirigente;19-08-89;13-09-15;NULL;NULL;NULL;NULL;NULL
10001250-2;Maximiliano Galdames Arias;25-01-77;Argentina;56981083386;maximiliano.galdames1250@gmail.com;NULL;NULL;NULL;NULL;NULL;NULL;NULL;NULL;NULL;NULL;NULL;NULL;38;Preparador Físico;0;NULL;NULL
10001251-0;Cristian Mendoza Maradona;17-12-97;Chilena;56973288631;cristian.mendoza1251@gmail.com;NULL;NULL;NULL;NULL;NULL;NULL;NULL;NULL;NULL;NULL;NULL;NULL;39;Utilero;0;NULL;NULL
10001252-9;Edinson Álvarez Maripán;02-05-03;Chilena;56995042401;edinson.alvarez1252@uca.cl;NULL;NULL;NULL;NULL;NULL;NULL;NULL;NULL;22;vicepresidente;12-08-55;29-01-29;NULL;NULL;NULL;NULL;NULL
10001253-7;Matias Griezmann Sánchez;19-06-72;Peruana;56920260043;matias.griezmann1253@uca.cl;NULL;NULL;NULL;NULL;NULL;NULL;NULL;NULL;29;dirigente;30-08-79;03-02-20;NULL;NULL;NULL;NULL;NULL
10001254-5;Humberto Toselli Isla;09-02-89;Italiana;56994056587;humberto.toselli1254@hotmail.com;NULL;NULL;NULL;NULL;NULL;NULL;NULL;NULL;NULL;NULL;NULL;NULL;20;Asistente Técnico;0;NULL;NULL
10001255-3;Joaquín Martínez Araya;10-01-73;Chilena;56958883350;joaquin.martinez1255@puc.cl;NULL;NULL;NULL;NULL;NULL;NULL;NULL;NULL;5;secretario;12-05-47;31-10-31;NULL;NULL;NULL;NULL;NULL
10001256-1;Marcelo Mendoza Rojas;01-07-97;Chilena;56944444870;marcelo.mendoza1256@uca.cl;NULL;NULL;NULL;NULL;NULL;NULL;NULL;NULL;5;dirigente;01-04-50;12-03-30;NULL;NULL;NULL;NULL;NULL
10001257-K;Diego De Bruyne Fuentes;05-02-96;Chilena;56976732386;diego.de bruyne1257@puc.cl;NULL;NULL;NULL;NULL;NULL;NULL;NULL;NULL;NULL;NULL;NULL;NULL;14;Utilero;0;NULL;NULL
10001258-8;Oscar Cortés Vinicius;15-11-85;Chilena;56989714506;oscar.cortes1258@puc.cl;NULL;NULL;NULL;NULL;NULL;NULL;NULL;NULL;NULL;NULL;NULL;NULL;NULL;NULL;NULL;NULL;NULL
10001259-6;Santino Benzema De Bruyne;16-05-03;Chilena;56915250430;santino.benzema1259@usach.cl;NULL;NULL;NULL;NULL;NULL;NULL;NULL;NULL;NULL;NULL;NULL;NULL;4;Asistente Técnico;0;NULL;NULL
10001260-K;Juan Araya Neuer;11-01-80;Chilena;56992280871;juan.araya1260@uca.cl;NULL;NULL;NULL;NULL;NULL;NULL;NULL;NULL;10;presidente;15-05-80;02-11-29;NULL;NULL;NULL;NULL;NULL
10001261-8;Martín Mendoza Galdames;02-10-01;Chilena;56947555223;martin.mendoza1261@yahoo.com;NULL;NULL;NULL;NULL;NULL;NULL;NULL;NULL;3;presidente;01-09-81;19-04-28;NULL;NULL;NULL;NULL;NULL
10001262-6;José Medel Neuer;16-08-91;Chilena;56998342287;jose.medel1262@usach.cl;NULL;NULL;NULL;NULL;NULL;NULL;NULL;NULL;39;dirigente;07-05-43;02-12-19;NULL;NULL;NULL;NULL;NULL
10001263-4;Martín Vinicius Suárez;10-10-88;Italiana;56945506379;martin.vinicius1263@uca.cl;NULL;NULL;NULL;NULL;NULL;NULL;NULL;NULL;9;dirigente;10-12-48;05-08-31;NULL;NULL;NULL;NULL;NULL
10001264-2;Mohamed Salas González;17-11-02;Chilena;56941105704;mohamed.salas1264@hotmail.com;NULL;NULL;NULL;NULL;NULL;NULL;NULL;NULL;NULL;NULL;NULL;NULL;NULL;NULL;NULL;NULL;NULL
10001265-0;Daniel Martínez Torres;06-02-82;Chilena;56926707397;daniel.martinez1265@puc.cl;NULL;NULL;NULL;NULL;NULL;NULL;NULL;NULL;NULL;NULL;NULL;NULL;12;Asistente Técnico;0;NULL;NULL
10001266-9;Robert Bustos Salah;21-04-90;Chilena;56934414628;robert.bustos1266@outlook.com;NULL;NULL;NULL;NULL;NULL;NULL;NULL;NULL;NULL;NULL;NULL;NULL;12;Director Técnico;0;NULL;NULL
10001267-7;Ezequiel Cortés Hernández;07-06-99;Chilena;56931818022;ezequiel.cortes1267@hotmail.com;NULL;NULL;NULL;NULL;NULL;NULL;NULL;NULL;38;dirigente;02-12-55;25-06-21;NULL;NULL;NULL;NULL;NULL
10001268-5;Cristopher Fuentes Haaland;31-12-76;Chilena;56954967876;cristopher.fuentes1268@puc.cl;NULL;NULL;NULL;NULL;NULL;NULL;NULL;NULL;NULL;NULL;NULL;NULL;10;Director Técnico;0;NULL;NULL
10001269-3;Pelé Saavedra Carrasco;21-11-85;Chilena;56941304086;pele.saavedra1269@hotmail.com;NULL;NULL;NULL;NULL;NULL;NULL;NULL;NULL;NULL;NULL;NULL;NULL;26;Preparador Físico;0;NULL;NULL
10001270-7;Ángel Caszely Araya;16-05-82;Chilena;56917441704;angel.caszely1270@usach.cl;NULL;NULL;NULL;NULL;NULL;NULL;NULL;NULL;NULL;NULL;NULL;NULL;2;Preparador Físico;0;NULL;NULL
10001271-5;Angel Rodríguez Ronaldo;28-06-78;Chilena;56920638368;angel.rodriguez1271@hotmail.com;NULL;NULL;NULL;NULL;NULL;NULL;NULL;NULL;NULL;NULL;NULL;NULL;16;Preparador Físico;0;NULL;NULL
10001272-3;Daniel Carrasco Cortés;11-12-94;Chilena;56930045062;daniel.carrasco1272@uca.cl;NULL;NULL;NULL;NULL;NULL;NULL;NULL;NULL;NULL;NULL;NULL;NULL;27;Asistente Técnico;0;NULL;NULL
10001273-1;Carlos Torres Herrera;11-04-90;Chilena;56918323693;carlos.torres1273@usach.cl;10-11-80;08-12-23;NULL;NULL;NULL;NULL;NULL;NULL;NULL;NULL;NULL;NULL;NULL;NULL;NULL;NULL;NULL
10001274-K;Marcelo Cortés Muñoz;30-09-87;Peruana;56981754244;marcelo.cortes1274@outlook.com;NULL;NULL;NULL;NULL;NULL;NULL;NULL;NULL;8;presidente;10-11-67;12-07-27;NULL;NULL;NULL;NULL;NULL
10001275-8;Ezequiel Herrera Rodri;26-01-89;Peruana;56965161760;ezequiel.herrera1275@yahoo.com;NULL;NULL;NULL;NULL;NULL;NULL;NULL;NULL;2;dirigente;15-11-91;20-11-12;NULL;NULL;NULL;NULL;NULL
10001276-6;Harry Valverde Vergara;31-12-80;Chilena;56931291377;harry.valverde1276@gmail.com;NULL;NULL;NULL;NULL;NULL;NULL;NULL;NULL;NULL;NULL;NULL;NULL;20;Utilero;0;NULL;NULL
10001277-4;Manuel Aránguiz González;19-07-74;Chilena;56939511595;manuel.aranguiz1277@gmail.com;NULL;NULL;NULL;NULL;NULL;NULL;NULL;NULL;3;dirigente;18-09-47;25-05-07;NULL;NULL;NULL;NULL;NULL
10001278-2;Mateo Pizarro Salas;24-02-88;Chilena;56994967978;mateo.pizarro1278@usach.cl;NULL;NULL;NULL;NULL;NULL;NULL;NULL;NULL;40;presidente;17-04-85;14-04-28;NULL;NULL;NULL;NULL;NULL
10001279-0;Tomás Medel Neuer;07-12-93;Chilena;56993449879;tomas.medel1279@uca.cl;NULL;NULL;NULL;NULL;NULL;NULL;NULL;NULL;NULL;NULL;NULL;NULL;NULL;NULL;NULL;NULL;NULL
10001280-4;Diego Figueroa Muñoz;27-04-01;Peruana;56916496872;diego.figueroa1280@outlook.com;NULL;NULL;NULL;NULL;NULL;NULL;NULL;NULL;NULL;NULL;NULL;NULL;35;Preparador Físico;0;NULL;NULL
10001281-2;Humberto Rodri Bravo;10-08-87;Francesa;56951069320;humberto.rodri1281@puc.cl;NULL;NULL;NULL;NULL;NULL;NULL;NULL;NULL;NULL;NULL;NULL;NULL;24;Médico;0;NULL;NULL
10001282-0;Ignacio Güler Saavedra;18-07-80;Chilena;56990484413;ignacio.güler1282@puc.cl;NULL;NULL;NULL;NULL;NULL;NULL;NULL;NULL;32;dirigente;11-08-83;05-02-23;NULL;NULL;NULL;NULL;NULL
10001283-9;Alejandro Valverde Valdivia;01-11-93;Chilena;56926490068;alejandro.valverde1283@uca.cl;09-03-96;02-08-22;NULL;NULL;NULL;NULL;NULL;NULL;NULL;NULL;NULL;NULL;NULL;NULL;NULL;NULL;NULL
10001284-7;Agustín Alvarez Rodríguez;09-12-83;Chilena;56916703838;agustin.alvarez1284@yahoo.com;NULL;NULL;NULL;NULL;NULL;NULL;NULL;NULL;NULL;NULL;NULL;NULL;25;Médico;0;NULL;NULL
10001285-5;Rodrigo Castillo Benzema;25-01-82;Francesa;56922738007;rodrigo.castillo1285@outlook.com;NULL;NULL;NULL;NULL;NULL;NULL;NULL;NULL;NULL;NULL;NULL;NULL;NULL;NULL;NULL;NULL;NULL
10001286-3;Gary Ronaldo Rodri;04-06-79;Francesa;56961021390;gary.ronaldo1286@gmail.com;NULL;NULL;NULL;NULL;NULL;NULL;NULL;NULL;21;dirigente;30-05-64;28-08-12;NULL;NULL;NULL;NULL;NULL
10001287-1;José Saavedra Morales;31-12-96;Chilena;56918451502;jose.saavedra1287@hotmail.com;NULL;NULL;NULL;NULL;NULL;NULL;NULL;NULL;7;dirigente;28-03-89;18-09-21;NULL;NULL;NULL;NULL;NULL
10001288-K;Enzo González Gómez;04-01-85;Chilena;56954286763;enzo.gonzalez1288@uca.cl;NULL;NULL;NULL;NULL;NULL;NULL;NULL;NULL;NULL;NULL;NULL;NULL;18;Asistente Técnico;0;NULL;NULL
10001289-8;Toni Di María Ronaldo;03-08-82;Chilena;56931049082;toni.di maria1289@puc.cl;NULL;NULL;NULL;NULL;NULL;NULL;NULL;NULL;NULL;NULL;NULL;NULL;NULL;NULL;NULL;NULL;NULL
10001290-1;Johnny Jara Ronaldo;09-08-94;Chilena;56963002717;johnny.jara1290@outlook.com;NULL;NULL;NULL;NULL;NULL;NULL;NULL;NULL;NULL;NULL;NULL;NULL;33;Médico;0;NULL;NULL
10001291-K;Santino Soto Rodri;18-07-81;Colombiana;56963105714;santino.soto1291@yahoo.com;NULL;NULL;NULL;NULL;NULL;NULL;NULL;NULL;NULL;NULL;NULL;NULL;NULL;NULL;NULL;NULL;NULL
10001292-8;Eduardo Dybala Cavani;30-01-96;Chilena;56970465652;eduardo.dybala1292@outlook.com;NULL;NULL;NULL;NULL;NULL;NULL;NULL;NULL;NULL;NULL;NULL;NULL;32;Utilero;0;NULL;NULL
10001293-6;Thomas Morales Vinicius;07-05-71;Chilena;56919359460;thomas.morales1293@usach.cl;NULL;NULL;NULL;NULL;NULL;NULL;NULL;NULL;NULL;NULL;NULL;NULL;NULL;NULL;NULL;NULL;NULL
10001294-4;Paulo Yamal Salah;13-11-98;Chilena;56912195312;paulo.yamal1294@outlook.com;NULL;NULL;NULL;NULL;NULL;NULL;NULL;NULL;NULL;NULL;NULL;NULL;NULL;NULL;NULL;NULL;NULL
10001295-2;Gustavo Pizarro Salas;21-03-70;Colombiana;56980499240;gustavo.pizarro1295@hotmail.com;NULL;NULL;NULL;NULL;NULL;NULL;NULL;NULL;NULL;NULL;NULL;NULL;3;Preparador Físico;0;NULL;NULL
10001296-0;Federico Muñoz Carrasco;14-07-94;Chilena;56934969112;federico.munoz1296@gmail.com;NULL;NULL;NULL;NULL;NULL;NULL;NULL;NULL;NULL;NULL;NULL;NULL;25;Preparador Físico;0;NULL;NULL
10001297-9;Bautista Vargas Fernández;26-04-73;Chilena;56943495328;bautista.vargas1297@gmail.com;NULL;NULL;NULL;NULL;NULL;NULL;NULL;NULL;NULL;NULL;NULL;NULL;23;Médico;0;NULL;NULL
10001298-7;Angel Rivera Martínez;08-05-83;Chilena;56966934853;angel.rivera1298@hotmail.com;17-06-89;09-01-24;NULL;NULL;NULL;NULL;NULL;NULL;NULL;NULL;NULL;NULL;NULL;NULL;NULL;NULL;NULL
10001299-5;Martín Mbappe Castillo;21-09-91;Brasileña;56989630289;martin.mbappe1299@yahoo.com;NULL;NULL;NULL;NULL;NULL;NULL;NULL;NULL;11;dirigente;02-11-93;28-02-05;NULL;NULL;NULL;NULL;NULL
10001300-2;Marcelo Arias Haaland;09-12-74;Chilena;56935356230;marcelo.arias1300@yahoo.com;NULL;NULL;NULL;NULL;NULL;NULL;NULL;NULL;NULL;NULL;NULL;NULL;7;Preparador Físico;0;NULL;NULL
10001301-0;Sebastián Martínez Suárez;14-07-05;Brasileña;56946328959;sebastian.martinez1301@usach.cl;NULL;NULL;NULL;NULL;NULL;NULL;NULL;NULL;NULL;NULL;NULL;NULL;NULL;NULL;NULL;NULL;NULL
10001302-9;Sergio Martínez Valenzuela;03-08-82;Inglesa;56954896171;sergio.martinez1302@puc.cl;NULL;NULL;NULL;NULL;NULL;NULL;NULL;NULL;NULL;NULL;NULL;NULL;NULL;NULL;NULL;NULL;NULL
10001303-7;Hernán Carrasco Vergara;07-07-93;Colombiana;56943393905;hernan.carrasco1303@yahoo.com;NULL;NULL;NULL;NULL;NULL;NULL;NULL;NULL;28;presidente;02-01-56;30-11-29;NULL;NULL;NULL;NULL;NULL
10001304-5;Gavi Haaland Vergara;15-11-88;Chilena;56993318410;gavi.haaland1304@usach.cl;NULL;NULL;NULL;NULL;NULL;NULL;NULL;NULL;40;dirigente;20-05-64;08-06-03;NULL;NULL;NULL;NULL;NULL
10001305-3;Lamine Maradona Vidal;08-09-92;Chilena;56949468845;lamine.maradona1305@hotmail.com;NULL;NULL;NULL;NULL;NULL;NULL;NULL;NULL;33;dirigente;06-10-54;18-07-26;NULL;NULL;NULL;NULL;NULL
10001306-1;Gonzalo Neuer Contreras;15-05-71;Chilena;56984705511;gonzalo.neuer1306@puc.cl;NULL;NULL;NULL;NULL;NULL;NULL;NULL;NULL;2;presidente;25-07-98;12-02-31;NULL;NULL;NULL;NULL;NULL
10001307-K;Diego Nuñez Castro;28-02-04;Chilena;56981909176;diego.nunez1307@outlook.com;NULL;NULL;NULL;NULL;NULL;NULL;NULL;NULL;NULL;NULL;NULL;NULL;24;Asistente Técnico;0;NULL;NULL
10001308-8;Bautista Vásquez Kane;16-02-95;Chilena;56977808538;bautista.vasquez1308@usach.cl;NULL;NULL;NULL;NULL;NULL;NULL;NULL;NULL;NULL;NULL;NULL;NULL;7;Médico;0;NULL;NULL
10001309-6;Maximiliano Medel Griezmann;17-08-77;Brasileña;56965097622;maximiliano.medel1309@yahoo.com;NULL;NULL;NULL;NULL;NULL;NULL;NULL;NULL;NULL;NULL;NULL;NULL;25;Preparador Físico;0;NULL;NULL
10001310-K;Felipe Isla Bravo;20-04-70;Argentina;56987324766;felipe.isla1310@usach.cl;NULL;NULL;NULL;NULL;NULL;NULL;NULL;NULL;NULL;NULL;NULL;NULL;2;Asistente Técnico;0;NULL;NULL
10001311-8;Andrés Suárez Silva;25-08-85;Chilena;56914483702;andres.suarez1311@outlook.com;NULL;NULL;NULL;NULL;NULL;NULL;NULL;NULL;NULL;NULL;NULL;NULL;1;Asistente Técnico;0;NULL;NULL
10001312-6;Mauricio Castro Güler;14-03-70;Chilena;56919815674;mauricio.castro1312@outlook.com;NULL;NULL;NULL;NULL;NULL;NULL;NULL;NULL;NULL;NULL;NULL;NULL;16;Utilero;0;NULL;NULL
10001313-4;Maximiliano Galdames Carrasco;06-04-73;Chilena;56977927052;maximiliano.galdames1313@uca.cl;NULL;NULL;NULL;NULL;NULL;NULL;NULL;NULL;NULL;NULL;NULL;NULL;21;Asistente Técnico;2;NULL;NULL
10001314-2;Santiago Gómez Griezmann;14-10-94;Chilena;56950247731;santiago.gomez1314@yahoo.com;NULL;NULL;NULL;NULL;NULL;NULL;NULL;NULL;NULL;NULL;NULL;NULL;NULL;NULL;NULL;NULL;NULL
10001315-0;Lucas Cortés Saavedra;02-08-70;Chilena;56915144982;lucas.cortes1315@hotmail.com;NULL;NULL;NULL;NULL;NULL;NULL;NULL;NULL;4;dirigente;16-11-62;02-01-15;NULL;NULL;NULL;NULL;NULL
10001316-9;Kevin Soto Soto;14-02-82;Portuguesa;56994900742;kevin.soto1316@usach.cl;NULL;NULL;NULL;NULL;NULL;NULL;NULL;NULL;NULL;NULL;NULL;NULL;16;Asistente Técnico;0;NULL;NULL
10001317-7;Sergio Salas Güler;05-05-82;Portuguesa;56992815484;sergio.salas1317@usach.cl;NULL;NULL;NULL;NULL;NULL;NULL;NULL;NULL;NULL;NULL;NULL;NULL;NULL;NULL;NULL;NULL;NULL
10001318-5;Pablo Kroos Vásquez;21-08-97;Chilena;56975996743;pablo.kroos1318@gmail.com;NULL;NULL;NULL;NULL;NULL;NULL;NULL;NULL;NULL;NULL;NULL;NULL;NULL;NULL;NULL;NULL;NULL
10001319-3;Gastón Mendoza Di María;01-08-78;Inglesa;56992727875;gaston.mendoza1319@usach.cl;NULL;NULL;NULL;NULL;NULL;NULL;NULL;NULL;5;dirigente;03-12-57;01-08-28;NULL;NULL;NULL;NULL;NULL
10001320-7;Manuel Muñoz Castillo;16-07-95;Uruguaya;56924998904;manuel.munoz1320@uca.cl;NULL;NULL;NULL;NULL;NULL;NULL;NULL;NULL;26;dirigente;06-09-77;11-05-28;NULL;NULL;NULL;NULL;NULL
10001321-5;Toni Pizarro Güler;04-04-92;Chilena;56935239182;toni.pizarro1321@gmail.com;NULL;NULL;NULL;NULL;NULL;NULL;NULL;NULL;NULL;NULL;NULL;NULL;NULL;NULL;NULL;NULL;NULL
10001322-3;Nicolás Haaland Medel;09-02-00;Chilena;56976383764;nicolas.haaland1322@gmail.com;NULL;NULL;NULL;NULL;NULL;NULL;NULL;NULL;NULL;NULL;NULL;NULL;NULL;NULL;NULL;NULL;NULL
10001323-1;Kevin Pizarro Contreras;15-08-05;Chilena;56932640804;kevin.pizarro1323@puc.cl;NULL;NULL;NULL;NULL;NULL;NULL;NULL;NULL;15;dirigente;22-12-90;07-10-22;NULL;NULL;NULL;NULL;NULL
10001324-K;Esteban Kane Gutiérrez;16-10-93;Chilena;56972774390;esteban.kane1324@yahoo.com;NULL;NULL;NULL;NULL;NULL;NULL;NULL;NULL;7;presidente;26-02-62;19-10-29;NULL;NULL;NULL;NULL;NULL
10001325-8;Robert Castillo Hernández;20-01-96;Chilena;56919966673;robert.castillo1325@hotmail.com;NULL;NULL;NULL;NULL;NULL;NULL;NULL;NULL;NULL;NULL;NULL;NULL;NULL;NULL;NULL;NULL;NULL
10001326-6;Sergio Pérez Caszely;10-06-89;Chilena;56941928417;sergio.perez1326@outlook.com;NULL;NULL;NULL;NULL;NULL;NULL;NULL;NULL;NULL;NULL;NULL;NULL;NULL;NULL;NULL;NULL;NULL
10001327-4;Ángel Nuñez Modric;20-11-83;Colombiana;56977528534;angel.nunez1327@gmail.com;NULL;NULL;NULL;NULL;NULL;NULL;NULL;NULL;NULL;NULL;NULL;NULL;24;Preparador Físico;0;NULL;NULL
10001328-2;Gustavo Kroos Araya;23-11-76;Chilena;56927317552;gustavo.kroos1328@usach.cl;NULL;NULL;NULL;NULL;NULL;NULL;NULL;NULL;NULL;NULL;NULL;NULL;27;Utilero;0;NULL;NULL
10001329-0;Maximiliano Sánchez Alvarez;19-05-96;Chilena;56993185768;maximiliano.sanchez1329@puc.cl;NULL;NULL;NULL;NULL;NULL;NULL;NULL;NULL;NULL;NULL;NULL;NULL;NULL;NULL;NULL;NULL;NULL
10001330-4;Ignacio Sánchez Díaz;06-01-87;Chilena;56993542604;ignacio.sanchez1330@hotmail.com;NULL;NULL;NULL;NULL;NULL;NULL;NULL;NULL;NULL;NULL;NULL;NULL;15;Preparador Físico;0;NULL;NULL
10001331-2;Vicente Toselli Vergara;01-11-94;Chilena;56931042684;vicente.toselli1331@hotmail.com;NULL;NULL;NULL;NULL;NULL;NULL;NULL;NULL;NULL;NULL;NULL;NULL;NULL;NULL;NULL;NULL;NULL
10001332-0;Pelé Castro Zidane;07-03-92;Chilena;56912040035;pele.castro1332@hotmail.com;NULL;NULL;NULL;NULL;NULL;NULL;NULL;NULL;NULL;NULL;NULL;NULL;NULL;NULL;NULL;NULL;NULL
10001333-9;Marcelo Nuñez Morales;05-02-80;Chilena;56981217207;marcelo.nunez1333@gmail.com;NULL;NULL;NULL;NULL;NULL;NULL;NULL;NULL;33;dirigente;19-01-63;28-12-23;NULL;NULL;NULL;NULL;NULL
10001334-7;Pedro Figueroa Hernández;20-08-98;Peruana;56994564095;pedro.figueroa1334@gmail.com;NULL;NULL;NULL;NULL;NULL;NULL;NULL;NULL;NULL;NULL;NULL;NULL;28;Médico;0;NULL;NULL
10001335-5;Kevin Vergara Kroos;28-01-88;Portuguesa;56969481143;kevin.vergara1335@puc.cl;NULL;NULL;NULL;NULL;NULL;NULL;NULL;NULL;6;presidente;24-04-54;12-02-29;NULL;NULL;NULL;NULL;NULL
10001336-3;Ignacio Pizarro Saavedra;07-08-87;Alemana;56914815287;ignacio.pizarro1336@gmail.com;NULL;NULL;NULL;NULL;NULL;NULL;NULL;NULL;NULL;NULL;NULL;NULL;12;Médico;0;NULL;NULL
10001337-1;Alejandro Suazo Castro;09-08-85;Uruguaya;56945578829;alejandro.suazo1337@puc.cl;01-05-91;20-12-22;NULL;NULL;NULL;NULL;NULL;NULL;NULL;NULL;NULL;NULL;NULL;NULL;NULL;NULL;NULL
10001338-K;Nicolás Silva Valverde;14-11-76;Chilena;56975172149;nicolas.silva1338@outlook.com;NULL;NULL;NULL;NULL;NULL;NULL;NULL;NULL;NULL;NULL;NULL;NULL;40;Director Técnico;0;NULL;NULL
10001339-8;Ronaldo Galdames Martínez;16-02-74;Chilena;56960337913;ronaldo.galdames1339@yahoo.com;NULL;NULL;NULL;NULL;NULL;NULL;NULL;NULL;NULL;NULL;NULL;NULL;13;Utilero;0;NULL;NULL
10001340-1;Lionel Mbappe López;18-08-81;Chilena;56983216091;lionel.mbappe1340@uca.cl;NULL;NULL;NULL;NULL;NULL;NULL;NULL;NULL;28;dirigente;07-03-58;22-06-24;NULL;NULL;NULL;NULL;NULL
10001341-K;Pelé Yamal Maripán;21-05-82;Chilena;56990512834;pele.yamal1341@gmail.com;NULL;NULL;NULL;NULL;NULL;NULL;NULL;NULL;NULL;NULL;NULL;NULL;NULL;NULL;NULL;NULL;NULL
10001342-8;Pablo Maradona Galdames;05-02-75;Chilena;56930667633;pablo.maradona1342@usach.cl;NULL;NULL;NULL;NULL;NULL;NULL;NULL;NULL;NULL;NULL;NULL;NULL;NULL;NULL;NULL;NULL;NULL
10001343-6;Vicente Álvarez Mendoza;10-09-97;Chilena;56991212788;vicente.alvarez1343@gmail.com;NULL;NULL;NULL;NULL;NULL;NULL;NULL;NULL;NULL;NULL;NULL;NULL;NULL;NULL;NULL;NULL;NULL
10001344-4;Pelé Valdés Valenzuela;22-01-99;Alemana;56931558811;pele.valdes1344@hotmail.com;NULL;NULL;NULL;NULL;NULL;NULL;NULL;NULL;NULL;NULL;NULL;NULL;NULL;NULL;NULL;NULL;NULL
10001345-2;Joaquín Gómez Tapia;07-04-92;Chilena;56920429720;joaquin.gomez1345@yahoo.com;NULL;NULL;NULL;NULL;NULL;NULL;NULL;NULL;10;secretario;25-03-80;10-12-27;NULL;NULL;NULL;NULL;NULL
10001346-0;Nicolás Pizarro Bustos;07-07-90;Chilena;56994940554;nicolas.pizarro1346@hotmail.com;NULL;NULL;NULL;NULL;NULL;NULL;NULL;NULL;NULL;NULL;NULL;NULL;NULL;NULL;NULL;NULL;NULL
10001347-9;Charles Ramos Fernández;16-01-74;Chilena;56931857795;charles.ramos1347@puc.cl;13-11-97;05-03-20;NULL;NULL;NULL;NULL;NULL;NULL;NULL;NULL;NULL;NULL;NULL;NULL;NULL;NULL;NULL
10001348-7;Joaquín Araya Messi;28-04-94;Chilena;56927331289;joaquin.araya1348@hotmail.com;NULL;NULL;NULL;NULL;NULL;NULL;NULL;NULL;25;dirigente;24-12-80;12-04-03;NULL;NULL;NULL;NULL;NULL
10001349-5;Julian Flores Bellingham;12-06-78;Portuguesa;56916084966;julian.flores1349@hotmail.com;NULL;NULL;NULL;NULL;NULL;NULL;NULL;NULL;5;tesorero;04-05-68;11-02-28;NULL;NULL;NULL;NULL;NULL
10001350-9;Javier Bravo Sánchez;15-09-92;Chilena;56948502596;javier.bravo1350@usach.cl;NULL;NULL;NULL;NULL;NULL;NULL;NULL;NULL;13;dirigente;20-01-85;04-02-03;NULL;NULL;NULL;NULL;NULL
10001351-7;Gustavo Pulgar Valverde;17-09-03;Italiana;56978703354;gustavo.pulgar1351@usach.cl;NULL;NULL;NULL;NULL;NULL;NULL;NULL;NULL;8;dirigente;13-12-49;04-09-00;NULL;NULL;NULL;NULL;NULL
10001352-5;Ronaldo Figueroa Valverde;01-06-81;Chilena;56938200476;ronaldo.figueroa1352@outlook.com;NULL;NULL;NULL;NULL;NULL;NULL;NULL;NULL;NULL;NULL;NULL;NULL;NULL;NULL;NULL;NULL;NULL
10001353-3;Ezequiel Suárez Medel;11-12-85;Chilena;56921510431;ezequiel.suarez1353@outlook.com;NULL;NULL;NULL;NULL;NULL;NULL;NULL;NULL;NULL;NULL;NULL;NULL;1;Médico;0;NULL;NULL
10001354-1;Gustavo Castillo Griezmann;26-12-03;Argentina;56997371781;gustavo.castillo1354@puc.cl;NULL;NULL;NULL;NULL;NULL;NULL;NULL;NULL;33;dirigente;02-06-95;01-09-17;NULL;NULL;NULL;NULL;NULL
10001355-K;Lionel Silva Benzema;10-12-76;Chilena;56960162855;lionel.silva1355@outlook.com;NULL;NULL;NULL;NULL;NULL;NULL;NULL;NULL;NULL;NULL;NULL;NULL;33;Utilero;0;NULL;NULL
10001356-8;Sergio Caszely Vidal;15-07-01;Chilena;56968940149;sergio.caszely1356@outlook.com;NULL;NULL;NULL;NULL;NULL;NULL;NULL;NULL;NULL;NULL;NULL;NULL;NULL;NULL;NULL;NULL;NULL
10001357-6;Maximiliano Caszely Bustos;05-09-93;Chilena;56928120418;maximiliano.caszely1357@gmail.com;NULL;NULL;NULL;NULL;NULL;NULL;NULL;NULL;30;dirigente;28-05-49;13-12-01;NULL;NULL;NULL;NULL;NULL
10001358-4;Alejandro Valenzuela Flores;31-08-81;Argentina;56960263771;alejandro.valenzuela1358@hotmail.com;31-08-84;22-08-20;NULL;NULL;NULL;NULL;NULL;NULL;NULL;NULL;NULL;NULL;NULL;NULL;NULL;NULL;NULL
10001359-2;Luis Mbappe Griezmann;19-05-05;Chilena;56965940791;luis.mbappe1359@gmail.com;NULL;NULL;NULL;NULL;NULL;NULL;NULL;NULL;30;presidente;20-03-85;31-03-27;NULL;NULL;NULL;NULL;NULL
10001360-6;Ronaldo Ronaldo Arias;12-04-76;Francesa;56952128802;ronaldo.ronaldo1360@puc.cl;NULL;NULL;NULL;NULL;NULL;NULL;NULL;NULL;NULL;NULL;NULL;NULL;13;Preparador Físico;0;NULL;NULL
10001361-4;Lionel Gutiérrez González;07-05-81;Chilena;56974959681;lionel.gutierrez1361@yahoo.com;NULL;NULL;NULL;NULL;NULL;NULL;NULL;NULL;37;tesorero;09-06-48;27-04-30;NULL;NULL;NULL;NULL;NULL
10001362-2;Alejandro Beausejour Castro;08-04-91;Chilena;56910814864;alejandro.beausejour1362@hotmail.com;18-07-91;07-08-26;NULL;NULL;NULL;NULL;NULL;NULL;NULL;NULL;NULL;NULL;NULL;NULL;NULL;NULL;NULL
10001363-0;Álvaro Maradona Rodri;18-11-71;Chilena;56994761230;alvaro.maradona1363@gmail.com;NULL;NULL;NULL;NULL;NULL;NULL;NULL;NULL;NULL;NULL;NULL;NULL;NULL;NULL;NULL;NULL;NULL
10001364-9;Cristopher Bravo Soto;04-05-80;Chilena;56971970054;cristopher.bravo1364@hotmail.com;NULL;NULL;NULL;NULL;NULL;NULL;NULL;NULL;16;secretario;06-02-44;11-02-31;NULL;NULL;NULL;NULL;NULL
10001365-7;Romelu Valdés Álvarez;03-09-73;Chilena;56995444525;romelu.valdes1365@gmail.com;NULL;NULL;NULL;NULL;NULL;NULL;NULL;NULL;NULL;NULL;NULL;NULL;NULL;NULL;NULL;NULL;NULL
10001366-5;Pablo Tapia Nuñez;28-10-05;Argentina;56916549104;pablo.tapia1366@gmail.com;NULL;NULL;NULL;NULL;NULL;NULL;NULL;NULL;NULL;NULL;NULL;NULL;28;Preparador Físico;0;NULL;NULL
10001367-3;Alexis Yamal Sánchez;10-11-93;Chilena;56969337302;alexis.yamal1367@gmail.com;13-02-92;17-05-25;NULL;NULL;NULL;NULL;NULL;NULL;NULL;NULL;NULL;NULL;NULL;NULL;NULL;NULL;NULL
10001368-1;Gary Hernández Rojas;25-07-87;Chilena;56925599200;gary.hernandez1368@usach.cl;NULL;NULL;NULL;NULL;NULL;NULL;NULL;NULL;36;dirigente;08-08-70;21-01-15;NULL;NULL;NULL;NULL;NULL
10001369-K;Marcos Dybala Valdés;01-11-88;Chilena;56954471750;marcos.dybala1369@hotmail.com;NULL;NULL;NULL;NULL;NULL;NULL;NULL;NULL;31;secretario;24-06-97;12-11-29;NULL;NULL;NULL;NULL;NULL
10001370-3;Andrés Paredes Nuñez;30-05-90;Chilena;56929180203;andres.paredes1370@uca.cl;23-11-82;23-01-21;NULL;NULL;NULL;NULL;NULL;NULL;NULL;NULL;NULL;NULL;NULL;NULL;NULL;NULL;NULL
10001371-1;Álvaro Hernández Di María;07-02-95;Chilena;56977493031;alvaro.hernandez1371@puc.cl;NULL;NULL;NULL;NULL;NULL;NULL;NULL;NULL;NULL;NULL;NULL;NULL;12;Utilero;0;NULL;NULL
10001372-K;Thiago Tapia Figueroa;12-09-83;Chilena;56931898955;thiago.tapia1372@uca.cl;NULL;NULL;NULL;NULL;NULL;NULL;NULL;NULL;NULL;NULL;NULL;NULL;28;Asistente Técnico;0;NULL;NULL
10001373-8;Neymar Valenzuela Salas;10-09-90;Chilena;56919620703;neymar.valenzuela1373@hotmail.com;NULL;NULL;NULL;NULL;NULL;NULL;NULL;NULL;NULL;NULL;NULL;NULL;NULL;NULL;NULL;NULL;NULL
10001374-6;Tomás Beausejour Nuñez;19-12-85;Chilena;56983093096;tomas.beausejour1374@yahoo.com;NULL;NULL;NULL;NULL;NULL;NULL;NULL;NULL;NULL;NULL;NULL;NULL;NULL;NULL;NULL;NULL;NULL
10001375-4;Angel Rojas Rojas;11-10-03;Chilena;56938354155;angel.rojas1375@yahoo.com;03-11-84;15-09-22;NULL;NULL;NULL;NULL;NULL;NULL;NULL;NULL;NULL;NULL;NULL;NULL;NULL;NULL;NULL
10001376-2;Charles Lewandowski Rivera;02-01-91;Portuguesa;56936811451;charles.lewandowski1376@uca.cl;NULL;NULL;NULL;NULL;NULL;NULL;NULL;NULL;NULL;NULL;NULL;NULL;14;Preparador Físico;0;NULL;NULL
10001377-0;Raúl Castro Vinicius;22-03-77;Brasileña;56944244286;raul.castro1377@yahoo.com;NULL;NULL;NULL;NULL;NULL;NULL;NULL;NULL;NULL;NULL;NULL;NULL;18;Asistente Técnico;0;NULL;NULL
10001378-9;Gastón Vásquez Mbappe;17-11-76;Chilena;56990821341;gaston.vasquez1378@gmail.com;NULL;NULL;NULL;NULL;NULL;NULL;NULL;NULL;21;dirigente;25-02-39;15-09-30;NULL;NULL;NULL;NULL;NULL
10001379-7;Harry Pulgar Galdames;12-06-95;Colombiana;56937701966;harry.pulgar1379@gmail.com;NULL;NULL;NULL;NULL;NULL;NULL;NULL;NULL;NULL;NULL;NULL;NULL;39;Médico;0;NULL;NULL
10001380-0;Enzo Benzema Bellingham;09-01-89;Chilena;56971179142;enzo.benzema1380@gmail.com;NULL;NULL;NULL;NULL;NULL;NULL;NULL;NULL;NULL;NULL;NULL;NULL;7;Asistente Técnico;0;NULL;NULL
10001381-9;Javier Vidal Salah;29-03-87;Brasileña;56941294608;javier.vidal1381@outlook.com;NULL;NULL;NULL;NULL;NULL;NULL;NULL;NULL;NULL;NULL;NULL;NULL;3;Médico;0;NULL;NULL
10001382-7;Tomás Valverde Medel;18-03-80;Chilena;56967216517;tomas.valverde1382@puc.cl;NULL;NULL;NULL;NULL;NULL;NULL;NULL;NULL;NULL;NULL;NULL;NULL;NULL;NULL;NULL;NULL;NULL
10001383-5;Claudio Pizarro Alvarez;26-08-73;Chilena;56992638554;claudio.pizarro1383@uca.cl;NULL;NULL;NULL;NULL;NULL;NULL;NULL;NULL;33;dirigente;04-11-86;06-09-00;NULL;NULL;NULL;NULL;NULL
10001384-3;Jorge Modric Hernández;20-10-71;Chilena;56955476295;jorge.modric1384@puc.cl;NULL;NULL;NULL;NULL;NULL;NULL;NULL;NULL;25;presidente;11-05-76;06-05-29;NULL;NULL;NULL;NULL;NULL
10001385-1;Lamine Carrasco Silva;03-09-03;Chilena;56931478120;lamine.carrasco1385@gmail.com;NULL;NULL;NULL;NULL;NULL;NULL;NULL;NULL;NULL;NULL;NULL;NULL;10;Preparador Físico;0;NULL;NULL
10001386-K;Cristian Dybala Pizarro;17-08-73;Argentina;56977102601;cristian.dybala1386@puc.cl;NULL;NULL;NULL;NULL;NULL;NULL;NULL;NULL;28;secretario;19-12-92;10-11-26;NULL;NULL;NULL;NULL;NULL
10001387-8;Daniel Toselli De Bruyne;27-06-93;Chilena;56931443893;daniel.toselli1387@outlook.com;NULL;NULL;NULL;NULL;NULL;NULL;NULL;NULL;NULL;NULL;NULL;NULL;16;Médico;0;NULL;NULL
10001388-6;Luciano Álvarez Dybala;12-12-83;Chilena;56910481037;luciano.alvarez1388@puc.cl;NULL;NULL;NULL;NULL;NULL;NULL;NULL;NULL;NULL;NULL;NULL;NULL;37;Utilero;0;NULL;NULL
10001389-4;Carlos Dybala Salas;30-07-90;Chilena;56937017574;carlos.dybala1389@puc.cl;30-11-74;01-01-25;NULL;NULL;NULL;NULL;NULL;NULL;NULL;NULL;NULL;NULL;NULL;NULL;NULL;NULL;NULL
10001390-8;Luis Vidal Muñoz;16-11-83;Peruana;56984566723;luis.vidal1390@puc.cl;NULL;NULL;NULL;NULL;NULL;NULL;NULL;NULL;17;tesorero;17-02-84;04-06-30;NULL;NULL;NULL;NULL;NULL
10001391-6;Carlos Saavedra Pulgar;03-01-88;Chilena;56939049157;carlos.saavedra1391@hotmail.com;18-04-74;31-12-99;NULL;NULL;NULL;NULL;NULL;NULL;NULL;NULL;NULL;NULL;NULL;NULL;NULL;NULL;NULL
10001392-4;Erling Haaland Rojas;09-09-04;Chilena;56980390242;erling.haaland1392@uca.cl;NULL;NULL;NULL;NULL;NULL;NULL;NULL;NULL;NULL;NULL;NULL;NULL;9;Médico;0;NULL;NULL
10001393-2;Gonzalo Valdivia Beausejour;08-04-76;Colombiana;56980078537;gonzalo.valdivia1393@gmail.com;NULL;NULL;NULL;NULL;NULL;NULL;NULL;NULL;9;dirigente;05-03-63;20-01-24;NULL;NULL;NULL;NULL;NULL
10001394-0;Edinson Kroos Lewandowski;13-09-81;Chilena;56936092263;edinson.kroos1394@yahoo.com;NULL;NULL;NULL;NULL;NULL;NULL;NULL;NULL;NULL;NULL;NULL;NULL;40;Preparador Físico;0;NULL;NULL
10001395-9;Ángel Fuentes Herrera;17-09-77;Chilena;56985347476;angel.fuentes1395@gmail.com;NULL;NULL;NULL;NULL;NULL;NULL;NULL;NULL;NULL;NULL;NULL;NULL;31;Preparador Físico;0;NULL;NULL
10001396-7;Matias Paredes López;01-04-99;Chilena;56981539993;matias.paredes1396@puc.cl;NULL;NULL;NULL;NULL;NULL;NULL;NULL;NULL;NULL;NULL;NULL;NULL;7;Director Técnico;0;NULL;NULL
10001397-5;Sebastián Pérez Silva;14-11-78;Francesa;56914720586;sebastian.perez1397@gmail.com;NULL;NULL;NULL;NULL;NULL;NULL;NULL;NULL;NULL;NULL;NULL;NULL;NULL;NULL;NULL;NULL;NULL
10001398-3;Romelu Aránguiz Beausejour;02-11-79;Chilena;56910720034;romelu.aranguiz1398@yahoo.com;NULL;NULL;NULL;NULL;NULL;NULL;NULL;NULL;NULL;NULL;NULL;NULL;NULL;NULL;NULL;NULL;NULL
10001399-1;Benjamín Benzema Medel;21-09-01;Chilena;56948700888;benjamin.benzema1399@puc.cl;06-05-98;18-07-23;NULL;NULL;NULL;NULL;NULL;NULL;NULL;NULL;NULL;NULL;NULL;NULL;NULL;NULL;NULL
10001400-9;Gavi Pérez Salas;26-07-01;Chilena;56944616764;gavi.perez1400@yahoo.com;NULL;NULL;NULL;NULL;NULL;NULL;NULL;NULL;NULL;NULL;NULL;NULL;16;Asistente Técnico;0;NULL;NULL
10001401-7;Enzo Rojas Messi;24-08-97;Chilena;56940845618;enzo.rojas1401@hotmail.com;NULL;NULL;NULL;NULL;NULL;NULL;NULL;NULL;21;presidente;07-05-48;15-12-31;NULL;NULL;NULL;NULL;NULL
10001402-5;Marcelo Castro Mbappe;15-02-90;Española;56920271729;marcelo.castro1402@outlook.com;NULL;NULL;NULL;NULL;NULL;NULL;NULL;NULL;25;dirigente;09-01-57;03-09-14;NULL;NULL;NULL;NULL;NULL
10001403-3;Pelé Pizarro Caszely;28-12-80;Portuguesa;56954506998;pele.pizarro1403@outlook.com;NULL;NULL;NULL;NULL;NULL;NULL;NULL;NULL;NULL;NULL;NULL;NULL;NULL;NULL;NULL;NULL;NULL
10001404-1;Angel Vargas Griezmann;11-12-85;Chilena;56960355248;angel.vargas1404@uca.cl;NULL;NULL;NULL;NULL;NULL;NULL;NULL;NULL;NULL;NULL;NULL;NULL;32;Preparador Físico;0;NULL;NULL
10001405-K;Pelé Zidane Haaland;02-10-93;Francesa;56949593352;pele.zidane1405@puc.cl;NULL;NULL;NULL;NULL;NULL;NULL;NULL;NULL;NULL;NULL;NULL;NULL;NULL;NULL;NULL;NULL;NULL
10001406-8;Kevin Nuñez Bellingham;30-04-79;Chilena;56952484043;kevin.nunez1406@gmail.com;NULL;NULL;NULL;NULL;NULL;NULL;NULL;NULL;29;dirigente;30-03-48;04-02-13;NULL;NULL;NULL;NULL;NULL
10001407-6;Charles Sánchez Mbappe;20-09-84;Chilena;56993402821;charles.sanchez1407@yahoo.com;07-02-96;01-03-22;NULL;NULL;NULL;NULL;NULL;NULL;NULL;NULL;NULL;NULL;NULL;NULL;NULL;NULL;NULL
10001408-4;Claudio Vinicius Muñoz;01-10-84;Chilena;56967014506;claudio.vinicius1408@uca.cl;NULL;NULL;NULL;NULL;NULL;NULL;NULL;NULL;20;dirigente;08-01-82;26-08-04;NULL;NULL;NULL;NULL;NULL
10001409-2;Marcelo Vidal Hernández;03-05-87;Chilena;56977948643;marcelo.vidal1409@uca.cl;NULL;NULL;NULL;NULL;NULL;NULL;NULL;NULL;16;dirigente;15-03-77;30-05-17;NULL;NULL;NULL;NULL;NULL
10001410-6;Andrés Isla Reyes;31-05-99;Portuguesa;56981436127;andres.isla1410@puc.cl;11-03-85;24-11-25;NULL;NULL;NULL;NULL;NULL;NULL;NULL;NULL;NULL;NULL;NULL;NULL;NULL;NULL;NULL
10001411-4;Benjamín Rojas Vergara;26-09-89;Chilena;56997346625;benjamin.rojas1411@gmail.com;24-11-92;04-02-22;NULL;NULL;NULL;NULL;NULL;NULL;NULL;NULL;NULL;NULL;NULL;NULL;NULL;NULL;NULL
10001412-2;Erick Paredes Araya;21-04-71;Chilena;56993292998;erick.paredes1412@puc.cl;NULL;NULL;NULL;NULL;NULL;NULL;NULL;NULL;NULL;NULL;NULL;NULL;31;Médico;0;NULL;NULL
10001413-0;Pelé Benzema Vásquez;19-10-84;Chilena;56990990435;pele.benzema1413@usach.cl;NULL;NULL;NULL;NULL;NULL;NULL;NULL;NULL;NULL;NULL;NULL;NULL;35;Preparador Físico;0;NULL;NULL
10001414-9;Pedro Fernández Vásquez;16-10-75;Chilena;56939862927;pedro.fernandez1414@puc.cl;NULL;NULL;NULL;NULL;NULL;NULL;NULL;NULL;NULL;NULL;NULL;NULL;NULL;NULL;NULL;NULL;NULL
10001415-7;Gustavo Lewandowski Castillo;12-09-85;Chilena;56948277363;gustavo.lewandowski1415@outlook.com;NULL;NULL;NULL;NULL;NULL;NULL;NULL;NULL;NULL;NULL;NULL;NULL;6;Preparador Físico;0;NULL;NULL
10001416-5;José Gómez Rojas;22-03-02;Argentina;56989404461;jose.gomez1416@outlook.com;NULL;NULL;NULL;NULL;NULL;NULL;NULL;NULL;4;tesorero;15-11-44;19-10-28;NULL;NULL;NULL;NULL;NULL
10001417-3;Cristian Rodríguez Bellingham;19-06-03;Inglesa;56976911105;cristian.rodriguez1417@usach.cl;NULL;NULL;NULL;NULL;NULL;NULL;NULL;NULL;22;dirigente;30-10-39;30-06-17;NULL;NULL;NULL;NULL;NULL
10001418-1;Jaime Suazo Suazo;24-11-90;Chilena;56977002290;jaime.suazo1418@gmail.com;NULL;NULL;NULL;NULL;NULL;NULL;NULL;NULL;32;dirigente;10-11-97;31-10-13;NULL;NULL;NULL;NULL;NULL
10001419-K;Jean Zidane Ramos;01-02-70;Chilena;56982247398;jean.zidane1419@puc.cl;NULL;NULL;NULL;NULL;NULL;NULL;NULL;NULL;23;dirigente;27-10-89;19-05-15;NULL;NULL;NULL;NULL;NULL
10001420-3;Thomas Rojas Fernández;09-11-83;Francesa;56984708237;thomas.rojas1420@usach.cl;NULL;NULL;NULL;NULL;NULL;NULL;NULL;NULL;NULL;NULL;NULL;NULL;NULL;NULL;NULL;NULL;NULL
10001421-1;Luka Morales Muñoz;21-08-02;Española;56989155906;luka.morales1421@outlook.com;NULL;NULL;NULL;NULL;NULL;NULL;NULL;NULL;NULL;NULL;NULL;NULL;14;Preparador Físico;0;NULL;NULL
10001422-K;Erling Vásquez Benzema;17-05-89;Chilena;56970199595;erling.vasquez1422@uca.cl;NULL;NULL;NULL;NULL;NULL;NULL;NULL;NULL;NULL;NULL;NULL;NULL;10;Asistente Técnico;0;NULL;NULL
10001423-8;Guillermo Salas Morales;08-05-78;Chilena;56930984451;guillermo.salas1423@yahoo.com;NULL;NULL;NULL;NULL;NULL;NULL;NULL;NULL;25;vicepresidente;10-07-45;16-12-29;NULL;NULL;NULL;NULL;NULL
10001424-6;Johnny Saavedra Di María;03-12-79;Chilena;56933456408;johnny.saavedra1424@puc.cl;NULL;NULL;NULL;NULL;NULL;NULL;NULL;NULL;18;tesorero;05-10-51;28-02-29;NULL;NULL;NULL;NULL;NULL
10001425-4;Ángel Cortés Torres;24-10-86;Chilena;56980245925;angel.cortes1425@puc.cl;NULL;NULL;NULL;NULL;NULL;NULL;NULL;NULL;NULL;NULL;NULL;NULL;NULL;NULL;NULL;NULL;NULL
10001426-2;Esteban Muñoz Gutiérrez;25-06-05;Chilena;56972941319;esteban.munoz1426@hotmail.com;NULL;NULL;NULL;NULL;NULL;NULL;NULL;NULL;34;dirigente;31-01-93;09-03-08;NULL;NULL;NULL;NULL;NULL
10001427-0;Erling Vargas De Bruyne;19-04-01;Chilena;56978007901;erling.vargas1427@yahoo.com;NULL;NULL;NULL;NULL;NULL;NULL;NULL;NULL;19;dirigente;27-08-73;16-01-07;NULL;NULL;NULL;NULL;NULL
10001428-9;Mateo Müller Morales;26-01-92;Chilena;56920610593;mateo.müller1428@hotmail.com;NULL;NULL;NULL;NULL;NULL;NULL;NULL;NULL;NULL;NULL;NULL;NULL;24;Utilero;0;NULL;NULL
10001429-7;Nicolás Arias Rojas;29-02-96;Chilena;56975165864;nicolas.arias1429@usach.cl;NULL;NULL;NULL;NULL;NULL;NULL;NULL;NULL;NULL;NULL;NULL;NULL;37;Médico;0;NULL;NULL
10001430-0;Jaime Mbappe De Bruyne;31-12-91;Chilena;56942955100;jaime.mbappe1430@uca.cl;NULL;NULL;NULL;NULL;NULL;NULL;NULL;NULL;39;dirigente;15-12-43;18-12-22;NULL;NULL;NULL;NULL;NULL
10001431-9;Cristian Kane Zidane;12-11-85;Chilena;56948767676;cristian.kane1431@gmail.com;NULL;NULL;NULL;NULL;NULL;NULL;NULL;NULL;NULL;NULL;NULL;NULL;37;Director Técnico;0;NULL;NULL
10001432-7;Gabriel Cortés Rodríguez;25-06-81;Chilena;56920326698;gabriel.cortes1432@outlook.com;NULL;NULL;NULL;NULL;NULL;NULL;NULL;NULL;16;dirigente;01-01-59;27-08-13;NULL;NULL;NULL;NULL;NULL
10001433-5;Pedro Valdés Pérez;01-11-90;Chilena;56957878526;pedro.valdes1433@hotmail.com;NULL;NULL;NULL;NULL;NULL;NULL;NULL;NULL;NULL;NULL;NULL;NULL;NULL;NULL;NULL;NULL;NULL
10001434-3;Marcelo Díaz Bravo;10-11-82;Chilena;56991008216;marcelo.diaz1434@hotmail.com;NULL;NULL;NULL;NULL;NULL;NULL;NULL;NULL;NULL;NULL;NULL;NULL;32;Asistente Técnico;0;NULL;NULL
10001435-1;Gustavo Araya Muñoz;23-12-00;Chilena;56917184472;gustavo.araya1435@gmail.com;NULL;NULL;NULL;NULL;NULL;NULL;NULL;NULL;38;dirigente;02-05-83;09-06-04;NULL;NULL;NULL;NULL;NULL
10001436-K;Juan De Bruyne Muñoz;16-07-02;Chilena;56921998313;juan.de bruyne1436@yahoo.com;NULL;NULL;NULL;NULL;NULL;NULL;NULL;NULL;4;secretario;15-10-78;03-03-29;NULL;NULL;NULL;NULL;NULL
10001437-8;Mateo Valdivia Haaland;09-08-04;Chilena;56915915727;mateo.valdivia1437@yahoo.com;NULL;NULL;NULL;NULL;NULL;NULL;NULL;NULL;NULL;NULL;NULL;NULL;5;Asistente Técnico;0;NULL;NULL
10001438-6;Ronaldo Castro Medel;14-07-02;Chilena;56914780868;ronaldo.castro1438@puc.cl;NULL;NULL;NULL;NULL;NULL;NULL;NULL;NULL;NULL;NULL;NULL;NULL;NULL;NULL;NULL;NULL;NULL
10001439-4;Alexis Bellingham Morales;15-12-76;Chilena;56939837974;alexis.bellingham1439@hotmail.com;NULL;NULL;NULL;NULL;NULL;NULL;NULL;NULL;NULL;NULL;NULL;NULL;40;Asistente Técnico;0;NULL;NULL
10001440-8;Enzo Benzema Nuñez;29-10-88;Portuguesa;56942763034;enzo.benzema1440@gmail.com;NULL;NULL;NULL;NULL;NULL;NULL;NULL;NULL;7;dirigente;22-09-45;22-01-10;NULL;NULL;NULL;NULL;NULL
10001441-6;Raúl Soto Bellingham;13-08-90;Chilena;56911883634;raul.soto1441@gmail.com;NULL;NULL;NULL;NULL;NULL;NULL;NULL;NULL;NULL;NULL;NULL;NULL;21;Preparador Físico;0;NULL;NULL
10001442-4;Guillermo Silva Figueroa;10-02-78;Chilena;56954706284;guillermo.silva1442@outlook.com;NULL;NULL;NULL;NULL;NULL;NULL;NULL;NULL;34;vicepresidente;24-09-57;01-11-26;NULL;NULL;NULL;NULL;NULL
10001443-2;Facundo Fernández De Bruyne;13-01-77;Chilena;56954323760;facundo.fernandez1443@usach.cl;NULL;NULL;NULL;NULL;NULL;NULL;NULL;NULL;33;dirigente;23-10-45;23-05-09;NULL;NULL;NULL;NULL;NULL
10001444-0;Enzo Vásquez Galdames;28-12-05;Chilena;56953391306;enzo.vasquez1444@puc.cl;NULL;NULL;NULL;NULL;NULL;NULL;NULL;NULL;8;dirigente;26-03-81;21-07-22;NULL;NULL;NULL;NULL;NULL
10001445-9;Eduardo Müller Hernández;16-05-77;Chilena;56947327435;eduardo.müller1445@yahoo.com;NULL;NULL;NULL;NULL;NULL;NULL;NULL;NULL;NULL;NULL;NULL;NULL;16;Preparador Físico;0;NULL;NULL
10001446-7;Harry Lewandowski Benzema;04-07-96;Chilena;56953320120;harry.lewandowski1446@puc.cl;NULL;NULL;NULL;NULL;NULL;NULL;NULL;NULL;31;tesorero;16-01-73;20-12-28;NULL;NULL;NULL;NULL;NULL
10001447-5;Esteban Cortés Álvarez;27-02-89;Inglesa;56914113226;esteban.cortes1447@puc.cl;NULL;NULL;NULL;NULL;NULL;NULL;NULL;NULL;29;dirigente;27-10-42;08-08-16;NULL;NULL;NULL;NULL;NULL
10001448-3;Gary Contreras Gómez;31-03-95;Chilena;56925555565;gary.contreras1448@uca.cl;NULL;NULL;NULL;NULL;NULL;NULL;NULL;NULL;NULL;NULL;NULL;NULL;6;Asistente Técnico;0;NULL;NULL
10001449-1;Manuel Sepúlveda Aránguiz;16-12-97;Chilena;56924363154;manuel.sepulveda1449@outlook.com;NULL;NULL;NULL;NULL;NULL;NULL;NULL;NULL;1;secretario;14-03-41;18-10-26;NULL;NULL;NULL;NULL;NULL
10001450-5;Thiago Jara Maradona;07-08-81;Uruguaya;56994176663;thiago.jara1450@outlook.com;NULL;NULL;NULL;NULL;NULL;NULL;NULL;NULL;NULL;NULL;NULL;NULL;NULL;NULL;NULL;NULL;NULL
10001451-3;Gonzalo Toselli Aránguiz;30-07-92;Chilena;56945976809;gonzalo.toselli1451@puc.cl;NULL;NULL;NULL;NULL;NULL;NULL;NULL;NULL;NULL;NULL;NULL;NULL;14;Preparador Físico;0;NULL;NULL
10001452-1;Rodrigo Alvarez Messi;13-12-78;Brasileña;56957773776;rodrigo.alvarez1452@usach.cl;NULL;NULL;NULL;NULL;NULL;NULL;NULL;NULL;NULL;NULL;NULL;NULL;NULL;NULL;NULL;NULL;NULL
10001453-K;Álvaro Rodríguez Pulgar;15-03-75;Italiana;56985344588;alvaro.rodriguez1453@gmail.com;NULL;NULL;NULL;NULL;NULL;NULL;NULL;NULL;NULL;NULL;NULL;NULL;NULL;NULL;NULL;NULL;NULL
10001454-8;Gonzalo Rodri Pizarro;10-11-94;Chilena;56964455729;gonzalo.rodri1454@uca.cl;NULL;NULL;NULL;NULL;NULL;NULL;NULL;NULL;20;dirigente;07-11-62;08-10-11;NULL;NULL;NULL;NULL;NULL
10001455-6;Maximiliano Yamal Isla;20-10-95;Italiana;56980021491;maximiliano.yamal1455@hotmail.com;NULL;NULL;NULL;NULL;NULL;NULL;NULL;NULL;NULL;NULL;NULL;NULL;31;Asistente Técnico;0;NULL;NULL
10001456-4;Erick Araya Martínez;12-12-99;Chilena;56943253566;erick.araya1456@uca.cl;NULL;NULL;NULL;NULL;NULL;NULL;NULL;NULL;23;dirigente;28-06-45;24-10-25;NULL;NULL;NULL;NULL;NULL
10001457-2;Lautaro Sepúlveda Hernández;09-10-81;Chilena;56981849431;lautaro.sepulveda1457@hotmail.com;NULL;NULL;NULL;NULL;NULL;NULL;NULL;NULL;NULL;NULL;NULL;NULL;19;Director Técnico;0;NULL;NULL
10001458-0;Cristian Suárez Gómez;14-02-78;Chilena;56996561989;cristian.suarez1458@hotmail.com;NULL;NULL;NULL;NULL;NULL;NULL;NULL;NULL;39;dirigente;15-05-52;18-07-13;NULL;NULL;NULL;NULL;NULL
10001459-9;Sergio Toselli Beausejour;25-05-97;Inglesa;56957042180;sergio.toselli1459@yahoo.com;NULL;NULL;NULL;NULL;NULL;NULL;NULL;NULL;NULL;NULL;NULL;NULL;NULL;NULL;NULL;NULL;NULL
10001460-2;Angel Bellingham Ronaldo;15-02-90;Chilena;56964161714;angel.bellingham1460@usach.cl;23-11-93;21-01-23;NULL;NULL;NULL;NULL;NULL;NULL;NULL;NULL;NULL;NULL;NULL;NULL;NULL;NULL;NULL
10001461-0;Erling Flores Salas;09-07-80;Chilena;56958277495;erling.flores1461@usach.cl;NULL;NULL;NULL;NULL;NULL;NULL;NULL;NULL;NULL;NULL;NULL;NULL;30;Utilero;0;NULL;NULL
10001462-9;Luciano Pulgar Pizarro;22-12-82;Chilena;56977616605;luciano.pulgar1462@puc.cl;NULL;NULL;NULL;NULL;NULL;NULL;NULL;NULL;20;dirigente;16-09-52;26-09-26;NULL;NULL;NULL;NULL;NULL
10001463-7;Romelu Herrera Morales;26-06-90;Chilena;56931314964;romelu.herrera1463@uca.cl;NULL;NULL;NULL;NULL;NULL;NULL;NULL;NULL;NULL;NULL;NULL;NULL;NULL;NULL;NULL;NULL;NULL
10001464-5;Cristiano Ramos Araya;21-02-79;Chilena;56982267876;cristiano.ramos1464@uca.cl;NULL;NULL;NULL;NULL;NULL;NULL;NULL;NULL;22;presidente;15-10-58;11-03-27;NULL;NULL;NULL;NULL;NULL
10001465-3;Pablo Suazo Díaz;28-10-96;Chilena;56953608093;pablo.suazo1465@puc.cl;NULL;NULL;NULL;NULL;NULL;NULL;NULL;NULL;NULL;NULL;NULL;NULL;17;Utilero;0;NULL;NULL
10001466-1;Daniel Morales Fernández;15-04-77;Chilena;56942837956;daniel.morales1466@outlook.com;NULL;NULL;NULL;NULL;NULL;NULL;NULL;NULL;35;dirigente;15-07-71;29-04-24;NULL;NULL;NULL;NULL;NULL
10001467-K;José Herrera Saavedra;25-02-82;Chilena;56941208236;jose.herrera1467@yahoo.com;NULL;NULL;NULL;NULL;NULL;NULL;NULL;NULL;27;secretario;30-04-87;31-03-28;NULL;NULL;NULL;NULL;NULL
10001468-8;Edinson De Bruyne Cavani;14-05-97;Chilena;56975042296;edinson.de bruyne1468@hotmail.com;NULL;NULL;NULL;NULL;NULL;NULL;NULL;NULL;2;secretario;02-12-57;06-09-31;NULL;NULL;NULL;NULL;NULL
10001469-6;Luis Silva Gómez;21-11-91;Francesa;56934347781;luis.silva1469@yahoo.com;NULL;NULL;NULL;NULL;NULL;NULL;NULL;NULL;NULL;NULL;NULL;NULL;13;Médico;0;NULL;NULL
10001470-K;Gonzalo Vargas Maradona;16-07-82;Colombiana;56945229837;gonzalo.vargas1470@uca.cl;NULL;NULL;NULL;NULL;NULL;NULL;NULL;NULL;24;vicepresidente;29-04-97;10-07-30;NULL;NULL;NULL;NULL;NULL
10001471-8;Mohamed López Hernández;18-06-78;Española;56913213022;mohamed.lopez1471@gmail.com;NULL;NULL;NULL;NULL;NULL;NULL;NULL;NULL;NULL;NULL;NULL;NULL;NULL;NULL;NULL;NULL;NULL
10001472-6;Gonzalo Sánchez Toselli;18-11-97;Chilena;56979896652;gonzalo.sanchez1472@gmail.com;NULL;NULL;NULL;NULL;NULL;NULL;NULL;NULL;39;vicepresidente;07-02-85;15-09-31;NULL;NULL;NULL;NULL;NULL
10001473-4;Andrés Ronaldo Zidane;04-10-97;Peruana;56989493391;andres.ronaldo1473@usach.cl;23-06-80;31-12-99;NULL;NULL;NULL;NULL;NULL;NULL;NULL;NULL;NULL;NULL;NULL;NULL;NULL;NULL;NULL
10001474-2;Hernán Vidal Muñoz;25-09-95;Chilena;56918159324;hernan.vidal1474@uca.cl;NULL;NULL;NULL;NULL;NULL;NULL;NULL;NULL;14;dirigente;03-12-52;14-12-04;NULL;NULL;NULL;NULL;NULL
10001475-0;Zinedine Suárez Medel;17-03-79;Chilena;56934782177;zinedine.suarez1475@puc.cl;NULL;NULL;NULL;NULL;NULL;NULL;NULL;NULL;NULL;NULL;NULL;NULL;NULL;NULL;NULL;NULL;NULL
10001476-9;Santino Díaz Valdés;07-06-03;Chilena;56914199464;santino.diaz1476@yahoo.com;NULL;NULL;NULL;NULL;NULL;NULL;NULL;NULL;NULL;NULL;NULL;NULL;NULL;NULL;NULL;NULL;NULL
10001477-7;Cristian Beausejour Jara;30-09-72;Chilena;56995828699;cristian.beausejour1477@outlook.com;NULL;NULL;NULL;NULL;NULL;NULL;NULL;NULL;NULL;NULL;NULL;NULL;2;Médico;0;NULL;NULL
10001478-5;Oscar Pérez Muñoz;21-10-02;Alemana;56921188809;oscar.perez1478@gmail.com;NULL;NULL;NULL;NULL;NULL;NULL;NULL;NULL;NULL;NULL;NULL;NULL;NULL;NULL;NULL;NULL;NULL
10001479-3;Enzo Kroos Jara;24-03-88;Chilena;56941368108;enzo.kroos1479@hotmail.com;NULL;NULL;NULL;NULL;NULL;NULL;NULL;NULL;NULL;NULL;NULL;NULL;37;Asistente Técnico;0;NULL;NULL
10001480-7;Bautista Sepúlveda Vergara;30-06-03;Chilena;56994250573;bautista.sepulveda1480@hotmail.com;NULL;NULL;NULL;NULL;NULL;NULL;NULL;NULL;NULL;NULL;NULL;NULL;36;Asistente Técnico;0;NULL;NULL
10001481-5;Juan Bellingham Aránguiz;02-08-72;Chilena;56996874744;juan.bellingham1481@outlook.com;NULL;NULL;NULL;NULL;NULL;NULL;NULL;NULL;NULL;NULL;NULL;NULL;9;Director Técnico;0;NULL;NULL
10001482-3;Eduardo Castillo Saavedra;10-08-86;Chilena;56985231168;eduardo.castillo1482@hotmail.com;NULL;NULL;NULL;NULL;NULL;NULL;NULL;NULL;32;dirigente;20-09-85;16-07-26;NULL;NULL;NULL;NULL;NULL
10001483-1;Jaime Flores Arias;28-06-84;Brasileña;56950421684;jaime.flores1483@hotmail.com;NULL;NULL;NULL;NULL;NULL;NULL;NULL;NULL;27;tesorero;19-07-52;22-07-30;NULL;NULL;NULL;NULL;NULL
10001484-K;Felipe Morales Torres;27-06-90;Francesa;56977225770;felipe.morales1484@uca.cl;NULL;NULL;NULL;NULL;NULL;NULL;NULL;NULL;9;secretario;29-03-93;27-06-29;NULL;NULL;NULL;NULL;NULL
10001485-8;Julian Salah Figueroa;05-03-82;Chilena;56933351321;julian.salah1485@uca.cl;NULL;NULL;NULL;NULL;NULL;NULL;NULL;NULL;32;vicepresidente;18-06-64;13-08-27;NULL;NULL;NULL;NULL;NULL
10001486-6;Ezequiel Dybala Dybala;04-02-71;Inglesa;56952097370;ezequiel.dybala1486@outlook.com;NULL;NULL;NULL;NULL;NULL;NULL;NULL;NULL;NULL;NULL;NULL;NULL;34;Asistente Técnico;0;NULL;NULL
10001487-4;Matias Álvarez Benzema;29-10-81;Uruguaya;56997783017;matias.alvarez1487@yahoo.com;NULL;NULL;NULL;NULL;NULL;NULL;NULL;NULL;NULL;NULL;NULL;NULL;14;Asistente Técnico;0;NULL;NULL
10001488-2;Matias Güler Herrera;05-11-04;Francesa;56971402066;matias.güler1488@yahoo.com;NULL;NULL;NULL;NULL;NULL;NULL;NULL;NULL;NULL;NULL;NULL;NULL;9;Preparador Físico;0;NULL;NULL
10001489-0;Ronaldo Valverde Vásquez;21-01-70;Alemana;56949692791;ronaldo.valverde1489@outlook.com;NULL;NULL;NULL;NULL;NULL;NULL;NULL;NULL;NULL;NULL;NULL;NULL;NULL;NULL;NULL;NULL;NULL
10001490-4;Karim Kroos Benzema;11-11-94;Colombiana;56923169906;karim.kroos1490@outlook.com;NULL;NULL;NULL;NULL;NULL;NULL;NULL;NULL;10;dirigente;21-05-39;17-06-29;NULL;NULL;NULL;NULL;NULL
10001491-2;Álvaro Valverde Muñoz;07-07-98;Chilena;56932173886;alvaro.valverde1491@yahoo.com;NULL;NULL;NULL;NULL;NULL;NULL;NULL;NULL;NULL;NULL;NULL;NULL;NULL;NULL;NULL;NULL;NULL
10001492-0;Romelu Soto Salas;04-02-95;Chilena;56927643113;romelu.soto1492@gmail.com;NULL;NULL;NULL;NULL;NULL;NULL;NULL;NULL;NULL;NULL;NULL;NULL;NULL;NULL;NULL;NULL;NULL
10001493-9;Robert Neuer López;08-01-71;Chilena;56918855441;robert.neuer1493@puc.cl;NULL;NULL;NULL;NULL;NULL;NULL;NULL;NULL;NULL;NULL;NULL;NULL;NULL;NULL;NULL;NULL;NULL
10001494-7;Diego Castillo Salas;16-03-83;Chilena;56921184952;diego.castillo1494@usach.cl;NULL;NULL;NULL;NULL;NULL;NULL;NULL;NULL;15;dirigente;29-07-41;30-04-15;NULL;NULL;NULL;NULL;NULL
10001495-5;Jean Zidane Araya;24-06-94;Alemana;56989529446;jean.zidane1495@outlook.com;NULL;NULL;NULL;NULL;NULL;NULL;NULL;NULL;5;dirigente;04-08-85;31-03-24;NULL;NULL;NULL;NULL;NULL
10001496-3;Ignacio González Cortés;14-03-71;Chilena;56984216075;ignacio.gonzalez1496@puc.cl;NULL;NULL;NULL;NULL;NULL;NULL;NULL;NULL;32;secretario;18-04-69;10-03-31;NULL;NULL;NULL;NULL;NULL
10001497-1;Oscar Bustos Rivera;09-11-88;Colombiana;56928432197;oscar.bustos1497@usach.cl;NULL;NULL;NULL;NULL;NULL;NULL;NULL;NULL;NULL;NULL;NULL;NULL;NULL;NULL;NULL;NULL;NULL
10001498-K;Kylian Torres Vidal;16-06-89;Chilena;56966588343;kylian.torres1498@gmail.com;NULL;NULL;NULL;NULL;NULL;NULL;NULL;NULL;NULL;NULL;NULL;NULL;35;Asistente Técnico;0;NULL;NULL
10001499-8;Sebastián Reyes Pulgar;09-03-93;Chilena;56962251746;sebastian.reyes1499@puc.cl;NULL;NULL;NULL;NULL;NULL;NULL;NULL;NULL;NULL;NULL;NULL;NULL;NULL;NULL;NULL;NULL;NULL
10001500-5;Neymar Pizarro Torres;01-09-81;Chilena;56925269837;neymar.pizarro1500@hotmail.com;NULL;NULL;NULL;NULL;NULL;NULL;NULL;NULL;NULL;NULL;NULL;NULL;NULL;NULL;NULL;NULL;NULL
10001501-3;Thiago Lukaku Haaland;29-06-82;Chilena;56944361153;thiago.lukaku1501@yahoo.com;NULL;NULL;NULL;NULL;NULL;NULL;NULL;NULL;NULL;NULL;NULL;NULL;NULL;NULL;NULL;NULL;NULL
10001502-1;Hernán Espinoza Galdames;18-03-93;Chilena;56983907816;hernan.espinoza1502@gmail.com;NULL;NULL;NULL;NULL;NULL;NULL;NULL;NULL;NULL;NULL;NULL;NULL;31;Utilero;0;NULL;NULL
10001503-K;Álvaro Sepúlveda López;09-11-78;Chilena;56928717304;alvaro.sepulveda1503@hotmail.com;NULL;NULL;NULL;NULL;NULL;NULL;NULL;NULL;NULL;NULL;NULL;NULL;NULL;NULL;NULL;NULL;NULL
10001504-8;Ignacio Cortés Müller;01-09-76;Chilena;56947711266;ignacio.cortes1504@outlook.com;NULL;NULL;NULL;NULL;NULL;NULL;NULL;NULL;25;dirigente;16-10-49;19-04-06;NULL;NULL;NULL;NULL;NULL
10001505-6;Thomas Suazo Messi;03-03-79;Chilena;56971857910;thomas.suazo1505@outlook.com;NULL;NULL;NULL;NULL;NULL;NULL;NULL;NULL;NULL;NULL;NULL;NULL;17;Preparador Físico;0;NULL;NULL
10001506-4;Gonzalo González Müller;21-08-77;Chilena;56993908413;gonzalo.gonzalez1506@usach.cl;NULL;NULL;NULL;NULL;NULL;NULL;NULL;NULL;NULL;NULL;NULL;NULL;23;Preparador Físico;0;NULL;NULL
10001507-2;Maximiliano Modric Aránguiz;21-03-92;Chilena;56914844698;maximiliano.modric1507@yahoo.com;NULL;NULL;NULL;NULL;NULL;NULL;NULL;NULL;19;presidente;27-02-52;03-08-30;NULL;NULL;NULL;NULL;NULL
10001508-0;Mateo Hernández Fuentes;31-10-87;Chilena;56954375149;mateo.hernandez1508@gmail.com;NULL;NULL;NULL;NULL;NULL;NULL;NULL;NULL;3;dirigente;26-05-88;19-02-15;NULL;NULL;NULL;NULL;NULL
10001509-9;Eduardo López Soto;27-11-89;Colombiana;56979681426;eduardo.lopez1509@outlook.com;NULL;NULL;NULL;NULL;NULL;NULL;NULL;NULL;7;vicepresidente;18-08-70;18-10-27;NULL;NULL;NULL;NULL;NULL
10001510-2;Luka Beausejour Pizarro;05-04-96;Inglesa;56968565760;luka.beausejour1510@puc.cl;NULL;NULL;NULL;NULL;NULL;NULL;NULL;NULL;36;dirigente;21-05-90;15-08-15;NULL;NULL;NULL;NULL;NULL
10001511-0;Daniel Rivera Güler;22-03-00;Chilena;56918989346;daniel.rivera1511@usach.cl;NULL;NULL;NULL;NULL;NULL;NULL;NULL;NULL;NULL;NULL;NULL;NULL;28;Asistente Técnico;0;NULL;NULL
10001512-9;Kevin Haaland Modric;18-10-03;Chilena;56932745334;kevin.haaland1512@usach.cl;NULL;NULL;NULL;NULL;NULL;NULL;NULL;NULL;NULL;NULL;NULL;NULL;29;Utilero;0;NULL;NULL
10001513-7;Esteban Cortés Medel;09-09-73;Chilena;56985942254;esteban.cortes1513@gmail.com;NULL;NULL;NULL;NULL;NULL;NULL;NULL;NULL;9;dirigente;24-05-50;30-12-06;NULL;NULL;NULL;NULL;NULL
10001514-5;Matias Castro Nuñez;23-07-96;Chilena;56975111954;matias.castro1514@uca.cl;NULL;NULL;NULL;NULL;NULL;NULL;NULL;NULL;21;dirigente;21-09-69;11-04-00;NULL;NULL;NULL;NULL;NULL
10001515-3;Luis López Modric;02-09-97;Portuguesa;56943833574;luis.lopez1515@gmail.com;NULL;NULL;NULL;NULL;NULL;NULL;NULL;NULL;11;secretario;22-09-48;24-02-29;NULL;NULL;NULL;NULL;NULL
10001516-1;Jaime Soto González;10-07-95;Brasileña;56950435922;jaime.soto1516@usach.cl;NULL;NULL;NULL;NULL;NULL;NULL;NULL;NULL;32;tesorero;24-02-78;05-10-31;NULL;NULL;NULL;NULL;NULL
10001517-K;Javier Kroos Espinoza;13-09-90;Chilena;56911078408;javier.kroos1517@puc.cl;NULL;NULL;NULL;NULL;NULL;NULL;NULL;NULL;25;dirigente;14-02-78;23-03-04;NULL;NULL;NULL;NULL;NULL
10001518-8;Erick Suazo Tapia;09-12-75;Chilena;56942190365;erick.suazo1518@hotmail.com;NULL;NULL;NULL;NULL;NULL;NULL;NULL;NULL;NULL;NULL;NULL;NULL;17;Asistente Técnico;0;NULL;NULL
10001519-6;Felipe Álvarez Toselli;30-09-73;Chilena;56992411307;felipe.alvarez1519@puc.cl;NULL;NULL;NULL;NULL;NULL;NULL;NULL;NULL;35;vicepresidente;24-10-42;05-12-26;NULL;NULL;NULL;NULL;NULL
10001520-K;Oscar Díaz González;23-05-90;Chilena;56973475030;oscar.diaz1520@hotmail.com;NULL;NULL;NULL;NULL;NULL;NULL;NULL;NULL;NULL;NULL;NULL;NULL;21;Preparador Físico;0;NULL;NULL
10001521-8;Nicolás Carrasco Salah;10-10-96;Chilena;56931071929;nicolas.carrasco1521@yahoo.com;NULL;NULL;NULL;NULL;NULL;NULL;NULL;NULL;NULL;NULL;NULL;NULL;5;Utilero;0;NULL;NULL
10001522-6;Thomas Muñoz Fernández;21-05-81;Chilena;56975954891;thomas.munoz1522@usach.cl;NULL;NULL;NULL;NULL;NULL;NULL;NULL;NULL;NULL;NULL;NULL;NULL;4;Preparador Físico;0;NULL;NULL
10001523-4;Lionel González Gutiérrez;09-10-95;Argentina;56943040867;lionel.gonzalez1523@outlook.com;NULL;NULL;NULL;NULL;NULL;NULL;NULL;NULL;13;dirigente;03-02-57;30-05-07;NULL;NULL;NULL;NULL;NULL
10001524-2;Felipe Galdames Vergara;27-03-81;Chilena;56920085882;felipe.galdames1524@gmail.com;NULL;NULL;NULL;NULL;NULL;NULL;NULL;NULL;NULL;NULL;NULL;NULL;8;Director Técnico;0;NULL;NULL
10001525-0;Agustín Ramos Tapia;09-02-81;Colombiana;56956009952;agustin.ramos1525@puc.cl;06-12-89;08-10-23;NULL;NULL;NULL;NULL;NULL;NULL;NULL;NULL;NULL;NULL;NULL;NULL;NULL;NULL;NULL
10001526-9;Gastón Riquelme Aránguiz;23-01-84;Chilena;56944218890;gaston.riquelme1526@gmail.com;NULL;NULL;NULL;NULL;NULL;NULL;NULL;NULL;NULL;NULL;NULL;NULL;21;Director Técnico;0;NULL;NULL
10001527-7;Tomás Castillo Flores;16-03-86;Peruana;56979204287;tomas.castillo1527@yahoo.com;NULL;NULL;NULL;NULL;NULL;NULL;NULL;NULL;NULL;NULL;NULL;NULL;13;Asistente Técnico;0;NULL;NULL
10001528-5;Luciano Reyes Carrasco;21-05-95;Chilena;56911209353;luciano.reyes1528@usach.cl;NULL;NULL;NULL;NULL;NULL;NULL;NULL;NULL;4;dirigente;19-12-80;15-01-04;NULL;NULL;NULL;NULL;NULL
10001529-3;Arturo Herrera Vidal;26-03-70;Chilena;56955195318;arturo.herrera1529@yahoo.com;19-09-80;31-12-99;NULL;NULL;NULL;NULL;NULL;NULL;NULL;NULL;NULL;NULL;NULL;NULL;NULL;NULL;NULL
10001530-7;Matias Morales Lewandowski;19-04-88;Italiana;56977381424;matias.morales1530@outlook.com;NULL;NULL;NULL;NULL;NULL;NULL;NULL;NULL;37;presidente;11-11-78;12-03-29;NULL;NULL;NULL;NULL;NULL
10001531-5;Robert Beausejour Arias;16-11-79;Chilena;56918833729;robert.beausejour1531@yahoo.com;NULL;NULL;NULL;NULL;NULL;NULL;NULL;NULL;NULL;NULL;NULL;NULL;NULL;NULL;NULL;NULL;NULL
10001532-3;Johnny Alvarez Arias;27-02-73;Chilena;56945465181;johnny.alvarez1532@yahoo.com;NULL;NULL;NULL;NULL;NULL;NULL;NULL;NULL;20;dirigente;20-05-43;18-03-08;NULL;NULL;NULL;NULL;NULL
10001533-1;Matias Pérez Torres;30-07-04;Chilena;56988531688;matias.perez1533@outlook.com;NULL;NULL;NULL;NULL;NULL;NULL;NULL;NULL;13;secretario;23-10-57;18-05-30;NULL;NULL;NULL;NULL;NULL
10001534-K;José Valdés Torres;04-10-99;Española;56921452485;jose.valdes1534@yahoo.com;NULL;NULL;NULL;NULL;NULL;NULL;NULL;NULL;NULL;NULL;NULL;NULL;32;Preparador Físico;0;NULL;NULL
10001535-8;Charles Reyes Maripán;12-02-94;Chilena;56973382952;charles.reyes1535@uca.cl;16-09-83;23-12-20;NULL;NULL;NULL;NULL;NULL;NULL;NULL;NULL;NULL;NULL;NULL;NULL;NULL;NULL;NULL
10001536-6;Felipe Rojas Vergara;24-07-93;Chilena;56988419984;felipe.rojas1536@uca.cl;NULL;NULL;NULL;NULL;NULL;NULL;NULL;NULL;37;dirigente;05-06-77;28-09-05;NULL;NULL;NULL;NULL;NULL
10001537-4;Esteban Reyes Díaz;13-02-82;Chilena;56922916423;esteban.reyes1537@puc.cl;NULL;NULL;NULL;NULL;NULL;NULL;NULL;NULL;NULL;NULL;NULL;NULL;2;Preparador Físico;0;NULL;NULL
10001538-2;Alexis Gómez Caszely;27-02-73;Colombiana;56929414451;alexis.gomez1538@yahoo.com;08-03-98;26-12-22;NULL;NULL;NULL;NULL;NULL;NULL;NULL;NULL;NULL;NULL;NULL;NULL;NULL;NULL;NULL
10001539-0;Harry Suazo Dybala;22-02-78;Chilena;56936318310;harry.suazo1539@usach.cl;NULL;NULL;NULL;NULL;NULL;NULL;NULL;NULL;21;vicepresidente;26-06-89;02-05-29;NULL;NULL;NULL;NULL;NULL
10001540-4;Sergio Herrera Messi;20-07-94;Chilena;56914869448;sergio.herrera1540@usach.cl;NULL;NULL;NULL;NULL;NULL;NULL;NULL;NULL;NULL;NULL;NULL;NULL;27;Médico;0;NULL;NULL
10001541-2;Cristopher Muñoz Fuentes;28-04-74;Uruguaya;56991267852;cristopher.munoz1541@uca.cl;NULL;NULL;NULL;NULL;NULL;NULL;NULL;NULL;NULL;NULL;NULL;NULL;32;Médico;0;NULL;NULL
10001542-0;Ángel Maradona Muñoz;18-10-03;Peruana;56995813027;angel.maradona1542@outlook.com;NULL;NULL;NULL;NULL;NULL;NULL;NULL;NULL;NULL;NULL;NULL;NULL;NULL;NULL;NULL;NULL;NULL
10001543-9;Cristian Herrera Sánchez;05-04-99;Chilena;56981364327;cristian.herrera1543@usach.cl;NULL;NULL;NULL;NULL;NULL;NULL;NULL;NULL;29;secretario;23-12-87;26-10-28;NULL;NULL;NULL;NULL;NULL
10001544-7;Sebastián Rivera Haaland;08-12-71;Chilena;56910254969;sebastian.rivera1544@outlook.com;NULL;NULL;NULL;NULL;NULL;NULL;NULL;NULL;NULL;NULL;NULL;NULL;NULL;NULL;NULL;NULL;NULL
10001545-5;Matias Suárez Jara;18-03-97;Uruguaya;56931548996;matias.suarez1545@puc.cl;NULL;NULL;NULL;NULL;NULL;NULL;NULL;NULL;NULL;NULL;NULL;NULL;23;Asistente Técnico;0;NULL;NULL
10001546-3;Felipe Yamal Díaz;27-04-70;Chilena;56955978985;felipe.yamal1546@yahoo.com;NULL;NULL;NULL;NULL;NULL;NULL;NULL;NULL;15;dirigente;09-08-60;12-01-17;NULL;NULL;NULL;NULL;NULL
10001547-1;Gabriel Beausejour Di María;20-01-89;Chilena;56998497948;gabriel.beausejour1547@yahoo.com;NULL;NULL;NULL;NULL;NULL;NULL;NULL;NULL;26;vicepresidente;10-04-45;08-06-30;NULL;NULL;NULL;NULL;NULL
10001548-K;Ángel Pérez Rodríguez;20-02-75;Peruana;56927809455;angel.perez1548@gmail.com;NULL;NULL;NULL;NULL;NULL;NULL;NULL;NULL;NULL;NULL;NULL;NULL;NULL;NULL;NULL;NULL;NULL
10001549-8;Sergio Torres Rojas;12-01-83;Uruguaya;56940785767;sergio.torres1549@usach.cl;NULL;NULL;NULL;NULL;NULL;NULL;NULL;NULL;NULL;NULL;NULL;NULL;NULL;NULL;NULL;NULL;NULL
10001550-1;Claudio Pérez Vásquez;11-11-91;Chilena;56982098025;claudio.perez1550@usach.cl;NULL;NULL;NULL;NULL;NULL;NULL;NULL;NULL;30;vicepresidente;15-07-86;31-05-29;NULL;NULL;NULL;NULL;NULL
10001551-K;Federico Valdés Valenzuela;02-11-87;Chilena;56932902200;federico.valdes1551@hotmail.com;NULL;NULL;NULL;NULL;NULL;NULL;NULL;NULL;16;dirigente;18-04-98;27-02-12;NULL;NULL;NULL;NULL;NULL
10001552-8;Carlos Cortés Pulgar;15-04-70;Alemana;56955614064;carlos.cortes1552@gmail.com;19-10-79;03-06-22;NULL;NULL;NULL;NULL;NULL;NULL;NULL;NULL;NULL;NULL;NULL;NULL;NULL;NULL;NULL
10001553-6;Álvaro Jara Torres;07-02-87;Francesa;56963138613;alvaro.jara1553@puc.cl;NULL;NULL;NULL;NULL;NULL;NULL;NULL;NULL;NULL;NULL;NULL;NULL;NULL;NULL;NULL;NULL;NULL
10001554-4;Alejandro De Bruyne Jara;17-12-02;Chilena;56946699473;alejandro.de bruyne1554@uca.cl;NULL;NULL;NULL;NULL;NULL;NULL;NULL;NULL;NULL;NULL;NULL;NULL;12;Preparador ;0;NULL;NULL
10001555-2;Raúl Maripán Torres;09-06-97;Argentina;56910908361;raul.maripan1555@yahoo.com;NULL;NULL;NULL;NULL;NULL;NULL;NULL;NULL;NULL;NULL;NULL;NULL;17;Preparador ;0;NULL;NULL
10001556-0;Cristopher Jara Müller;04-10-89;Inglesa;56916516024;cristopher.jara1556@outlook.com;NULL;NULL;NULL;NULL;NULL;NULL;NULL;NULL;38;dirigente;24-05-56;19-06-06;NULL;NULL;NULL;NULL;NULL
10001557-9;Arturo Rodríguez Paredes;02-07-76;Chilena;56974283612;arturo.rodriguez1557@puc.cl;19-04-83;31-12-99;NULL;NULL;NULL;NULL;NULL;NULL;NULL;NULL;NULL;NULL;NULL;NULL;NULL;NULL;NULL
10001558-7;Cristiano Contreras Saavedra;25-05-71;Alemana;56984540721;cristiano.contreras1558@gmail.com;NULL;NULL;NULL;NULL;NULL;NULL;NULL;NULL;22;tesorero;13-07-74;27-08-28;NULL;NULL;NULL;NULL;NULL
10001559-5;Zinedine Zidane Castillo;07-02-90;Chilena;56962466702;zinedine.zidane1559@gmail.com;NULL;NULL;NULL;NULL;NULL;NULL;NULL;NULL;NULL;NULL;NULL;NULL;NULL;NULL;NULL;NULL;NULL
10001560-9;Johnny Espinoza Valdés;23-12-82;Chilena;56987797196;johnny.espinoza1560@usach.cl;NULL;NULL;NULL;NULL;NULL;NULL;NULL;NULL;NULL;NULL;NULL;NULL;7;Asistente Técnico;0;NULL;NULL
10001561-7;Luis Maripán Rodríguez;21-06-83;Chilena;56992654445;luis.maripan1561@uca.cl;NULL;NULL;NULL;NULL;NULL;NULL;NULL;NULL;NULL;NULL;NULL;NULL;33;Preparador Físico;0;NULL;NULL
10001562-5;Matias Díaz Fernández;28-06-71;Chilena;56956829427;matias.diaz1562@usach.cl;NULL;NULL;NULL;NULL;NULL;NULL;NULL;NULL;36;dirigente;27-10-64;15-09-14;NULL;NULL;NULL;NULL;NULL
10001563-3;Ignacio Zidane Suárez;03-10-94;Francesa;56998752130;ignacio.zidane1563@hotmail.com;NULL;NULL;NULL;NULL;NULL;NULL;NULL;NULL;35;dirigente;20-03-81;11-10-24;NULL;NULL;NULL;NULL;NULL
10001564-1;Juan De Bruyne Tapia;09-05-78;Chilena;56966301373;juan.de bruyne1564@uca.cl;NULL;NULL;NULL;NULL;NULL;NULL;NULL;NULL;NULL;NULL;NULL;NULL;1;Preparador Físico;0;NULL;NULL
10001565-K;Pelé Riquelme Pérez;13-09-73;Chilena;56969310719;pele.riquelme1565@yahoo.com;NULL;NULL;NULL;NULL;NULL;NULL;NULL;NULL;NULL;NULL;NULL;NULL;29;Preparador Físico;0;NULL;NULL
10001566-8;Felipe Zidane Cortés;30-11-71;Chilena;56984081253;felipe.zidane1566@gmail.com;NULL;NULL;NULL;NULL;NULL;NULL;NULL;NULL;7;dirigente;26-11-80;05-05-22;NULL;NULL;NULL;NULL;NULL
10001567-6;Facundo Jara Bellingham;25-12-87;Chilena;56968779837;facundo.jara1567@usach.cl;NULL;NULL;NULL;NULL;NULL;NULL;NULL;NULL;24;dirigente;23-06-97;24-11-00;NULL;NULL;NULL;NULL;NULL
10001568-4;Lamine Kane Álvarez;01-05-87;Chilena;56996952350;lamine.kane1568@gmail.com;NULL;NULL;NULL;NULL;NULL;NULL;NULL;NULL;17;dirigente;15-02-45;07-12-20;NULL;NULL;NULL;NULL;NULL
10001569-2;Santiago Güler Martínez;10-02-92;Chilena;56923845363;santiago.güler1569@uca.cl;NULL;NULL;NULL;NULL;NULL;NULL;NULL;NULL;NULL;NULL;NULL;NULL;25;Utilero;0;NULL;NULL
10001570-6;Toni Gutiérrez Caszely;26-01-83;Chilena;56927471624;toni.gutierrez1570@outlook.com;NULL;NULL;NULL;NULL;NULL;NULL;NULL;NULL;NULL;NULL;NULL;NULL;NULL;NULL;NULL;NULL;NULL
10001571-4;Gastón Castillo Alvarez;15-08-72;Uruguaya;56998907275;gaston.castillo1571@outlook.com;NULL;NULL;NULL;NULL;NULL;NULL;NULL;NULL;20;dirigente;04-08-59;14-01-25;NULL;NULL;NULL;NULL;NULL
10001572-2;Pablo Fernández Riquelme;10-10-05;Chilena;56913524164;pablo.fernandez1572@yahoo.com;NULL;NULL;NULL;NULL;NULL;NULL;NULL;NULL;NULL;NULL;NULL;NULL;NULL;NULL;NULL;NULL;NULL
10001573-0;Santino Valenzuela Nuñez;14-05-97;Chilena;56928661777;santino.valenzuela1573@hotmail.com;NULL;NULL;NULL;NULL;NULL;NULL;NULL;NULL;NULL;NULL;NULL;NULL;25;Asistente Técnico;0;NULL;NULL
10001574-9;Guillermo Flores Bellingham;07-02-01;Chilena;56926899258;guillermo.flores1574@usach.cl;NULL;NULL;NULL;NULL;NULL;NULL;NULL;NULL;NULL;NULL;NULL;NULL;5;Preparador Físico;0;NULL;NULL
10001575-7;Lautaro Rivera Soto;18-11-74;Italiana;56945677742;lautaro.rivera1575@puc.cl;NULL;NULL;NULL;NULL;NULL;NULL;NULL;NULL;11;dirigente;28-01-79;10-07-02;NULL;NULL;NULL;NULL;NULL
10001576-5;Carlos Toselli Tapia;16-12-70;Chilena;56910756939;carlos.toselli1576@uca.cl;NULL;NULL;NULL;NULL;NULL;NULL;NULL;NULL;NULL;NULL;NULL;NULL;10;Preparador Físico;0;NULL;NULL
10001577-3;Vicente Cortés Valdés;01-04-78;Chilena;56960640410;vicente.cortes1577@yahoo.com;NULL;NULL;NULL;NULL;NULL;NULL;NULL;NULL;NULL;NULL;NULL;NULL;NULL;NULL;NULL;NULL;NULL
10001578-1;Johnny Vásquez Herrera;13-02-04;Chilena;56990863625;johnny.vasquez1578@hotmail.com;NULL;NULL;NULL;NULL;NULL;NULL;NULL;NULL;21;dirigente;20-05-43;19-01-31;NULL;NULL;NULL;NULL;NULL
10001579-K;Marcelo Vargas Soto;18-11-94;Peruana;56939584971;marcelo.vargas1579@gmail.com;NULL;NULL;NULL;NULL;NULL;NULL;NULL;NULL;22;dirigente;13-09-69;08-07-13;NULL;NULL;NULL;NULL;NULL
10001580-3;Lucas Haaland Martínez;21-09-05;Chilena;56976683611;lucas.haaland1580@gmail.com;NULL;NULL;NULL;NULL;NULL;NULL;NULL;NULL;17;dirigente;29-01-97;13-04-12;NULL;NULL;NULL;NULL;NULL
10001581-1;Joaquín López Haaland;04-05-82;Chilena;56915594537;joaquin.lopez1581@usach.cl;NULL;NULL;NULL;NULL;NULL;NULL;NULL;NULL;9;vicepresidente;26-01-51;05-04-30;NULL;NULL;NULL;NULL;NULL
10001582-K;Luciano Pizarro Maradona;04-10-86;Brasileña;56984663517;luciano.pizarro1582@uca.cl;NULL;NULL;NULL;NULL;NULL;NULL;NULL;NULL;24;dirigente;29-09-73;11-02-29;NULL;NULL;NULL;NULL;NULL
10001583-8;Jaime Beausejour Fernández;09-11-89;Inglesa;56988738808;jaime.beausejour1583@usach.cl;NULL;NULL;NULL;NULL;NULL;NULL;NULL;NULL;26;dirigente;11-01-99;14-02-21;NULL;NULL;NULL;NULL;NULL
10001584-6;Hernán Suazo Pulgar;26-11-04;Chilena;56925263061;hernan.suazo1584@hotmail.com;NULL;NULL;NULL;NULL;NULL;NULL;NULL;NULL;36;dirigente;03-12-88;08-02-30;NULL;NULL;NULL;NULL;NULL
10001585-4;Mohamed Vinicius Mendoza;14-06-93;Argentina;56988127541;mohamed.vinicius1585@hotmail.com;NULL;NULL;NULL;NULL;NULL;NULL;NULL;NULL;NULL;NULL;NULL;NULL;NULL;NULL;NULL;NULL;NULL
10001586-2;Federico Messi Sepúlveda;17-04-92;Chilena;56973356030;federico.messi1586@hotmail.com;NULL;NULL;NULL;NULL;NULL;NULL;NULL;NULL;NULL;NULL;NULL;NULL;15;Asistente Técnico;0;NULL;NULL
10001587-0;David Medel Contreras;06-05-75;Chilena;56935463785;david.medel1587@usach.cl;NULL;NULL;NULL;NULL;NULL;NULL;NULL;NULL;12;dirigente;23-02-55;16-06-14;NULL;NULL;NULL;NULL;NULL
10001588-9;Gastón Rodríguez Cortés;17-02-95;Italiana;56949892721;gaston.rodriguez1588@uca.cl;NULL;NULL;NULL;NULL;NULL;NULL;NULL;NULL;40;vicepresidente;05-08-96;04-09-29;NULL;NULL;NULL;NULL;NULL
10001589-7;Gastón Vásquez Rodri;24-05-89;Chilena;56970158649;gaston.vasquez1589@uca.cl;NULL;NULL;NULL;NULL;NULL;NULL;NULL;NULL;29;presidente;17-01-60;19-08-31;NULL;NULL;NULL;NULL;NULL
10001590-0;Humberto Bravo Nuñez;04-01-88;Chilena;56953731861;humberto.bravo1590@hotmail.com;NULL;NULL;NULL;NULL;NULL;NULL;NULL;NULL;14;presidente;05-04-83;30-06-28;NULL;NULL;NULL;NULL;NULL
10001591-9;José Alvarez Valverde;06-10-87;Chilena;56970030355;jose.alvarez1591@yahoo.com;NULL;NULL;NULL;NULL;NULL;NULL;NULL;NULL;27;dirigente;24-07-86;28-05-08;NULL;NULL;NULL;NULL;NULL
10001592-7;Lautaro López Vargas;25-04-98;Colombiana;56913676858;lautaro.lopez1592@yahoo.com;NULL;NULL;NULL;NULL;NULL;NULL;NULL;NULL;4;vicepresidente;02-05-88;28-10-29;NULL;NULL;NULL;NULL;NULL
10001593-5;Eduardo Salas Soto;03-12-91;Chilena;56979623413;eduardo.salas1593@gmail.com;NULL;NULL;NULL;NULL;NULL;NULL;NULL;NULL;24;dirigente;26-10-56;14-06-05;NULL;NULL;NULL;NULL;NULL
10001594-3;Oscar Gutiérrez Griezmann;21-12-73;Chilena;56912261721;oscar.gutierrez1594@usach.cl;NULL;NULL;NULL;NULL;NULL;NULL;NULL;NULL;NULL;NULL;NULL;NULL;NULL;NULL;NULL;NULL;NULL
10001595-1;Ezequiel Rodri Toselli;21-03-97;Chilena;56922680946;ezequiel.rodri1595@usach.cl;NULL;NULL;NULL;NULL;NULL;NULL;NULL;NULL;9;dirigente;18-07-49;25-02-26;NULL;NULL;NULL;NULL;NULL
10001596-K;Alejandro Vinicius Paredes;19-12-74;Chilena;56960259108;alejandro.vinicius1596@puc.cl;18-07-91;17-07-21;NULL;NULL;NULL;NULL;NULL;NULL;NULL;NULL;NULL;NULL;NULL;NULL;NULL;NULL;NULL
10001597-8;Gavi Araya Lukaku;22-08-93;Chilena;56955572048;gavi.araya1597@uca.cl;NULL;NULL;NULL;NULL;NULL;NULL;NULL;NULL;25;secretario;27-06-44;20-08-28;NULL;NULL;NULL;NULL;NULL
10001598-6;Kevin Arias Isla;07-01-76;Alemana;56982453331;kevin.arias1598@puc.cl;NULL;NULL;NULL;NULL;NULL;NULL;NULL;NULL;23;vicepresidente;28-07-45;22-07-29;NULL;NULL;NULL;NULL;NULL
10001599-4;Marcelo Arias Valenzuela;26-01-73;Chilena;56979017223;marcelo.arias1599@uca.cl;NULL;NULL;NULL;NULL;NULL;NULL;NULL;NULL;13;presidente;26-04-96;07-11-27;NULL;NULL;NULL;NULL;NULL
10001600-1;Erick Cavani Sánchez;16-02-72;Colombiana;56955575789;erick.cavani1600@yahoo.com;NULL;NULL;NULL;NULL;NULL;NULL;NULL;NULL;NULL;NULL;NULL;NULL;9;Asistente Técnico;0;NULL;NULL
10001601-K;Eduardo Torres Cavani;17-07-93;Italiana;56985709930;eduardo.torres1601@uca.cl;NULL;NULL;NULL;NULL;NULL;NULL;NULL;NULL;27;dirigente;22-06-52;20-12-08;NULL;NULL;NULL;NULL;NULL
10001602-8;Eduardo Di María Beausejour;03-11-79;Chilena;56951844606;eduardo.di maria1602@uca.cl;NULL;NULL;NULL;NULL;NULL;NULL;NULL;NULL;NULL;NULL;NULL;NULL;39;Preparador Físico;0;NULL;NULL
10001603-6;Daniel Benzema Alvarez;07-05-82;Chilena;56952470806;daniel.benzema1603@yahoo.com;NULL;NULL;NULL;NULL;NULL;NULL;NULL;NULL;38;dirigente;08-03-54;20-06-30;NULL;NULL;NULL;NULL;NULL
10001604-4;Álvaro Salah Medel;12-04-91;Peruana;56998715919;alvaro.salah1604@usach.cl;NULL;NULL;NULL;NULL;NULL;NULL;NULL;NULL;NULL;NULL;NULL;NULL;NULL;NULL;NULL;NULL;NULL
10001605-2;José Tapia Flores;26-11-82;Alemana;56980139776;jose.tapia1605@hotmail.com;NULL;NULL;NULL;NULL;NULL;NULL;NULL;NULL;NULL;NULL;NULL;NULL;16;Director Técnico;0;NULL;NULL
10001606-0;Ronaldo Zidane Rivera;25-05-88;Chilena;56994154617;ronaldo.zidane1606@puc.cl;NULL;NULL;NULL;NULL;NULL;NULL;NULL;NULL;NULL;NULL;NULL;NULL;NULL;NULL;NULL;NULL;NULL
10001607-9;Santiago Messi Vidal;21-08-93;Italiana;56934557010;santiago.messi1607@yahoo.com;NULL;NULL;NULL;NULL;NULL;NULL;NULL;NULL;NULL;NULL;NULL;NULL;NULL;NULL;NULL;NULL;NULL
10001608-7;Sebastián Suárez Espinoza;06-09-95;Chilena;56927036215;sebastian.suarez1608@gmail.com;NULL;NULL;NULL;NULL;NULL;NULL;NULL;NULL;NULL;NULL;NULL;NULL;30;Asistente Técnico;0;NULL;NULL
10001609-5;Erling Díaz Tapia;23-02-92;Chilena;56955101471;erling.diaz1609@gmail.com;NULL;NULL;NULL;NULL;NULL;NULL;NULL;NULL;NULL;NULL;NULL;NULL;10;Asistente Técnico;0;NULL;NULL
10001610-9;Bastián Flores Figueroa;08-09-93;Francesa;56936231174;bastian.flores1610@gmail.com;18-01-75;07-12-20;NULL;NULL;NULL;NULL;NULL;NULL;NULL;NULL;NULL;NULL;NULL;NULL;NULL;NULL;NULL
10001611-7;Cristian Torres Cavani;22-03-01;Chilena;56999388860;cristian.torres1611@hotmail.com;NULL;NULL;NULL;NULL;NULL;NULL;NULL;NULL;2;tesorero;18-07-97;25-11-30;NULL;NULL;NULL;NULL;NULL
10001612-5;Alexis Salas Vergara;26-09-83;Chilena;56918748877;alexis.salas1612@yahoo.com;06-08-73;25-01-20;NULL;NULL;NULL;NULL;NULL;NULL;NULL;NULL;NULL;NULL;NULL;NULL;NULL;NULL;NULL
10001613-3;Matías Flores Müller;16-06-87;Chilena;56954864670;matias.flores1613@gmail.com;NULL;NULL;NULL;NULL;NULL;NULL;NULL;NULL;19;dirigente;20-02-61;07-02-18;NULL;NULL;NULL;NULL;NULL
10001614-1;Edinson Pérez Espinoza;21-08-75;Francesa;56966256660;edinson.perez1614@uca.cl;NULL;NULL;NULL;NULL;NULL;NULL;NULL;NULL;2;vicepresidente;21-02-78;14-01-30;NULL;NULL;NULL;NULL;NULL
10001615-K;Charles Sánchez Isla;27-07-75;Alemana;56921245730;charles.sanchez1615@uca.cl;09-01-87;30-06-24;NULL;NULL;NULL;NULL;NULL;NULL;NULL;NULL;NULL;NULL;NULL;NULL;NULL;NULL;NULL
10001616-8;Javier Kane Dybala;22-10-94;Chilena;56936940672;javier.kane1616@usach.cl;NULL;NULL;NULL;NULL;NULL;NULL;NULL;NULL;22;secretario;22-08-66;13-12-31;NULL;NULL;NULL;NULL;NULL
10001617-6;Joaquín Soto Kane;12-07-91;Peruana;56963981054;joaquin.soto1617@uca.cl;NULL;NULL;NULL;NULL;NULL;NULL;NULL;NULL;33;vicepresidente;03-02-65;27-07-31;NULL;NULL;NULL;NULL;NULL
10001618-4;Bastián Vidal Araya;09-12-73;Colombiana;56951412769;bastian.vidal1618@uca.cl;NULL;NULL;NULL;NULL;NULL;NULL;NULL;NULL;NULL;NULL;NULL;NULL;39;Director Técnico;0;NULL;NULL
10001619-2;Bastián Galdames Rojas;29-01-70;Argentina;56965928077;bastian.galdames1619@puc.cl;NULL;NULL;NULL;NULL;NULL;NULL;NULL;NULL;NULL;NULL;NULL;NULL;39;Preparador Físico;0;NULL;NULL
10001620-6;Antoine Haaland Vinicius;15-11-94;Chilena;56956792062;antoine.haaland1620@usach.cl;NULL;NULL;NULL;NULL;NULL;NULL;NULL;NULL;NULL;NULL;NULL;NULL;30;Preparador Físico;0;NULL;NULL
10001621-4;Oscar Valdivia Martínez;14-06-70;Chilena;56950895492;oscar.valdivia1621@gmail.com;NULL;NULL;NULL;NULL;NULL;NULL;NULL;NULL;NULL;NULL;NULL;NULL;NULL;NULL;NULL;NULL;NULL
10001622-2;Cristian Suazo Saavedra;02-01-75;Chilena;56966731741;cristian.suazo1622@usach.cl;NULL;NULL;NULL;NULL;NULL;NULL;NULL;NULL;21;dirigente;02-10-55;08-06-01;NULL;NULL;NULL;NULL;NULL
10001623-0;Hernán Arias Arias;03-12-75;Chilena;56919924446;hernan.arias1623@outlook.com;NULL;NULL;NULL;NULL;NULL;NULL;NULL;NULL;16;dirigente;23-07-64;01-03-11;NULL;NULL;NULL;NULL;NULL
10001624-9;Alexis Haaland Valdés;13-09-72;Chilena;56950882590;alexis.haaland1624@yahoo.com;21-08-97;22-09-25;NULL;NULL;NULL;NULL;NULL;NULL;NULL;NULL;NULL;NULL;NULL;NULL;NULL;NULL;NULL
10001625-7;Daniel Flores Vinicius;27-06-02;Francesa;56998243649;daniel.flores1625@outlook.com;NULL;NULL;NULL;NULL;NULL;NULL;NULL;NULL;17;dirigente;03-11-46;29-08-25;NULL;NULL;NULL;NULL;NULL
10001626-5;Jean Lewandowski Ramos;03-03-70;Chilena;56965349296;jean.lewandowski1626@uca.cl;NULL;NULL;NULL;NULL;NULL;NULL;NULL;NULL;11;dirigente;12-06-65;23-06-30;NULL;NULL;NULL;NULL;NULL
10001627-3;Thomas Messi Beausejour;19-03-87;Chilena;56910080938;thomas.messi1627@usach.cl;NULL;NULL;NULL;NULL;NULL;NULL;NULL;NULL;NULL;NULL;NULL;NULL;24;Preparador Físico;0;NULL;NULL
10001628-1;Gonzalo Dybala Contreras;03-06-93;Inglesa;56991488598;gonzalo.dybala1628@hotmail.com;NULL;NULL;NULL;NULL;NULL;NULL;NULL;NULL;31;dirigente;17-10-87;24-08-15;NULL;NULL;NULL;NULL;NULL
10001629-K;Maximiliano Pizarro Carrasco;20-10-75;Chilena;56939296974;maximiliano.pizarro1629@outlook.com;NULL;NULL;NULL;NULL;NULL;NULL;NULL;NULL;NULL;NULL;NULL;NULL;2;Preparador Físico;0;NULL;NULL
10001630-3;Luis Vidal Figueroa;12-07-99;Chilena;56982339081;luis.vidal1630@puc.cl;NULL;NULL;NULL;NULL;NULL;NULL;NULL;NULL;37;dirigente;14-03-63;26-06-21;NULL;NULL;NULL;NULL;NULL
10001631-1;Cristiano Kroos Castillo;04-01-95;Chilena;56945585057;cristiano.kroos1631@hotmail.com;NULL;NULL;NULL;NULL;NULL;NULL;NULL;NULL;34;presidente;08-08-45;17-10-31;NULL;NULL;NULL;NULL;NULL
10001632-K;Francisco Pulgar Paredes;23-09-93;Chilena;56983787479;francisco.pulgar1632@usach.cl;NULL;NULL;NULL;NULL;NULL;NULL;NULL;NULL;NULL;NULL;NULL;NULL;36;Utilero;0;NULL;NULL
10001633-8;Facundo Valdés Neuer;20-04-86;Brasileña;56938233984;facundo.valdes1633@puc.cl;NULL;NULL;NULL;NULL;NULL;NULL;NULL;NULL;NULL;NULL;NULL;NULL;40;Utilero;0;NULL;NULL
10001634-6;Jean Saavedra Castro;28-04-90;Chilena;56952897472;jean.saavedra1634@outlook.com;NULL;NULL;NULL;NULL;NULL;NULL;NULL;NULL;NULL;NULL;NULL;NULL;7;Utilero;0;NULL;NULL
10001635-4;Agustín Jara Pizarro;04-07-04;Alemana;56992677717;agustin.jara1635@hotmail.com;08-08-00;03-11-25;NULL;NULL;NULL;NULL;NULL;NULL;NULL;NULL;NULL;NULL;NULL;NULL;NULL;NULL;NULL
10001636-2;Manuel Vidal Bellingham;29-03-92;Chilena;56939172039;manuel.vidal1636@puc.cl;NULL;NULL;NULL;NULL;NULL;NULL;NULL;NULL;34;dirigente;25-10-79;22-12-26;NULL;NULL;NULL;NULL;NULL
10001637-0;Kylian Araya Gómez;12-09-99;Chilena;56950848984;kylian.araya1637@outlook.com;NULL;NULL;NULL;NULL;NULL;NULL;NULL;NULL;16;tesorero;27-11-43;13-02-31;NULL;NULL;NULL;NULL;NULL
10001638-9;Antoine Silva Kane;12-02-04;Chilena;56936294588;antoine.silva1638@uca.cl;25-03-84;31-12-99;NULL;NULL;NULL;NULL;NULL;NULL;NULL;NULL;NULL;NULL;NULL;NULL;NULL;NULL;NULL
10001639-7;Lucas Fuentes Castillo;08-05-98;Francesa;56973785057;lucas.fuentes1639@gmail.com;NULL;NULL;NULL;NULL;NULL;NULL;NULL;NULL;20;secretario;17-12-97;11-09-28;NULL;NULL;NULL;NULL;NULL
10001640-0;Juan Reyes Martínez;13-02-76;Chilena;56995629914;juan.reyes1640@uca.cl;NULL;NULL;NULL;NULL;NULL;NULL;NULL;NULL;NULL;NULL;NULL;NULL;25;Director Técnico;2;NULL;NULL
10001641-9;Cristian Arias Galdames;07-02-04;Española;56964448423;cristian.arias1641@usach.cl;NULL;NULL;NULL;NULL;NULL;NULL;NULL;NULL;15;presidente;30-09-40;06-04-30;NULL;NULL;NULL;NULL;NULL
10001642-7;Jaime Bellingham Bustos;06-10-03;Colombiana;56998926006;jaime.bellingham1642@puc.cl;NULL;NULL;NULL;NULL;NULL;NULL;NULL;NULL;18;presidente;22-05-90;22-06-31;NULL;NULL;NULL;NULL;NULL
10001643-5;Rodrigo Gómez Pizarro;08-04-76;Colombiana;56974139497;rodrigo.gomez1643@hotmail.com;NULL;NULL;NULL;NULL;NULL;NULL;NULL;NULL;NULL;NULL;NULL;NULL;NULL;NULL;NULL;NULL;NULL
10001644-3;Ángel Araya Vinicius;25-07-80;Chilena;56928839637;angel.araya1644@gmail.com;NULL;NULL;NULL;NULL;NULL;NULL;NULL;NULL;NULL;NULL;NULL;NULL;NULL;NULL;NULL;NULL;NULL
10001645-1;Cristian Maripán Torres;05-01-93;Brasileña;56964714857;cristian.maripan1645@outlook.com;NULL;NULL;NULL;NULL;NULL;NULL;NULL;NULL;21;dirigente;25-08-73;16-04-17;NULL;NULL;NULL;NULL;NULL
10001646-K;Gavi Flores Kroos;23-10-86;Inglesa;56934175747;gavi.flores1646@usach.cl;NULL;NULL;NULL;NULL;NULL;NULL;NULL;NULL;NULL;NULL;NULL;NULL;28;Preparador Físico;0;NULL;NULL
10001647-8;Bastián Carrasco Pulgar;18-05-89;Chilena;56934491084;bastian.carrasco1647@puc.cl;21-02-95;31-12-99;NULL;NULL;NULL;NULL;NULL;NULL;NULL;NULL;NULL;NULL;NULL;NULL;NULL;NULL;NULL
10001648-6;Enzo Bustos Vargas;19-06-91;Argentina;56960341944;enzo.bustos1648@puc.cl;NULL;NULL;NULL;NULL;NULL;NULL;NULL;NULL;39;dirigente;31-05-72;27-07-30;NULL;NULL;NULL;NULL;NULL
10001649-4;Kylian Sepúlveda Suazo;13-10-90;Chilena;56949918311;kylian.sepulveda1649@gmail.com;NULL;NULL;NULL;NULL;NULL;NULL;NULL;NULL;39;dirigente;24-07-89;24-07-03;NULL;NULL;NULL;NULL;NULL
10001650-8;Tomás Bellingham Salah;24-11-83;Italiana;56970400953;tomas.bellingham1650@outlook.com;NULL;NULL;NULL;NULL;NULL;NULL;NULL;NULL;NULL;NULL;NULL;NULL;NULL;NULL;NULL;NULL;NULL
10001651-6;Bautista Herrera Müller;24-03-78;Peruana;56926733410;bautista.herrera1651@puc.cl;16-09-85;17-08-20;NULL;NULL;NULL;NULL;NULL;NULL;NULL;NULL;NULL;NULL;NULL;NULL;NULL;NULL;NULL
10001652-4;Robert Zidane Herrera;25-04-70;Chilena;56985429047;robert.zidane1652@hotmail.com;NULL;NULL;NULL;NULL;NULL;NULL;NULL;NULL;NULL;NULL;NULL;NULL;5;Médico;0;NULL;NULL
10001653-2;Jorge Vidal Müller;26-09-92;Española;56975066923;jorge.vidal1653@outlook.com;NULL;NULL;NULL;NULL;NULL;NULL;NULL;NULL;NULL;NULL;NULL;NULL;30;Director Técnico;0;NULL;NULL
10001654-0;Oscar Lewandowski Morales;13-06-93;Chilena;56956658161;oscar.lewandowski1654@outlook.com;NULL;NULL;NULL;NULL;NULL;NULL;NULL;NULL;NULL;NULL;NULL;NULL;20;Preparador Físico;0;NULL;NULL
10001655-9;Bautista Modric Castro;16-08-87;Chilena;56939371662;bautista.modric1655@usach.cl;29-04-81;19-11-25;NULL;NULL;NULL;NULL;NULL;NULL;NULL;NULL;NULL;NULL;NULL;NULL;NULL;NULL;NULL
10001656-7;Cristiano Araya Vinicius;12-11-90;Chilena;56935431602;cristiano.araya1656@uca.cl;NULL;NULL;NULL;NULL;NULL;NULL;NULL;NULL;24;diligente;11-10-47;04-11-08;NULL;NULL;NULL;NULL;NULL
10001657-5;Marcelo Mbappe Díaz;11-07-73;Chilena;56964776898;marcelo.mbappe1657@hotmail.com;NULL;NULL;NULL;NULL;NULL;NULL;NULL;NULL;39;secrtario;29-07-96;18-12-31;NULL;NULL;NULL;NULL;NULL
10001658-3;Santino Vidal Castillo;26-11-99;Chilena;56916595553;santino.vidal1658@outlook.com;NULL;NULL;NULL;NULL;NULL;NULL;NULL;NULL;NULL;NULL;NULL;NULL;NULL;NULL;NULL;NULL;NULL
10001659-1;Pablo Vinicius Pulgar;08-02-77;Chilena;56939874204;pablo.vinicius1659@gmail.com;NULL;NULL;NULL;NULL;NULL;NULL;NULL;NULL;NULL;NULL;NULL;NULL;NULL;NULL;NULL;NULL;NULL
10001660-5;Claudio Nuñez Salah;06-08-93;Chilena;56935635224;claudio.nunez1660@gmail.com;NULL;NULL;NULL;NULL;NULL;NULL;NULL;NULL;8;dirigente;23-09-50;27-12-09;NULL;NULL;NULL;NULL;NULL
10001661-3;Matías Rivera Maradona;18-11-92;Chilena;56961034489;matias.rivera1661@uca.cl;NULL;NULL;NULL;NULL;NULL;NULL;NULL;NULL;13;dirigente;04-02-94;10-07-23;NULL;NULL;NULL;NULL;NULL
10001662-1;Maximiliano Muñoz Lewandowski;27-11-86;Colombiana;56933451328;maximiliano.munoz1662@gmail.com;NULL;NULL;NULL;NULL;NULL;NULL;NULL;NULL;24;presidente;12-01-50;03-03-27;NULL;NULL;NULL;NULL;NULL
10001663-K;Lautaro Bellingham Zidane;01-03-04;Chilena;56924820008;lautaro.bellingham1663@gmail.com;NULL;NULL;NULL;NULL;NULL;NULL;NULL;NULL;40;secretario;07-05-51;03-01-28;NULL;NULL;NULL;NULL;NULL
10001664-8;Jaime Silva Vidal;15-12-04;Chilena;56929130782;jaime.silva1664@usach.cl;NULL;NULL;NULL;NULL;NULL;NULL;NULL;NULL;38;secretario;14-05-44;04-09-30;NULL;NULL;NULL;NULL;NULL
10001665-6;Javier Morales Mendoza;31-01-84;Chilena;56916574211;javier.morales1665@hotmail.com;NULL;NULL;NULL;NULL;NULL;NULL;NULL;NULL;NULL;NULL;NULL;NULL;20;Médico;0;NULL;NULL
10001666-4;Lucas Sepúlveda Valdivia;20-03-93;Chilena;56939325790;lucas.sepulveda1666@uca.cl;NULL;NULL;NULL;NULL;NULL;NULL;NULL;NULL;NULL;NULL;NULL;NULL;33;Director Técnico;0;NULL;NULL
10001667-2;Harry Gómez Torres;14-01-93;Portuguesa;56913288450;harry.gomez1667@usach.cl;NULL;NULL;NULL;NULL;NULL;NULL;NULL;NULL;NULL;NULL;NULL;NULL;28;Utilero;0;NULL;NULL
10001668-0;Jean Di María Valenzuela;15-09-99;Chilena;56975041129;jean.di maria1668@outlook.com;NULL;NULL;NULL;NULL;NULL;NULL;NULL;NULL;23;tesorero;21-12-53;03-12-31;NULL;NULL;NULL;NULL;NULL
10001669-9;Johnny Benzema Herrera;16-01-03;Chilena;56986160276;johnny.benzema1669@usach.cl;NULL;NULL;NULL;NULL;NULL;NULL;NULL;NULL;36;vicepresidente;07-02-93;21-03-28;NULL;NULL;NULL;NULL;NULL
10001670-2;Harry Hernández Rodríguez;07-03-83;Italiana;56992715467;harry.hernandez1670@gmail.com;NULL;NULL;NULL;NULL;NULL;NULL;NULL;NULL;16;presidente;28-08-95;14-02-28;NULL;NULL;NULL;NULL;NULL
10001671-0;Harry Cortés Castro;02-12-05;Alemana;56949468771;harry.cortes1671@puc.cl;NULL;NULL;NULL;NULL;NULL;NULL;NULL;NULL;35;dirigente;30-06-93;27-10-11;NULL;NULL;NULL;NULL;NULL
10001672-9;Cristopher Gómez Muñoz;04-01-81;Uruguaya;56965970169;cristopher.gomez1672@outlook.com;NULL;NULL;NULL;NULL;NULL;NULL;NULL;NULL;30;tesorero;06-05-77;28-08-30;NULL;NULL;NULL;NULL;NULL
10001673-7;Gustavo Mendoza Caszely;29-11-99;Chilena;56992350032;gustavo.mendoza1673@outlook.com;NULL;NULL;NULL;NULL;NULL;NULL;NULL;NULL;NULL;NULL;NULL;NULL;30;Asistente Técnico;0;NULL;NULL
10001674-5;David Maradona Galdames;18-12-88;Chilena;56996841429;david.maradona1674@puc.cl;NULL;NULL;NULL;NULL;NULL;NULL;NULL;NULL;7;dirigente;28-12-90;22-05-07;NULL;NULL;NULL;NULL;NULL
10001675-3;Enzo Haaland Contreras;15-06-97;Uruguaya;56998620691;enzo.haaland1675@yahoo.com;NULL;NULL;NULL;NULL;NULL;NULL;NULL;NULL;NULL;NULL;NULL;NULL;15;Utilero;0;NULL;NULL
10001676-1;Gonzalo Bustos Martínez;14-10-78;Argentina;56927735436;gonzalo.bustos1676@usach.cl;NULL;NULL;NULL;NULL;NULL;NULL;NULL;NULL;NULL;NULL;NULL;NULL;20;Asistente Técnico;0;NULL;NULL
10001677-K;Eduardo Rodríguez Galdames;14-11-96;Chilena;56964710860;eduardo.rodriguez1677@puc.cl;NULL;NULL;NULL;NULL;NULL;NULL;NULL;NULL;NULL;NULL;NULL;NULL;13;Preparador Físico;0;NULL;NULL
10001678-8;Andrés Sepúlveda Suárez;18-06-89;Chilena;56985100678;andres.sepulveda1678@gmail.com;12-08-94;12-12-25;NULL;NULL;NULL;NULL;NULL;NULL;NULL;NULL;NULL;NULL;NULL;NULL;NULL;NULL;NULL
10001679-6;Cristopher Morales Rodri;04-05-91;Italiana;56925206860;cristopher.morales1679@gmail.com;NULL;NULL;NULL;NULL;NULL;NULL;NULL;NULL;NULL;NULL;NULL;NULL;11;Utilero;0;NULL;NULL
10001680-K;Felipe Vinicius Fuentes;24-11-74;Portuguesa;56984026810;felipe.vinicius1680@puc.cl;NULL;NULL;NULL;NULL;NULL;NULL;NULL;NULL;28;dirigente;07-08-83;07-08-21;NULL;NULL;NULL;NULL;NULL
10001681-8;Ignacio Valverde Kroos;13-11-92;Chilena;56948446768;ignacio.valverde1681@gmail.com;NULL;NULL;NULL;NULL;NULL;NULL;NULL;NULL;34;secretario;05-03-64;22-03-28;NULL;NULL;NULL;NULL;NULL
10001682-6;Antoine Modric Álvarez;29-05-90;Italiana;56947899362;antoine.modric1682@outlook.com;21-05-83;12-07-25;NULL;NULL;NULL;NULL;NULL;NULL;NULL;NULL;NULL;NULL;NULL;NULL;NULL;NULL;NULL
10001683-4;Santino Morales Riquelme;26-01-05;Chilena;56945697002;santino.morales1683@usach.cl;NULL;NULL;NULL;NULL;NULL;NULL;NULL;NULL;NULL;NULL;NULL;NULL;35;Asistente Técnico;0;NULL;NULL
10001684-2;Cristiano Di María Nuñez;13-11-78;Chilena;56942330799;cristiano.di maria1684@usach.cl;NULL;NULL;NULL;NULL;NULL;NULL;NULL;NULL;1;dirigente;12-06-55;19-04-28;NULL;NULL;NULL;NULL;NULL
10001685-0;Gustavo Torres Caszely;16-04-05;Colombiana;56928778445;gustavo.torres1685@outlook.com;NULL;NULL;NULL;NULL;NULL;NULL;NULL;NULL;18;secretario;25-10-39;15-01-28;NULL;NULL;NULL;NULL;NULL
10001686-9;Lautaro Soto Reyes;12-10-02;Uruguaya;56949740903;lautaro.soto1686@hotmail.com;NULL;NULL;NULL;NULL;NULL;NULL;NULL;NULL;NULL;NULL;NULL;NULL;14;Médico;0;NULL;NULL
10001687-7;Esteban Bustos Figueroa;03-02-89;Chilena;56985484041;esteban.bustos1687@outlook.com;NULL;NULL;NULL;NULL;NULL;NULL;NULL;NULL;13;tesorero;13-06-78;25-03-30;NULL;NULL;NULL;NULL;NULL
10001688-5;Gabriel Morales Griezmann;23-11-90;Chilena;56958432222;gabriel.morales1688@hotmail.com;NULL;NULL;NULL;NULL;NULL;NULL;NULL;NULL;11;dirigente;15-08-84;03-02-29;NULL;NULL;NULL;NULL;NULL
10001689-3;Ezequiel Caszely Riquelme;17-01-89;Chilena;56927718013;ezequiel.caszely1689@usach.cl;NULL;NULL;NULL;NULL;NULL;NULL;NULL;NULL;35;dirigente;15-06-75;16-01-09;NULL;NULL;NULL;NULL;NULL
10001690-7;Lionel Suazo Güler;22-04-72;Chilena;56922977071;lionel.suazo1690@gmail.com;NULL;NULL;NULL;NULL;NULL;NULL;NULL;NULL;NULL;NULL;NULL;NULL;28;Director Técnico;0;NULL;NULL
10001691-5;Nicolás Zidane Caszely;17-05-05;Chilena;56979316264;nicolas.zidane1691@outlook.com;NULL;NULL;NULL;NULL;NULL;NULL;NULL;NULL;NULL;NULL;NULL;NULL;21;Asistente Técnico;0;NULL;NULL
10001692-3;Martín Modric Valenzuela;18-01-89;Chilena;56988645697;martin.modric1692@uca.cl;NULL;NULL;NULL;NULL;NULL;NULL;NULL;NULL;32;dirigente;09-03-44;11-06-08;NULL;NULL;NULL;NULL;NULL
10001693-1;Álvaro Ronaldo Torres;28-07-95;Chilena;56944979298;alvaro.ronaldo1693@gmail.com;NULL;NULL;NULL;NULL;NULL;NULL;NULL;NULL;NULL;NULL;NULL;NULL;37;Asistente Técnico;0;NULL;NULL
10001694-K;Claudio Kane Valdés;01-10-79;Chilena;56989285334;claudio.kane1694@gmail.com;NULL;NULL;NULL;NULL;NULL;NULL;NULL;NULL;26;dirigente;26-01-86;11-11-01;NULL;NULL;NULL;NULL;NULL
10001695-8;Oscar Aránguiz Bellingham;14-03-05;Chilena;56974840387;oscar.aranguiz1695@yahoo.com;NULL;NULL;NULL;NULL;NULL;NULL;NULL;NULL;NULL;NULL;NULL;NULL;NULL;NULL;NULL;NULL;NULL
10001696-6;Pelé Dybala Suazo;09-09-97;Chilena;56998084585;pele.dybala1696@usach.cl;NULL;NULL;NULL;NULL;NULL;NULL;NULL;NULL;NULL;NULL;NULL;NULL;NULL;NULL;NULL;NULL;NULL
10001697-4;Esteban Salah Castro;23-05-95;Chilena;56914310937;esteban.salah1697@puc.cl;NULL;NULL;NULL;NULL;NULL;NULL;NULL;NULL;NULL;NULL;NULL;NULL;6;Director Técnico;0;NULL;NULL
10001698-2;Cristian Rojas Hernández;19-03-74;Brasileña;56922045852;cristian.rojas1698@uca.cl;NULL;NULL;NULL;NULL;NULL;NULL;NULL;NULL;36;dirigente;12-04-96;13-09-07;NULL;NULL;NULL;NULL;NULL
10001699-0;José Muñoz Ramos;01-09-85;Chilena;56950473858;jose.munoz1699@outlook.com;NULL;NULL;NULL;NULL;NULL;NULL;NULL;NULL;29;dirigente;28-12-45;27-04-26;NULL;NULL;NULL;NULL;NULL
10001700-8;Carlos Aránguiz Beausejour;03-02-01;Chilena;56915685144;carlos.aranguiz1700@uca.cl;01-12-90;24-07-26;NULL;NULL;NULL;NULL;NULL;NULL;NULL;NULL;NULL;NULL;NULL;NULL;NULL;NULL;NULL
10001701-6;Antoine Araya Castillo;08-03-02;Chilena;56987574779;antoine.araya1701@uca.cl;04-11-84;31-12-99;NULL;NULL;NULL;NULL;NULL;NULL;NULL;NULL;NULL;NULL;NULL;NULL;NULL;NULL;NULL
10001702-4;Andrés Fernández Herrera;09-04-91;Alemana;56912951657;andres.fernandez1702@puc.cl;24-08-88;25-10-21;NULL;NULL;NULL;NULL;NULL;NULL;NULL;NULL;NULL;NULL;NULL;NULL;NULL;NULL;NULL
10001703-2;Maximiliano Gutiérrez Reyes;04-03-82;Chilena;56945731243;maximiliano.gutierrez1703@usach.cl;NULL;NULL;NULL;NULL;NULL;NULL;NULL;NULL;NULL;NULL;NULL;NULL;15;Director Técnico;0;NULL;NULL
10001704-0;Harry Espinoza Kroos;31-01-75;Chilena;56985107761;harry.espinoza1704@yahoo.com;NULL;NULL;NULL;NULL;NULL;NULL;NULL;NULL;26;presidente;11-03-57;11-12-26;NULL;NULL;NULL;NULL;NULL
10001705-9;Lucas Reyes Araya;02-05-96;Chilena;56974374386;lucas.reyes1705@yahoo.com;NULL;NULL;NULL;NULL;NULL;NULL;NULL;NULL;8;dirigente;19-10-45;09-08-30;NULL;NULL;NULL;NULL;NULL
10001706-7;Antoine Bustos Vergara;15-02-05;Peruana;56961314308;antoine.bustos1706@puc.cl;26-02-78;31-12-99;NULL;NULL;NULL;NULL;NULL;NULL;NULL;NULL;NULL;NULL;NULL;NULL;NULL;NULL;NULL
10001707-5;Lamine Alvarez Bravo;21-07-93;Chilena;56996196511;lamine.alvarez1707@usach.cl;NULL;NULL;NULL;NULL;NULL;NULL;NULL;NULL;17;presidente;11-02-58;14-10-26;NULL;NULL;NULL;NULL;NULL
10001708-3;Toni Rivera Herrera;15-07-04;Chilena;56983555513;toni.rivera1708@uca.cl;NULL;NULL;NULL;NULL;NULL;NULL;NULL;NULL;NULL;NULL;NULL;NULL;27;Preparador Físico;0;NULL;NULL
10001709-1;Gonzalo Rivera Carrasco;16-04-98;Portuguesa;56928429110;gonzalo.rivera1709@puc.cl;NULL;NULL;NULL;NULL;NULL;NULL;NULL;NULL;4;presidente;02-01-62;06-10-28;NULL;NULL;NULL;NULL;NULL
10001710-5;Karim Di María Rivera;02-08-01;Uruguaya;56967518062;karim.di maria1710@yahoo.com;NULL;NULL;NULL;NULL;NULL;NULL;NULL;NULL;28;dirigente;15-09-62;19-02-07;NULL;NULL;NULL;NULL;NULL
10001711-3;Pablo Modric Haaland;16-02-03;Uruguaya;56992096878;pablo.modric1711@gmail.com;NULL;NULL;NULL;NULL;NULL;NULL;NULL;NULL;NULL;NULL;NULL;NULL;NULL;NULL;NULL;NULL;NULL
10001712-1;Cristiano Yamal Paredes;20-11-86;Peruana;56953390915;cristiano.yamal1712@yahoo.com;NULL;NULL;NULL;NULL;NULL;NULL;NULL;NULL;NULL;NULL;NULL;NULL;5;Asistente Técnico;0;NULL;NULL
10001713-K;Luis Griezmann Cortés;01-02-86;Chilena;56951630509;luis.griezmann1713@uca.cl;NULL;NULL;NULL;NULL;NULL;NULL;NULL;NULL;9;tesorero;21-06-46;04-11-27;NULL;NULL;NULL;NULL;NULL
10001714-8;Matias Contreras Maradona;02-04-89;Chilena;56927259839;matias.contreras1714@uca.cl;NULL;NULL;NULL;NULL;NULL;NULL;NULL;NULL;NULL;NULL;NULL;NULL;20;Asistente Técnico;0;NULL;NULL
10001715-6;Mauricio Messi Martínez;06-02-76;Chilena;56949501389;mauricio.messi1715@uca.cl;NULL;NULL;NULL;NULL;NULL;NULL;NULL;NULL;NULL;NULL;NULL;NULL;18;Preparador Físico;0;NULL;NULL
10001716-4;Diego Lewandowski Yamal;03-12-76;Chilena;56961117595;diego.lewandowski1716@usach.cl;NULL;NULL;NULL;NULL;NULL;NULL;NULL;NULL;NULL;NULL;NULL;NULL;3;Director Técnico;0;NULL;NULL
10001717-2;Mauricio Vergara Galdames;14-07-72;Alemana;56949331696;mauricio.vergara1717@yahoo.com;NULL;NULL;NULL;NULL;NULL;NULL;NULL;NULL;30;dirigente;19-04-45;16-01-09;NULL;NULL;NULL;NULL;NULL
10001718-0;Neymar Valdivia Salas;18-12-82;Colombiana;56945463153;neymar.valdivia1718@puc.cl;NULL;NULL;NULL;NULL;NULL;NULL;NULL;NULL;NULL;NULL;NULL;NULL;NULL;NULL;NULL;NULL;NULL
10001719-9;Harry Arias Álvarez;12-01-81;Peruana;56918527276;harry.arias1719@gmail.com;NULL;NULL;NULL;NULL;NULL;NULL;NULL;NULL;1;dirigente;04-04-62;29-04-08;NULL;NULL;NULL;NULL;NULL
10001720-2;Jaime Valdés Riquelme;16-07-94;Chilena;56949706371;jaime.valdes1720@yahoo.com;NULL;NULL;NULL;NULL;NULL;NULL;NULL;NULL;8;dirigente;14-02-56;13-02-09;NULL;NULL;NULL;NULL;NULL
10001721-0;Benjamín Carrasco Muñoz;11-01-04;Chilena;56944779364;benjamin.carrasco1721@usach.cl;NULL;NULL;NULL;NULL;NULL;NULL;NULL;NULL;NULL;NULL;NULL;NULL;1;Utilero;0;NULL;NULL
10001722-9;Alejandro Ronaldo Salah;07-04-94;Chilena;56993824189;alejandro.ronaldo1722@usach.cl;NULL;NULL;NULL;NULL;NULL;NULL;NULL;NULL;NULL;NULL;NULL;NULL;35;Utilero;0;NULL;NULL
10001723-7;Rodrigo Zidane Flores;14-05-97;Inglesa;56941181598;rodrigo.zidane1723@yahoo.com;NULL;NULL;NULL;NULL;NULL;NULL;NULL;NULL;NULL;NULL;NULL;NULL;20;Director Técnico;0;NULL;NULL
10001724-5;Pedri Reyes Contreras;10-12-83;Francesa;56919042575;pedri.reyes1724@gmail.com;NULL;NULL;NULL;NULL;NULL;NULL;NULL;NULL;NULL;NULL;NULL;NULL;NULL;NULL;NULL;NULL;NULL
10001725-3;Diego Díaz Díaz;13-02-70;Portuguesa;56916706077;diego.diaz1725@hotmail.com;NULL;NULL;NULL;NULL;NULL;NULL;NULL;NULL;NULL;NULL;NULL;NULL;8;Médico;0;NULL;NULL
10001726-1;Luka Pulgar Vinicius;05-11-05;Chilena;56926934653;luka.pulgar1726@gmail.com;NULL;NULL;NULL;NULL;NULL;NULL;NULL;NULL;15;dirigente;31-12-81;16-03-10;NULL;NULL;NULL;NULL;NULL
10001727-K;Manuel Mendoza López;28-05-75;Brasileña;56941355506;manuel.mendoza1727@yahoo.com;NULL;NULL;NULL;NULL;NULL;NULL;NULL;NULL;17;dirigente;07-06-70;15-11-18;NULL;NULL;NULL;NULL;NULL
10001728-8;Esteban Gutiérrez Salah;01-11-79;Uruguaya;56936510085;esteban.gutierrez1728@usach.cl;NULL;NULL;NULL;NULL;NULL;NULL;NULL;NULL;5;dirigente;01-06-90;18-11-24;NULL;NULL;NULL;NULL;NULL
10001729-6;José Fernández Messi;27-09-89;Chilena;56983920149;jose.fernandez1729@gmail.com;NULL;NULL;NULL;NULL;NULL;NULL;NULL;NULL;9;dirigente;15-10-67;28-03-00;NULL;NULL;NULL;NULL;NULL
10001730-K;Julian Pizarro Vásquez;21-07-94;Chilena;56943678677;julian.pizarro1730@outlook.com;NULL;NULL;NULL;NULL;NULL;NULL;NULL;NULL;NULL;NULL;NULL;NULL;12;Asistente Técnico;0;NULL;NULL
10001731-8;Agustín Kroos Haaland;18-07-91;Chilena;56944304756;agustin.kroos1731@yahoo.com;NULL;NULL;NULL;NULL;NULL;NULL;NULL;NULL;NULL;NULL;NULL;NULL;13;Director Técnico;0;NULL;NULL
10001732-6;Gonzalo Suazo Beausejour;01-05-92;Chilena;56946701276;gonzalo.suazo1732@puc.cl;NULL;NULL;NULL;NULL;NULL;NULL;NULL;NULL;6;dirigente;24-06-59;06-11-21;NULL;NULL;NULL;NULL;NULL
10001733-4;Erling Müller Muñoz;10-05-99;Chilena;56967781950;erling.müller1733@usach.cl;NULL;NULL;NULL;NULL;NULL;NULL;NULL;NULL;36;secretario;06-02-95;05-11-28;NULL;NULL;NULL;NULL;NULL
10001734-2;Lamine Soto Cortés;05-12-88;Chilena;56947666251;lamine.soto1734@hotmail.com;NULL;NULL;NULL;NULL;NULL;NULL;NULL;NULL;25;dirigente;23-03-72;12-06-06;NULL;NULL;NULL;NULL;NULL
10001735-0;Luka Silva Espinoza;01-07-02;Chilena;56979921527;luka.silva1735@uca.cl;NULL;NULL;NULL;NULL;NULL;NULL;NULL;NULL;1;dirigente;29-06-72;15-01-05;NULL;NULL;NULL;NULL;NULL
10001736-9;Arturo Torres Fuentes;08-11-83;Chilena;56980751220;arturo.torres1736@puc.cl;23-09-78;05-11-25;NULL;NULL;NULL;NULL;NULL;NULL;NULL;NULL;NULL;NULL;NULL;NULL;NULL;NULL;NULL
10001737-7;Diego Rojas Medel;26-06-74;Chilena;56922618648;diego.rojas1737@uca.cl;NULL;NULL;NULL;NULL;NULL;NULL;NULL;NULL;17;dirigente;16-06-89;25-03-30;NULL;NULL;NULL;NULL;NULL
10001738-5;Gavi Morales Pizarro;08-09-82;Brasileña;56922669096;gavi.morales1738@yahoo.com;NULL;NULL;NULL;NULL;NULL;NULL;NULL;NULL;36;presidente;02-12-52;08-06-28;NULL;NULL;NULL;NULL;NULL
10001739-3;Guillermo Vásquez Alvarez;01-03-80;Española;56982116697;guillermo.vasquez1739@uca.cl;NULL;NULL;NULL;NULL;NULL;NULL;NULL;NULL;13;dirigente;30-08-71;31-07-23;NULL;NULL;NULL;NULL;NULL
10001740-7;Julian Riquelme Fuentes;09-07-05;Argentina;56974129615;julian.riquelme1740@gmail.com;NULL;NULL;NULL;NULL;NULL;NULL;NULL;NULL;31;dirigente;18-02-71;15-09-21;NULL;NULL;NULL;NULL;NULL
10001741-5;Eduardo Müller Valdivia;11-07-94;Inglesa;56989532153;eduardo.müller1741@hotmail.com;NULL;NULL;NULL;NULL;NULL;NULL;NULL;NULL;27;dirigente;23-02-39;11-04-23;NULL;NULL;NULL;NULL;NULL
10001742-3;Pelé Díaz Sánchez;17-07-89;Colombiana;56934068383;pele.diaz1742@outlook.com;NULL;NULL;NULL;NULL;NULL;NULL;NULL;NULL;NULL;NULL;NULL;NULL;NULL;NULL;NULL;NULL;NULL
10001743-1;Neymar Caszely Griezmann;07-02-89;Chilena;56989317559;neymar.caszely1743@outlook.com;NULL;NULL;NULL;NULL;NULL;NULL;NULL;NULL;NULL;NULL;NULL;NULL;23;Utilero;0;NULL;NULL
10001744-K;Bautista Álvarez Rivera;19-08-77;Portuguesa;56964391275;bautista.alvarez1744@hotmail.com;NULL;NULL;NULL;NULL;NULL;NULL;NULL;NULL;NULL;NULL;NULL;NULL;22;Asistente Técnico;0;NULL;NULL
10001745-8;Álvaro Figueroa Zidane;23-10-93;Chilena;56994703305;alvaro.figueroa1745@yahoo.com;NULL;NULL;NULL;NULL;NULL;NULL;NULL;NULL;NULL;NULL;NULL;NULL;NULL;NULL;NULL;NULL;NULL
10001746-6;Gastón Müller Valverde;09-12-79;Chilena;56979777614;gaston.müller1746@outlook.com;NULL;NULL;NULL;NULL;NULL;NULL;NULL;NULL;NULL;NULL;NULL;NULL;32;Asistente Técnico;0;NULL;NULL
10001747-4;Mauricio Salas Muñoz;25-01-01;Chilena;56998215756;mauricio.salas1747@outlook.com;NULL;NULL;NULL;NULL;NULL;NULL;NULL;NULL;18;dirigente;13-03-85;29-01-11;NULL;NULL;NULL;NULL;NULL
10001748-2;Matias Bravo Saavedra;24-05-78;Chilena;56977860177;matias.bravo1748@outlook.com;NULL;NULL;NULL;NULL;NULL;NULL;NULL;NULL;NULL;NULL;NULL;NULL;6;Utilero;0;NULL;NULL
10001749-0;Maximiliano Flores Salah;04-02-95;Chilena;56952362659;maximiliano.flores1749@gmail.com;NULL;NULL;NULL;NULL;NULL;NULL;NULL;NULL;NULL;NULL;NULL;NULL;26;Preparador Físico;0;NULL;NULL
10001750-4;Pedro Haaland López;22-09-94;Chilena;56967777281;pedro.haaland1750@outlook.com;NULL;NULL;NULL;NULL;NULL;NULL;NULL;NULL;NULL;NULL;NULL;NULL;NULL;NULL;NULL;NULL;NULL
10001751-2;Harry Valdés Ronaldo;15-07-81;Chilena;56948614154;harry.valdes1751@uca.cl;NULL;NULL;NULL;NULL;NULL;NULL;NULL;NULL;NULL;NULL;NULL;NULL;33;Preparador Físico;0;NULL;NULL
10001752-0;Guillermo Jara Soto;12-01-02;Chilena;56933878003;guillermo.jara1752@uca.cl;NULL;NULL;NULL;NULL;NULL;NULL;NULL;NULL;NULL;NULL;NULL;NULL;34;Preparador Físico;0;NULL;NULL
10001753-9;Tomás Riquelme Fernández;09-07-98;Chilena;56951820661;tomas.riquelme1753@outlook.com;NULL;NULL;NULL;NULL;NULL;NULL;NULL;NULL;NULL;NULL;NULL;NULL;NULL;NULL;NULL;NULL;NULL
10001754-7;Tomás Pizarro Contreras;20-02-88;Chilena;56913026736;tomas.pizarro1754@outlook.com;NULL;NULL;NULL;NULL;NULL;NULL;NULL;NULL;NULL;NULL;NULL;NULL;NULL;NULL;NULL;NULL;NULL
10001755-5;Matías Gómez Díaz;13-10-86;Portuguesa;56932086790;matias.gomez1755@hotmail.com;NULL;NULL;NULL;NULL;NULL;NULL;NULL;NULL;38;tesorero;04-09-95;18-05-30;NULL;NULL;NULL;NULL;NULL
10001756-3;Matias Herrera Saavedra;25-10-83;Chilena;56999907617;matias.herrera1756@uca.cl;NULL;NULL;NULL;NULL;NULL;NULL;NULL;NULL;10;dirigente;22-10-48;22-01-11;NULL;NULL;NULL;NULL;NULL
10001757-1;Enzo Reyes Lewandowski;19-02-73;Chilena;56984636333;enzo.reyes1757@usach.cl;NULL;NULL;NULL;NULL;NULL;NULL;NULL;NULL;29;dirigente;14-10-96;16-08-11;NULL;NULL;NULL;NULL;NULL
10001758-K;Thiago Pérez Galdames;14-02-93;Chilena;56987798495;thiago.perez1758@outlook.com;NULL;NULL;NULL;NULL;NULL;NULL;NULL;NULL;NULL;NULL;NULL;NULL;NULL;NULL;NULL;NULL;NULL
10001759-8;Erling González López;25-11-83;Chilena;56918797663;erling.gonzalez1759@puc.cl;NULL;NULL;NULL;NULL;NULL;NULL;NULL;NULL;37;dirigente;01-03-83;25-04-22;NULL;NULL;NULL;NULL;NULL
10001760-1;Angel Pizarro Silva;20-08-70;Argentina;56992570585;angel.pizarro1760@outlook.com;NULL;NULL;NULL;NULL;NULL;NULL;NULL;NULL;NULL;NULL;NULL;NULL;9;Preparador Físico;0;NULL;NULL
10001761-K;Thomas Espinoza Castro;04-12-73;Chilena;56914611093;thomas.espinoza1761@uca.cl;NULL;NULL;NULL;NULL;NULL;NULL;NULL;NULL;NULL;NULL;NULL;NULL;11;Asistente Técnico;0;NULL;NULL
10001762-8;Gonzalo Díaz Toselli;16-11-89;Chilena;56942067388;gonzalo.diaz1762@puc.cl;NULL;NULL;NULL;NULL;NULL;NULL;NULL;NULL;NULL;NULL;NULL;NULL;6;Preparador Físico;0;NULL;NULL
10001763-6;Mauricio Contreras Gómez;04-12-80;Alemana;56990677770;mauricio.contreras1763@puc.cl;NULL;NULL;NULL;NULL;NULL;NULL;NULL;NULL;40;dirigente;14-08-49;24-08-22;NULL;NULL;NULL;NULL;NULL
10001764-4;Daniel Jara Lewandowski;09-06-98;Chilena;56946982610;daniel.jara1764@outlook.com;NULL;NULL;NULL;NULL;NULL;NULL;NULL;NULL;40;tesorero;08-04-97;19-09-29;NULL;NULL;NULL;NULL;NULL
10001765-2;Harry Bravo Toselli;28-10-88;Chilena;56956051102;harry.bravo1765@uca.cl;NULL;NULL;NULL;NULL;NULL;NULL;NULL;NULL;23;dirigente;01-07-46;04-09-10;NULL;NULL;NULL;NULL;NULL
10001766-0;Paulo Toselli Vinicius;18-04-80;Uruguaya;56937523111;paulo.toselli1766@uca.cl;NULL;NULL;NULL;NULL;NULL;NULL;NULL;NULL;NULL;NULL;NULL;NULL;NULL;NULL;NULL;NULL;NULL
10001767-9;Federico Sánchez Herrera;26-10-97;Chilena;56934834090;federico.sanchez1767@uca.cl;NULL;NULL;NULL;NULL;NULL;NULL;NULL;NULL;6;dirigente;29-08-49;04-10-08;NULL;NULL;NULL;NULL;NULL
10001768-7;Guillermo Espinoza Gutiérrez;30-11-80;Chilena;56980276069;guillermo.espinoza1768@uca.cl;NULL;NULL;NULL;NULL;NULL;NULL;NULL;NULL;NULL;NULL;NULL;NULL;11;Asistente Técnico;0;NULL;NULL
10001769-5;Thiago Ramos Sánchez;23-09-91;Chilena;56954248089;thiago.ramos1769@gmail.com;NULL;NULL;NULL;NULL;NULL;NULL;NULL;NULL;NULL;NULL;NULL;NULL;NULL;NULL;NULL;NULL;NULL
10001770-9;Esteban Cavani Lukaku;13-06-80;Chilena;56928241163;esteban.cavani1770@hotmail.com;NULL;NULL;NULL;NULL;NULL;NULL;NULL;NULL;NULL;NULL;NULL;NULL;34;Utilero;0;NULL;NULL
10001771-7;Álvaro Modric Rodri;03-07-85;Chilena;56936635000;alvaro.modric1771@usach.cl;NULL;NULL;NULL;NULL;NULL;NULL;NULL;NULL;NULL;NULL;NULL;NULL;NULL;NULL;NULL;NULL;NULL
10001772-5;Matías Pizarro Dybala;13-11-03;Chilena;56910174013;matias.pizarro1772@usach.cl;NULL;NULL;NULL;NULL;NULL;NULL;NULL;NULL;10;tesorero;28-05-62;13-04-30;NULL;NULL;NULL;NULL;NULL
10001773-3;Andrés Yamal Zidane;06-10-88;Chilena;56971084052;andres.yamal1773@outlook.com;01-07-73;31-12-99;NULL;NULL;NULL;NULL;NULL;NULL;NULL;NULL;NULL;NULL;NULL;NULL;NULL;NULL;NULL
10001774-1;Álvaro González Cavani;15-09-93;Chilena;56984093168;alvaro.gonzalez1774@gmail.com;NULL;NULL;NULL;NULL;NULL;NULL;NULL;NULL;NULL;NULL;NULL;NULL;NULL;NULL;NULL;NULL;NULL
10001775-K;Maximiliano Hernández Vásquez;22-07-93;Chilena;56980723614;maximiliano.hernandez1775@hotmail.com;NULL;NULL;NULL;NULL;NULL;NULL;NULL;NULL;35;tesorero;10-10-49;01-04-28;NULL;NULL;NULL;NULL;NULL
10001776-8;Benjamín Di María Díaz;02-06-76;Chilena;56973954828;benjamin.di maria1776@outlook.com;NULL;NULL;NULL;NULL;NULL;NULL;NULL;NULL;NULL;NULL;NULL;NULL;8;Utilero;0;NULL;NULL
10001777-6;Luka Gutiérrez Paredes;12-07-81;Chilena;56925785047;luka.gutierrez1777@gmail.com;NULL;NULL;NULL;NULL;NULL;NULL;NULL;NULL;NULL;NULL;NULL;NULL;34;Director Técnico;0;NULL;NULL
10001778-4;Romelu Salas Messi;19-05-96;Portuguesa;56916243059;romelu.salas1778@hotmail.com;NULL;NULL;NULL;NULL;NULL;NULL;NULL;NULL;NULL;NULL;NULL;NULL;4;Médico;0;NULL;NULL
10001779-2;Lucas Bellingham Paredes;06-06-83;Chilena;56967225779;lucas.bellingham1779@puc.cl;NULL;NULL;NULL;NULL;NULL;NULL;NULL;NULL;NULL;NULL;NULL;NULL;31;Director Técnico;0;NULL;NULL
10001780-6;Cristiano Rodríguez Toselli;14-12-96;Colombiana;56982813451;cristiano.rodriguez1780@hotmail.com;NULL;NULL;NULL;NULL;NULL;NULL;NULL;NULL;28;vicepresidente;14-11-79;19-04-31;NULL;NULL;NULL;NULL;NULL
10001781-4;Maximiliano Gómez Valdivia;29-11-01;Uruguaya;56960449582;maximiliano.gomez1781@yahoo.com;NULL;NULL;NULL;NULL;NULL;NULL;NULL;NULL;5;dirigente;19-09-58;22-04-26;NULL;NULL;NULL;NULL;NULL
10001782-2;Lamine Valdivia Vergara;01-12-85;Chilena;56951028680;lamine.valdivia1782@outlook.com;NULL;NULL;NULL;NULL;NULL;NULL;NULL;NULL;12;vicepresidente;27-05-64;17-08-27;NULL;NULL;NULL;NULL;NULL
10001783-0;Alexis Griezmann Valdés;13-08-81;Española;56914381853;alexis.griezmann1783@uca.cl;12-04-88;25-07-20;NULL;NULL;NULL;NULL;NULL;NULL;NULL;NULL;NULL;NULL;NULL;NULL;NULL;NULL;NULL
10001784-9;Juan Zidane Modric;22-11-94;Italiana;56973082773;juan.zidane1784@yahoo.com;NULL;NULL;NULL;NULL;NULL;NULL;NULL;NULL;39;presidente;12-04-59;26-05-30;NULL;NULL;NULL;NULL;NULL
10001785-7;Edinson Griezmann Maripán;28-09-91;Brasileña;56922430383;edinson.griezmann1785@uca.cl;NULL;NULL;NULL;NULL;NULL;NULL;NULL;NULL;29;vicepresidente;08-08-44;06-12-30;NULL;NULL;NULL;NULL;NULL
10001786-5;Cristopher Cavani Aránguiz;31-10-01;Chilena;56983374084;cristopher.cavani1786@outlook.com;NULL;NULL;NULL;NULL;NULL;NULL;NULL;NULL;NULL;NULL;NULL;NULL;29;Preparador Físico;0;NULL;NULL
10001787-3;Luis Griezmann Messi;21-08-03;Chilena;56962599206;luis.griezmann1787@outlook.com;NULL;NULL;NULL;NULL;NULL;NULL;NULL;NULL;40;dirigente;30-03-96;08-07-19;NULL;NULL;NULL;NULL;NULL
10001788-1;Agustín Messi Vinicius;05-10-89;Chilena;56930937196;agustin.messi1788@puc.cl;10-10-74;31-12-99;NULL;NULL;NULL;NULL;NULL;NULL;NULL;NULL;NULL;NULL;NULL;NULL;NULL;NULL;NULL
10001789-K;Nicolás Díaz Lewandowski;07-05-74;Chilena;56977490507;nicolas.diaz1789@outlook.com;NULL;NULL;NULL;NULL;NULL;NULL;NULL;NULL;NULL;NULL;NULL;NULL;4;Utilero;0;NULL;NULL
10001790-3;Tomás Vásquez Yamal;05-11-72;Chilena;56998344195;tomas.vasquez1790@puc.cl;NULL;NULL;NULL;NULL;NULL;NULL;NULL;NULL;NULL;NULL;NULL;NULL;NULL;NULL;NULL;NULL;NULL
10001791-1;Rodrigo Soto Torres;14-06-84;Chilena;56980360455;rodrigo.soto1791@gmail.com;NULL;NULL;NULL;NULL;NULL;NULL;NULL;NULL;NULL;NULL;NULL;NULL;23;Asistente Técnico;0;NULL;NULL
10001792-K;Vicente Martínez Nuñez;23-01-79;Chilena;56962592025;vicente.martinez1792@puc.cl;NULL;NULL;NULL;NULL;NULL;NULL;NULL;NULL;NULL;NULL;NULL;NULL;NULL;NULL;NULL;NULL;NULL
10001793-8;Angel Aránguiz Lewandowski;07-02-97;Brasileña;56983876959;angel.aranguiz1793@uca.cl;NULL;NULL;NULL;NULL;NULL;NULL;NULL;NULL;NULL;NULL;NULL;NULL;31;Asistente Técnico;0;NULL;NULL
10001794-6;Johnny Valdivia Jara;20-08-02;Española;56967084259;johnny.valdivia1794@uca.cl;NULL;NULL;NULL;NULL;NULL;NULL;NULL;NULL;35;secretario;15-05-58;10-02-30;NULL;NULL;NULL;NULL;NULL
10001795-4;Thiago Lukaku López;20-05-81;Chilena;56957303263;thiago.lukaku1795@yahoo.com;NULL;NULL;NULL;NULL;NULL;NULL;NULL;NULL;NULL;NULL;NULL;NULL;NULL;NULL;NULL;NULL;NULL
10001796-2;Robert Vargas Müller;24-11-84;Chilena;56977783243;robert.vargas1796@outlook.com;NULL;NULL;NULL;NULL;NULL;NULL;NULL;NULL;NULL;NULL;NULL;NULL;NULL;NULL;NULL;NULL;NULL
10001797-0;Santiago Güler Griezmann;08-02-75;Española;56965645452;santiago.güler1797@outlook.com;NULL;NULL;NULL;NULL;NULL;NULL;NULL;NULL;NULL;NULL;NULL;NULL;NULL;NULL;NULL;NULL;NULL
10001798-9;Alejandro Figueroa González;22-08-70;Chilena;56998330742;alejandro.figueroa1798@yahoo.com;NULL;NULL;NULL;NULL;NULL;NULL;NULL;NULL;NULL;NULL;NULL;NULL;18;Utilero;0;NULL;NULL
10001799-7;Gonzalo Müller Benzema;14-03-99;Portuguesa;56941827881;gonzalo.müller1799@uca.cl;NULL;NULL;NULL;NULL;NULL;NULL;NULL;NULL;15;dirigente;11-02-62;16-02-17;NULL;NULL;NULL;NULL;NULL
10001800-4;Juan Yamal Morales;08-09-77;Chilena;56948776612;juan.yamal1800@usach.cl;NULL;NULL;NULL;NULL;NULL;NULL;NULL;NULL;7;dirigente;14-06-88;14-11-28;NULL;NULL;NULL;NULL;NULL
10001801-2;Alejandro Toselli Morales;27-04-97;Uruguaya;56916051533;alejandro.toselli1801@gmail.com;20-07-90;31-12-99;NULL;NULL;NULL;NULL;NULL;NULL;NULL;NULL;NULL;NULL;NULL;NULL;NULL;NULL;NULL
10001802-0;Pablo Mbappe Vergara;26-11-74;Uruguaya;56957912737;pablo.mbappe1802@puc.cl;NULL;NULL;NULL;NULL;NULL;NULL;NULL;NULL;NULL;NULL;NULL;NULL;NULL;NULL;NULL;NULL;NULL
10001803-9;Álvaro Díaz Carrasco;29-01-72;Chilena;56980214519;alvaro.diaz1803@puc.cl;NULL;NULL;NULL;NULL;NULL;NULL;NULL;NULL;NULL;NULL;NULL;NULL;18;Preparador Físico;0;NULL;NULL
10001804-7;Javier Morales Jara;18-06-03;Chilena;56941782432;javier.morales1804@gmail.com;NULL;NULL;NULL;NULL;NULL;NULL;NULL;NULL;14;dirigente;01-10-89;30-06-08;NULL;NULL;NULL;NULL;NULL
10001805-5;Eduardo Di María Saavedra;23-03-85;Chilena;56934375163;eduardo.di maria1805@gmail.com;NULL;NULL;NULL;NULL;NULL;NULL;NULL;NULL;26;tesorero;07-09-91;16-04-30;NULL;NULL;NULL;NULL;NULL
10001806-3;Pablo Vásquez Lewandowski;14-01-97;Chilena;56989235841;pablo.vasquez1806@hotmail.com;NULL;NULL;NULL;NULL;NULL;NULL;NULL;NULL;NULL;NULL;NULL;NULL;NULL;NULL;NULL;NULL;NULL
10001807-1;Robert Espinoza Muñoz;01-06-95;Colombiana;56954451222;robert.espinoza1807@outlook.com;NULL;NULL;NULL;NULL;NULL;NULL;NULL;NULL;NULL;NULL;NULL;NULL;35;Director Técnico;0;NULL;NULL
10001808-K;Maximiliano De Bruyne Rodríguez;07-07-02;Chilena;56970084662;maximiliano.de bruyne1808@puc.cl;NULL;NULL;NULL;NULL;NULL;NULL;NULL;NULL;8;vicepresidente;21-11-57;08-11-29;NULL;NULL;NULL;NULL;NULL
10001809-8;Alexis Valdés Bellingham;22-08-01;Chilena;56963710365;alexis.valdes1809@usach.cl;15-10-87;03-08-26;NULL;NULL;NULL;NULL;NULL;NULL;NULL;NULL;NULL;NULL;NULL;NULL;NULL;NULL;NULL
10001810-1;Raúl Tapia Rodri;08-08-87;Chilena;56986507516;raul.tapia1810@hotmail.com;NULL;NULL;NULL;NULL;NULL;NULL;NULL;NULL;NULL;NULL;NULL;NULL;NULL;NULL;NULL;NULL;NULL
10001811-K;Maximiliano Rodri Caszely;17-09-80;Chilena;56974343932;maximiliano.rodri1811@puc.cl;NULL;NULL;NULL;NULL;NULL;NULL;NULL;NULL;NULL;NULL;NULL;NULL;30;Asistente Técnico;0;NULL;NULL
10001812-8;Claudio Reyes Martínez;23-05-90;Chilena;56940586365;claudio.reyes1812@usach.cl;NULL;NULL;NULL;NULL;NULL;NULL;NULL;NULL;NULL;NULL;NULL;NULL;11;Director Técnico;0;NULL;NULL
10001813-6;Marcelo Tapia Caszely;12-06-05;Argentina;56965252373;marcelo.tapia1813@puc.cl;NULL;NULL;NULL;NULL;NULL;NULL;NULL;NULL;35;presidente;13-01-50;13-02-27;NULL;NULL;NULL;NULL;NULL
10001814-4;Esteban Valenzuela Valverde;12-11-92;Chilena;56954014647;esteban.valenzuela1814@puc.cl;NULL;NULL;NULL;NULL;NULL;NULL;NULL;NULL;31;dirigente;26-02-44;28-03-19;NULL;NULL;NULL;NULL;NULL
10001815-2;Humberto Hernández Beausejour;16-12-72;Chilena;56914518461;humberto.hernandez1815@usach.cl;NULL;NULL;NULL;NULL;NULL;NULL;NULL;NULL;29;dirigente;18-02-53;12-03-23;NULL;NULL;NULL;NULL;NULL
10001816-0;Manuel Galdames Flores;02-02-98;Chilena;56949454429;manuel.galdames1816@hotmail.com;NULL;NULL;NULL;NULL;NULL;NULL;NULL;NULL;11;tesorero;16-06-70;19-10-30;NULL;NULL;NULL;NULL;NULL
10001817-9;Nicolás Figueroa Cavani;08-05-72;Chilena;56979317444;nicolas.figueroa1817@gmail.com;NULL;NULL;NULL;NULL;NULL;NULL;NULL;NULL;NULL;NULL;NULL;NULL;2;Asistente Técnico;0;NULL;NULL
10001818-7;Federico Muñoz Kane;03-05-01;Chilena;56963648923;federico.munoz1818@outlook.com;NULL;NULL;NULL;NULL;NULL;NULL;NULL;NULL;10;vicepresidente;13-02-78;26-05-27;NULL;NULL;NULL;NULL;NULL
10001819-5;Bastián Lewandowski Muñoz;11-06-94;Chilena;56929695521;bastian.lewandowski1819@yahoo.com;29-01-75;31-12-99;NULL;NULL;NULL;NULL;NULL;NULL;NULL;NULL;NULL;NULL;NULL;NULL;NULL;NULL;NULL
10001820-9;Daniel Benzema Suazo;13-06-93;Uruguaya;56936651777;daniel.benzema1820@usach.cl;NULL;NULL;NULL;NULL;NULL;NULL;NULL;NULL;5;dirigente;06-04-80;16-01-22;NULL;NULL;NULL;NULL;NULL
10001821-7;Sergio Morales Muñoz;23-08-91;Colombiana;56985356960;sergio.morales1821@yahoo.com;NULL;NULL;NULL;NULL;NULL;NULL;NULL;NULL;NULL;NULL;NULL;NULL;6;Asistente Técnico;0;NULL;NULL
10001822-5;Ángel Kane Neuer;24-05-84;Chilena;56917671579;angel.kane1822@uca.cl;NULL;NULL;NULL;NULL;NULL;NULL;NULL;NULL;NULL;NULL;NULL;NULL;30;Preparador Físico;0;NULL;NULL
10001823-3;Humberto Neuer Bellingham;16-03-72;Chilena;56977699107;humberto.neuer1823@gmail.com;NULL;NULL;NULL;NULL;NULL;NULL;NULL;NULL;NULL;NULL;NULL;NULL;32;Asistente Técnico;0;NULL;NULL
10001824-1;Lionel Jara Rodri;25-05-79;Chilena;56934294104;lionel.jara1824@outlook.com;NULL;NULL;NULL;NULL;NULL;NULL;NULL;NULL;NULL;NULL;NULL;NULL;22;Asistente Técnico;0;NULL;NULL
10001825-K;Maximiliano Torres Pulgar;18-01-84;Chilena;56999243157;maximiliano.torres1825@gmail.com;NULL;NULL;NULL;NULL;NULL;NULL;NULL;NULL;NULL;NULL;NULL;NULL;NULL;NULL;NULL;NULL;NULL
10001826-8;Ignacio Hernández Alvarez;15-04-94;Francesa;56952869366;ignacio.hernandez1826@hotmail.com;NULL;NULL;NULL;NULL;NULL;NULL;NULL;NULL;24;secretario;22-02-65;31-07-31;NULL;NULL;NULL;NULL;NULL
10001827-6;Santiago Valdivia Vargas;03-12-94;Alemana;56953254262;santiago.valdivia1827@uca.cl;NULL;NULL;NULL;NULL;NULL;NULL;NULL;NULL;NULL;NULL;NULL;NULL;NULL;NULL;NULL;NULL;NULL
10001828-4;Gavi Rodri Salah;15-07-96;Argentina;56990144765;gavi.rodri1828@usach.cl;NULL;NULL;NULL;NULL;NULL;NULL;NULL;NULL;NULL;NULL;NULL;NULL;21;Preparador Físico;0;NULL;NULL
10001829-2;Gonzalo Messi Torres;15-03-99;Colombiana;56933354362;gonzalo.messi1829@usach.cl;NULL;NULL;NULL;NULL;NULL;NULL;NULL;NULL;27;dirigente;28-04-84;20-10-06;NULL;NULL;NULL;NULL;NULL
10001830-6;Pelé Álvarez Vergara;23-10-03;Chilena;56992825611;pele.alvarez1830@outlook.com;NULL;NULL;NULL;NULL;NULL;NULL;NULL;NULL;NULL;NULL;NULL;NULL;NULL;NULL;NULL;NULL;NULL
10001831-4;Oscar Díaz Cortés;30-09-96;Chilena;56943396544;oscar.diaz1831@yahoo.com;NULL;NULL;NULL;NULL;NULL;NULL;NULL;NULL;NULL;NULL;NULL;NULL;NULL;NULL;NULL;NULL;NULL
10001832-2;Pablo Rivera Caszely;19-08-96;Chilena;56910108257;pablo.rivera1832@puc.cl;NULL;NULL;NULL;NULL;NULL;NULL;NULL;NULL;NULL;NULL;NULL;NULL;NULL;NULL;NULL;NULL;NULL
10001833-0;Oscar Hernández Caszely;27-08-72;Chilena;56923074423;oscar.hernandez1833@puc.cl;NULL;NULL;NULL;NULL;NULL;NULL;NULL;NULL;NULL;NULL;NULL;NULL;NULL;NULL;NULL;NULL;NULL
10001834-9;Matias Pulgar Reyes;19-08-88;Alemana;56920574474;matias.pulgar1834@gmail.com;NULL;NULL;NULL;NULL;NULL;NULL;NULL;NULL;15;dirigente;16-06-91;21-01-08;NULL;NULL;NULL;NULL;NULL
10001835-7;Lautaro Cortés Rojas;15-06-78;Chilena;56983995612;lautaro.cortes1835@yahoo.com;NULL;NULL;NULL;NULL;NULL;NULL;NULL;NULL;NULL;NULL;NULL;NULL;27;Director Técnico;0;NULL;NULL
10001836-5;Federico González Maripán;17-02-99;Chilena;56915948699;federico.gonzalez1836@hotmail.com;NULL;NULL;NULL;NULL;NULL;NULL;NULL;NULL;17;secretario;16-02-70;21-02-27;NULL;NULL;NULL;NULL;NULL
10001837-3;Gonzalo Gómez Arias;21-10-76;Chilena;56972737620;gonzalo.gomez1837@outlook.com;NULL;NULL;NULL;NULL;NULL;NULL;NULL;NULL;37;dirigente;08-04-91;08-01-12;NULL;NULL;NULL;NULL;NULL
10001838-1;Diego Aránguiz Galdames;19-05-01;Chilena;56931825366;diego.aranguiz1838@yahoo.com;NULL;NULL;NULL;NULL;NULL;NULL;NULL;NULL;23;dirigente;29-09-83;09-11-22;NULL;NULL;NULL;NULL;NULL
10001839-K;Martín Bellingham Rodri;15-05-79;Chilena;56962053864;martin.bellingham1839@hotmail.com;NULL;NULL;NULL;NULL;NULL;NULL;NULL;NULL;NULL;NULL;NULL;NULL;2;Utilero;0;NULL;NULL
10001840-3;Gonzalo Castillo Figueroa;07-12-71;Chilena;56931321187;gonzalo.castillo1840@uca.cl;NULL;NULL;NULL;NULL;NULL;NULL;NULL;NULL;20;presidente;11-08-98;24-06-31;NULL;NULL;NULL;NULL;NULL
10001841-1;Maximiliano Valenzuela Castillo;15-04-84;Chilena;56950280672;maximiliano.valenzuela1841@usach.cl;NULL;NULL;NULL;NULL;NULL;NULL;NULL;NULL;NULL;NULL;NULL;NULL;NULL;NULL;NULL;NULL;NULL
10001842-K;Kylian Riquelme Valdivia;27-08-81;Chilena;56942706095;kylian.riquelme1842@gmail.com;NULL;NULL;NULL;NULL;NULL;NULL;NULL;NULL;33;tesorero;30-05-88;29-03-28;NULL;NULL;NULL;NULL;NULL
10001843-8;Ronaldo Torres Mendoza;12-08-82;Brasileña;56924050405;ronaldo.torres1843@hotmail.com;NULL;NULL;NULL;NULL;NULL;NULL;NULL;NULL;NULL;NULL;NULL;NULL;NULL;NULL;NULL;NULL;NULL
10001844-6;Diego Aránguiz Castillo;12-11-89;Española;56993069081;diego.aranguiz1844@hotmail.com;NULL;NULL;NULL;NULL;NULL;NULL;NULL;NULL;1;vicepresidente;06-07-87;12-10-27;NULL;NULL;NULL;NULL;NULL
10001845-4;Facundo Haaland Rojas;19-04-89;Chilena;56919554458;facundo.haaland1845@hotmail.com;NULL;NULL;NULL;NULL;NULL;NULL;NULL;NULL;28;dirigente;18-04-76;27-10-31;NULL;NULL;NULL;NULL;NULL
10001846-2;Pablo Jara Dybala;25-06-71;Chilena;56946055374;pablo.jara1846@yahoo.com;NULL;NULL;NULL;NULL;NULL;NULL;NULL;NULL;NULL;NULL;NULL;NULL;NULL;NULL;NULL;NULL;NULL
10001847-0;Romelu Mbappe Yamal;05-04-89;Chilena;56931534136;romelu.mbappe1847@usach.cl;NULL;NULL;NULL;NULL;NULL;NULL;NULL;NULL;NULL;NULL;NULL;NULL;38;Asistente Técnico;0;NULL;NULL
10001848-9;Federico González Hernández;01-12-88;Chilena;56983940815;federico.gonzalez1848@gmail.com;NULL;NULL;NULL;NULL;NULL;NULL;NULL;NULL;8;secretario;09-04-57;28-03-30;NULL;NULL;NULL;NULL;NULL
10001849-7;Bastián Bellingham Vargas;03-08-84;Chilena;56984644605;bastian.bellingham1849@yahoo.com;25-03-76;28-11-24;NULL;NULL;NULL;NULL;NULL;NULL;NULL;NULL;NULL;NULL;NULL;NULL;NULL;NULL;NULL
10001850-0;Agustín Kane Jara;16-09-95;Chilena;16951559465;agustin.kane1850@uca.cl;20-08-97;30-07-22;NULL;NULL;NULL;NULL;NULL;NULL;NULL;NULL;NULL;NULL;NULL;NULL;NULL;NULL;NULL
10001851-9;Luka Kroos Alvarez;19-10-84;Chilena;56942663247;luka.kroos1851@yahoo.com;NULL;NULL;NULL;NULL;NULL;NULL;NULL;NULL;40;dirigente;16-03-84;25-07-03;NULL;NULL;NULL;NULL;NULL
10001852-7;Mateo Espinoza Riquelme;04-08-98;Chilena;56911869755;mateo.espinoza1852@uca.cl;NULL;NULL;NULL;NULL;NULL;NULL;NULL;NULL;NULL;NULL;NULL;NULL;17;Director Técnico;0;NULL;NULL
10001853-5;Luis Ramos Galdames;21-10-74;Argentina;56990058668;luis.ramos1853@usach.cl;NULL;NULL;NULL;NULL;NULL;NULL;NULL;NULL;27;presidente;23-03-70;09-10-30;NULL;NULL;NULL;NULL;NULL
10001854-3;David Beausejour Vergara;24-07-82;Española;56982626915;david.beausejour1854@yahoo.com;NULL;NULL;NULL;NULL;NULL;NULL;NULL;NULL;NULL;NULL;NULL;NULL;39;Preparador Físico;0;NULL;NULL
10001855-1;Thiago Pérez Muñoz;12-07-99;Chilena;56912862353;thiago.perez1855@hotmail.com;NULL;NULL;NULL;NULL;NULL;NULL;NULL;NULL;NULL;NULL;NULL;NULL;NULL;NULL;NULL;NULL;NULL
10001856-K;Karim Benzema Bellingham;21-12-80;Chilena;56924084081;karim.benzema1856@gmail.com;NULL;NULL;NULL;NULL;NULL;NULL;NULL;NULL;13;dirigente;21-04-50;22-04-06;NULL;NULL;NULL;NULL;NULL
10001857-8;Pedri Suazo Yamal;23-06-79;Inglesa;56982025877;pedri.suazo1857@outlook.com;NULL;NULL;NULL;NULL;NULL;NULL;NULL;NULL;NULL;NULL;NULL;NULL;NULL;NULL;NULL;NULL;NULL
10001858-6;Santino Álvarez Gutiérrez;29-06-02;Chilena;56975611176;santino.alvarez1858@gmail.com;NULL;NULL;NULL;NULL;NULL;NULL;NULL;NULL;NULL;NULL;NULL;NULL;NULL;NULL;NULL;NULL;NULL
10001859-4;Bautista Rodri Di María;01-09-89;Brasileña;56914783670;bautista.rodri1859@uca.cl;NULL;NULL;NULL;NULL;NULL;NULL;NULL;NULL;NULL;NULL;NULL;NULL;12;Preparador Físico;0;NULL;NULL
10001860-8;Johnny Ramos Maradona;30-08-00;Chilena;56920606354;johnny.ramos1860@uca.cl;NULL;NULL;NULL;NULL;NULL;NULL;NULL;NULL;20;tesorero;25-12-53;18-02-28;NULL;NULL;NULL;NULL;NULL
10001861-6;Jorge Jara Güler;14-05-77;Brasileña;56952547831;jorge.jara1861@outlook.com;NULL;NULL;NULL;NULL;NULL;NULL;NULL;NULL;14;vicepresidente;16-01-99;14-03-29;NULL;NULL;NULL;NULL;NULL
10001862-4;Álvaro Pérez Suazo;08-02-78;Inglesa;56968262040;alvaro.perez1862@hotmail.com;NULL;NULL;NULL;NULL;NULL;NULL;NULL;NULL;NULL;NULL;NULL;NULL;NULL;NULL;NULL;NULL;NULL
10001863-2;Tomás Flores Maradona;31-01-84;Chilena;56928455008;tomas.flores1863@gmail.com;NULL;NULL;NULL;NULL;NULL;NULL;NULL;NULL;NULL;NULL;NULL;NULL;NULL;NULL;NULL;NULL;NULL
10001864-0;Bautista Pizarro Flores;23-11-75;Chilena;56929736603;bautista.pizarro1864@gmail.com;24-11-81;20-02-23;NULL;NULL;NULL;NULL;NULL;NULL;NULL;NULL;NULL;NULL;NULL;NULL;NULL;NULL;NULL
10001865-9;Lautaro Ronaldo Kroos;15-08-89;Chilena;56923796350;lautaro.ronaldo1865@outlook.com;NULL;NULL;NULL;NULL;NULL;NULL;NULL;NULL;NULL;NULL;NULL;NULL;9;Preparador Físico;0;NULL;NULL
10001866-7;Thomas Fernández Isla;13-04-90;Francesa;56997227187;thomas.fernandez1866@gmail.com;NULL;NULL;NULL;NULL;NULL;NULL;NULL;NULL;NULL;NULL;NULL;NULL;NULL;NULL;NULL;NULL;NULL
10001867-5;Angel Medel Bravo;19-11-77;Chilena;56939839597;angel.medel1867@yahoo.com;NULL;NULL;NULL;NULL;NULL;NULL;NULL;NULL;NULL;NULL;NULL;NULL;37;Preparador Físico;0;NULL;NULL
10001868-3;Álvaro Bravo Suazo;28-06-99;Chilena;56955590424;alvaro.bravo1868@yahoo.com;NULL;NULL;NULL;NULL;NULL;NULL;NULL;NULL;NULL;NULL;NULL;NULL;NULL;NULL;NULL;NULL;NULL
10001869-1;Lucas Valdés Zidane;18-10-86;Chilena;56949621142;lucas.valdes1869@outlook.com;NULL;NULL;NULL;NULL;NULL;NULL;NULL;NULL;28;dirigente;23-12-71;14-01-29;NULL;NULL;NULL;NULL;NULL
10001870-5;Erick Müller Salah;24-12-98;Argentina;56951999017;erick.müller1870@uca.cl;NULL;NULL;NULL;NULL;NULL;NULL;NULL;NULL;NULL;NULL;NULL;NULL;7;Preparador Físico;0;NULL;NULL
10001871-3;Kevin Vinicius Álvarez;27-03-81;Española;56984104946;kevin.vinicius1871@yahoo.com;NULL;NULL;NULL;NULL;NULL;NULL;NULL;NULL;NULL;NULL;NULL;NULL;25;Preparador Físico;0;NULL;NULL
10001872-1;Ronaldo Vargas Kroos;26-04-05;Chilena;56969577632;ronaldo.vargas1872@puc.cl;NULL;NULL;NULL;NULL;NULL;NULL;NULL;NULL;NULL;NULL;NULL;NULL;23;Director Técnico;0;NULL;NULL
10001873-K;Charles Flores Sepúlveda;10-02-85;Chilena;56954293585;charles.flores1873@hotmail.com;02-01-95;21-11-24;NULL;NULL;NULL;NULL;NULL;NULL;NULL;NULL;NULL;NULL;NULL;NULL;NULL;NULL;NULL
10001874-8;Lamine Haaland Neuer;11-11-96;Portuguesa;56949105438;lamine.haaland1874@gmail.com;NULL;NULL;NULL;NULL;NULL;NULL;NULL;NULL;21;tesorero;05-06-43;05-11-30;NULL;NULL;NULL;NULL;NULL
10001875-6;Federico Álvarez Dybala;23-04-76;Chilena;56932801200;federico.alvarez1875@usach.cl;NULL;NULL;NULL;NULL;NULL;NULL;NULL;NULL;38;presidente;23-06-67;28-10-26;NULL;NULL;NULL;NULL;NULL
10001876-4;Maximiliano Alvarez Pérez;03-07-03;Brasileña;56941959233;maximiliano.alvarez1876@outlook.com;NULL;NULL;NULL;NULL;NULL;NULL;NULL;NULL;NULL;NULL;NULL;NULL;5;Director Técnico;0;NULL;NULL
10001877-2;Federico Vidal Espinoza;26-02-93;Chilena;56912903156;federico.vidal1877@gmail.com;NULL;NULL;NULL;NULL;NULL;NULL;NULL;NULL;12;dirigente;27-02-43;05-06-04;NULL;NULL;NULL;NULL;NULL
10001878-0;Ezequiel Muñoz Díaz;07-04-79;Chilena;56988833811;ezequiel.munoz1878@puc.cl;NULL;NULL;NULL;NULL;NULL;NULL;NULL;NULL;11;presidente;03-11-44;04-02-29;NULL;NULL;NULL;NULL;NULL
10001879-9;Marcos Fernández Muñoz;08-05-76;Chilena;56971624506;marcos.fernandez1879@puc.cl;NULL;NULL;NULL;NULL;NULL;NULL;NULL;NULL;38;dirigente;22-11-64;24-09-07;NULL;NULL;NULL;NULL;NULL
10001880-2;Charles Kane Rodríguez;08-01-74;Chilena;56946801742;charles.kane1880@usach.cl;NULL;NULL;NULL;NULL;NULL;NULL;NULL;NULL;NULL;NULL;NULL;NULL;29;Preparador Físico;0;NULL;NULL
10001881-0;Lucas Álvarez Gómez;15-03-01;Chilena;56967276787;lucas.alvarez1881@hotmail.com;NULL;NULL;NULL;NULL;NULL;NULL;NULL;NULL;15;tesorero;22-11-85;13-03-30;NULL;NULL;NULL;NULL;NULL
10001882-9;Ángel Vásquez Mbappe;27-12-77;Chilena;56993078410;angel.vasquez1882@puc.cl;NULL;NULL;NULL;NULL;NULL;NULL;NULL;NULL;NULL;NULL;NULL;NULL;NULL;NULL;NULL;NULL;NULL
10001883-7;Pedri Beausejour Dybala;09-05-70;Chilena;56994001788;pedri.beausejour1883@uca.cl;NULL;NULL;NULL;NULL;NULL;NULL;NULL;NULL;NULL;NULL;NULL;NULL;NULL;NULL;NULL;NULL;NULL
10001884-5;Marcelo Valdés Castillo;15-04-95;Chilena;56935805885;marcelo.valdes1884@yahoo.com;NULL;NULL;NULL;NULL;NULL;NULL;NULL;NULL;7;dirigente;25-01-84;28-11-00;NULL;NULL;NULL;NULL;NULL
10001885-3;Daniel Medel Reyes;06-09-89;Brasileña;56977360341;daniel.medel1885@puc.cl;NULL;NULL;NULL;NULL;NULL;NULL;NULL;NULL;25;tesorero;23-03-94;06-02-30;NULL;NULL;NULL;NULL;NULL
10001886-1;Vicente Messi Pizarro;21-09-83;Chilena;56974302647;vicente.messi1886@puc.cl;NULL;NULL;NULL;NULL;NULL;NULL;NULL;NULL;NULL;NULL;NULL;NULL;19;Asistente Técnico;0;NULL;NULL
10001887-K;Álvaro Kane Pulgar;01-12-99;Chilena;56954711032;alvaro.kane1887@puc.cl;NULL;NULL;NULL;NULL;NULL;NULL;NULL;NULL;NULL;NULL;NULL;NULL;NULL;NULL;NULL;NULL;NULL
10001888-8;Gary Vargas Valverde;01-08-84;Alemana;56917824632;gary.vargas1888@hotmail.com;NULL;NULL;NULL;NULL;NULL;NULL;NULL;NULL;NULL;NULL;NULL;NULL;18;Director Técnico;0;NULL;NULL
10001889-6;Santino Rodríguez Martínez;04-08-99;Francesa;56946015574;santino.rodriguez1889@yahoo.com;NULL;NULL;NULL;NULL;NULL;NULL;NULL;NULL;NULL;NULL;NULL;NULL;5;Preparador Físico;0;NULL;NULL
10001890-K;Guillermo Arias Valdivia;04-05-92;Chilena;56983585941;guillermo.arias1890@usach.cl;NULL;NULL;NULL;NULL;NULL;NULL;NULL;NULL;NULL;NULL;NULL;NULL;1;Asistente Técnico;0;NULL;NULL
10001891-8;Luis Jara Kroos;19-01-71;Española;56969727146;luis.jara1891@yahoo.com;NULL;NULL;NULL;NULL;NULL;NULL;NULL;NULL;7;secretario;26-08-77;10-02-29;NULL;NULL;NULL;NULL;NULL
10001892-6;Alexis Suárez Morales;13-06-84;Chilena;56983938775;alexis.suarez1892@hotmail.com;07-04-87;31-12-99;NULL;NULL;NULL;NULL;NULL;NULL;NULL;NULL;NULL;NULL;NULL;NULL;NULL;NULL;NULL
10001893-4;Federico Pérez Yamal;08-03-80;Francesa;56948777647;federico.perez1893@yahoo.com;NULL;NULL;NULL;NULL;NULL;NULL;NULL;NULL;NULL;NULL;NULL;NULL;14;Asistente Técnico;0;NULL;NULL
10001894-2;Álvaro Haaland Rojas;30-09-79;Chilena;56921983214;alvaro.haaland1894@outlook.com;NULL;NULL;NULL;NULL;NULL;NULL;NULL;NULL;NULL;NULL;NULL;NULL;NULL;NULL;NULL;NULL;NULL
10001895-0;Ronaldo Güler Saavedra;10-12-88;Alemana;56939457424;ronaldo.güler1895@hotmail.com;NULL;NULL;NULL;NULL;NULL;NULL;NULL;NULL;NULL;NULL;NULL;NULL;NULL;NULL;NULL;NULL;NULL
10001896-9;Lamine Lewandowski Cortés;19-12-73;Chilena;56953026891;lamine.lewandowski1896@uca.cl;NULL;NULL;NULL;NULL;NULL;NULL;NULL;NULL;15;dirigente;18-10-71;20-06-18;NULL;NULL;NULL;NULL;NULL
10001897-7;Cristopher Martínez Sánchez;27-06-99;Chilena;56929508099;cristopher.martinez1897@hotmail.com;NULL;NULL;NULL;NULL;NULL;NULL;NULL;NULL;34;tesorero;24-12-64;02-01-31;NULL;NULL;NULL;NULL;NULL
10001898-5;Pedro Rodríguez Pulgar;02-06-01;Chilena;56950020807;pedro.rodriguez1898@hotmail.com;NULL;NULL;NULL;NULL;NULL;NULL;NULL;NULL;NULL;NULL;NULL;NULL;NULL;NULL;NULL;NULL;NULL
10001899-3;José Lewandowski Rojas;21-05-75;Portuguesa;56945441149;jose.lewandowski1899@outlook.com;NULL;NULL;NULL;NULL;NULL;NULL;NULL;NULL;NULL;NULL;NULL;NULL;1;Director Técnico;0;NULL;NULL
10001900-0;Esteban Lukaku Herrera;12-02-99;Argentina;56912517624;esteban.lukaku1900@hotmail.com;NULL;NULL;NULL;NULL;NULL;NULL;NULL;NULL;14;tesorero;28-06-52;24-10-29;NULL;NULL;NULL;NULL;NULL
10001901-9;Daniel Muñoz Caszely;29-05-80;Chilena;56919214124;daniel.munoz1901@usach.cl;NULL;NULL;NULL;NULL;NULL;NULL;NULL;NULL;NULL;NULL;NULL;NULL;40;Preparador Físico;0;NULL;NULL
10001902-7;Marcelo Yamal Arias;28-07-03;Chilena;56915216537;marcelo.yamal1902@yahoo.com;NULL;NULL;NULL;NULL;NULL;NULL;NULL;NULL;NULL;NULL;NULL;NULL;17;Asistente Técnico;0;NULL;NULL
10001903-5;Johnny Vergara Mbappe;04-11-75;Española;56913422822;johnny.vergara1903@outlook.com;NULL;NULL;NULL;NULL;NULL;NULL;NULL;NULL;NULL;NULL;NULL;NULL;18;Asistente Técnico;0;NULL;NULL
10001904-3;Lautaro Reyes Rojas;03-12-02;Chilena;56955397058;lautaro.reyes1904@outlook.com;NULL;NULL;NULL;NULL;NULL;NULL;NULL;NULL;7;dirigente;20-04-80;30-05-09;NULL;NULL;NULL;NULL;NULL
10001905-1;Gonzalo Gómez Vargas;07-05-02;Chilena;56975382094;gonzalo.gomez1905@puc.cl;NULL;NULL;NULL;NULL;NULL;NULL;NULL;NULL;6;dirigente;09-11-88;12-05-24;NULL;NULL;NULL;NULL;NULL
10001906-K;Oscar Sepúlveda Reyes;27-05-87;Brasileña;56988662806;oscar.sepulveda1906@puc.cl;NULL;NULL;NULL;NULL;NULL;NULL;NULL;NULL;NULL;NULL;NULL;NULL;NULL;NULL;NULL;NULL;NULL
10001907-8;Neymar Araya López;07-11-86;Brasileña;56968352674;neymar.araya1907@usach.cl;NULL;NULL;NULL;NULL;NULL;NULL;NULL;NULL;NULL;NULL;NULL;NULL;NULL;NULL;NULL;NULL;NULL
10001908-6;Julian Flores Alvarez;15-09-81;Chilena;56954246017;julian.flores1908@uca.cl;NULL;NULL;NULL;NULL;NULL;NULL;NULL;NULL;NULL;NULL;NULL;NULL;38;Asistente Técnico;0;NULL;NULL
10001909-4;Carlos Vargas Beausejour;14-07-00;Chilena;56976378090;carlos.vargas1909@outlook.com;15-12-97;20-05-24;NULL;NULL;NULL;NULL;NULL;NULL;NULL;NULL;NULL;NULL;NULL;NULL;NULL;NULL;NULL
10001910-8;Gonzalo Vargas López;15-04-00;Chilena;56945681474;gonzalo.vargas1910@puc.cl;NULL;NULL;NULL;NULL;NULL;NULL;NULL;NULL;NULL;NULL;NULL;NULL;30;Preparador Físico;0;NULL;NULL
10001911-6;Álvaro Díaz Ronaldo;01-07-75;Chilena;56936208793;alvaro.diaz1911@usach.cl;NULL;NULL;NULL;NULL;NULL;NULL;NULL;NULL;NULL;NULL;NULL;NULL;NULL;NULL;NULL;NULL;NULL
10001912-4;Erick Alvarez Alvarez;14-01-87;Chilena;56988834857;erick.alvarez1912@hotmail.com;NULL;NULL;NULL;NULL;NULL;NULL;NULL;NULL;16;dirigente;08-12-87;17-11-21;NULL;NULL;NULL;NULL;NULL
10001913-2;Andrés Medel Isla;12-01-95;Chilena;56930754726;andres.medel1913@yahoo.com;NULL;NULL;NULL;NULL;NULL;NULL;NULL;NULL;NULL;NULL;NULL;NULL;17;Médico;0;NULL;NULL
10001914-0;Marcos Isla Fernández;06-08-91;Chilena;56910009924;marcos.isla1914@puc.cl;NULL;NULL;NULL;NULL;NULL;NULL;NULL;NULL;9;presidente;24-06-61;03-12-30;NULL;NULL;NULL;NULL;NULL
10001915-9;Pedri López Haaland;18-02-85;Chilena;56925829401;pedri.lopez1915@puc.cl;NULL;NULL;NULL;NULL;NULL;NULL;NULL;NULL;NULL;NULL;NULL;NULL;20;Preparador Físico;0;NULL;NULL
10001916-7;Neymar Vargas Maripán;19-05-80;Chilena;56975750517;neymar.vargas1916@puc.cl;NULL;NULL;NULL;NULL;NULL;NULL;NULL;NULL;NULL;NULL;NULL;NULL;NULL;NULL;NULL;NULL;NULL
10001917-5;Robert Rodri Vásquez;08-04-04;Chilena;56923819579;robert.rodri1917@outlook.com;NULL;NULL;NULL;NULL;NULL;NULL;NULL;NULL;NULL;NULL;NULL;NULL;NULL;NULL;NULL;NULL;NULL
10001918-3;Cristopher Pizarro Valdés;24-07-91;Brasileña;56925639870;cristopher.pizarro1918@outlook.com;NULL;NULL;NULL;NULL;NULL;NULL;NULL;NULL;33;dirigente;04-09-47;13-10-19;NULL;NULL;NULL;NULL;NULL
10001919-1;Guillermo Fernández Paredes;26-01-70;Chilena;56911228753;guillermo.fernandez1919@uca.cl;NULL;NULL;NULL;NULL;NULL;NULL;NULL;NULL;NULL;NULL;NULL;NULL;15;Preparador Físico;0;NULL;NULL
10001920-5;Gonzalo Isla Araya;13-05-97;Chilena;56946920940;gonzalo.isla1920@puc.cl;NULL;NULL;NULL;NULL;NULL;NULL;NULL;NULL;NULL;NULL;NULL;NULL;9;Utilero;0;NULL;NULL
10001921-3;Mateo Galdames Muñoz;17-12-77;Chilena;56924270683;mateo.galdames1921@yahoo.com;NULL;NULL;NULL;NULL;NULL;NULL;NULL;NULL;1;tesorero;08-07-76;26-09-30;NULL;NULL;NULL;NULL;NULL
10001922-1;Gonzalo Güler Paredes;25-06-88;Chilena;56987522512;gonzalo.güler1922@puc.cl;NULL;NULL;NULL;NULL;NULL;NULL;NULL;NULL;19;tesorero;10-12-75;09-03-29;NULL;NULL;NULL;NULL;NULL
10001923-K;Toni Gómez Pérez;23-01-99;Chilena;56994410045;toni.gomez1923@usach.cl;NULL;NULL;NULL;NULL;NULL;NULL;NULL;NULL;NULL;NULL;NULL;NULL;NULL;NULL;NULL;NULL;NULL
10001924-8;Charles Rivera Benzema;04-09-04;Brasileña;56931458448;charles.rivera1924@yahoo.com;24-03-95;31-12-99;NULL;NULL;NULL;NULL;NULL;NULL;NULL;NULL;NULL;NULL;NULL;NULL;NULL;NULL;NULL
10001925-6;Santiago Cavani Güler;12-01-94;Chilena;56974300896;santiago.cavani1925@gmail.com;NULL;NULL;NULL;NULL;NULL;NULL;NULL;NULL;NULL;NULL;NULL;NULL;NULL;NULL;NULL;NULL;NULL
10001926-4;Jaime Dybala Contreras;10-03-04;Chilena;56930892894;jaime.dybala1926@outlook.com;NULL;NULL;NULL;NULL;NULL;NULL;NULL;NULL;6;dirigente;21-04-66;22-05-23;NULL;NULL;NULL;NULL;NULL
10001927-2;Martín Álvarez Mbappe;27-12-90;Chilena;56966931106;martin.alvarez1927@usach.cl;NULL;NULL;NULL;NULL;NULL;NULL;NULL;NULL;3;tesorero;08-01-91;02-07-27;NULL;NULL;NULL;NULL;NULL
10001928-0;Manuel Suárez Riquelme;02-01-95;Chilena;56928873187;manuel.suarez1928@hotmail.com;NULL;NULL;NULL;NULL;NULL;NULL;NULL;NULL;36;dirigente;06-06-94;26-03-02;NULL;NULL;NULL;NULL;NULL
10001929-9;Luis Kane Gutiérrez;03-10-70;Chilena;56929987313;luis.kane1929@outlook.com;NULL;NULL;NULL;NULL;NULL;NULL;NULL;NULL;37;dirigente;27-11-97;17-08-29;NULL;NULL;NULL;NULL;NULL
10001930-2;Facundo López Suárez;11-06-95;Alemana;56933525749;facundo.lopez1930@gmail.com;NULL;NULL;NULL;NULL;NULL;NULL;NULL;NULL;2;dirigente;07-05-70;21-08-06;NULL;NULL;NULL;NULL;NULL
10001931-0;Alexis Vinicius Suárez;01-02-84;Portuguesa;56958984393;alexis.vinicius1931@yahoo.com;21-03-82;07-07-24;NULL;NULL;NULL;NULL;NULL;NULL;NULL;NULL;NULL;NULL;NULL;NULL;NULL;NULL;NULL
10001932-9;Jorge Castillo López;16-10-82;Argentina;56911435844;jorge.castillo1932@hotmail.com;NULL;NULL;NULL;NULL;NULL;NULL;NULL;NULL;NULL;NULL;NULL;NULL;36;Preparador Físico;0;NULL;NULL
10001933-7;Gastón Pulgar Alvarez;24-01-85;Chilena;56914418728;gaston.pulgar1933@gmail.com;NULL;NULL;NULL;NULL;NULL;NULL;NULL;NULL;14;dirigente;17-08-80;11-07-01;NULL;NULL;NULL;NULL;NULL
10001934-5;Alejandro Espinoza Benzema;11-09-75;Chilena;56951794673;alejandro.espinoza1934@usach.cl;10-11-73;30-10-23;NULL;NULL;NULL;NULL;NULL;NULL;NULL;NULL;NULL;NULL;NULL;NULL;NULL;NULL;NULL
10001935-3;Jean Ramos Dybala;28-11-80;Chilena;56953257648;jean.ramos1935@hotmail.com;NULL;NULL;NULL;NULL;NULL;NULL;NULL;NULL;1;dirigente;02-03-89;26-07-24;NULL;NULL;NULL;NULL;NULL
10001936-1;Angel Figueroa Muñoz;24-04-95;Chilena;56929045580;angel.figueroa1936@gmail.com;NULL;NULL;NULL;NULL;NULL;NULL;NULL;NULL;NULL;NULL;NULL;NULL;4;Preparador Físico;0;NULL;NULL
10001937-K;Gavi Cavani Jara;28-07-83;Chilena;56975431488;gavi.cavani1937@puc.cl;NULL;NULL;NULL;NULL;NULL;NULL;NULL;NULL;9;dirigente;25-02-51;07-07-09;NULL;NULL;NULL;NULL;NULL
10001938-8;Ángel Neuer Valdivia;26-12-92;Chilena;56969993392;angel.neuer1938@usach.cl;NULL;NULL;NULL;NULL;NULL;NULL;NULL;NULL;NULL;NULL;NULL;NULL;NULL;NULL;NULL;NULL;NULL
10001939-6;Kylian De Bruyne Castillo;14-01-70;Portuguesa;56988824787;kylian.de bruyne1939@yahoo.com;NULL;NULL;NULL;NULL;NULL;NULL;NULL;NULL;34;dirigente;11-07-46;07-06-03;NULL;NULL;NULL;NULL;NULL
10001940-K;Zinedine Riquelme Castro;05-01-95;Chilena;56955569794;zinedine.riquelme1940@hotmail.com;NULL;NULL;NULL;NULL;NULL;NULL;NULL;NULL;NULL;NULL;NULL;NULL;NULL;NULL;NULL;NULL;NULL
10001941-8;Karim Gómez Bravo;02-11-05;Chilena;56937979717;karim.gomez1941@hotmail.com;NULL;NULL;NULL;NULL;NULL;NULL;NULL;NULL;12;dirigente;25-03-80;22-09-30;NULL;NULL;NULL;NULL;NULL
10001942-6;Alexis Riquelme Salah;30-10-88;Chilena;56935065717;alexis.riquelme1942@puc.cl;04-04-93;23-07-24;NULL;NULL;NULL;NULL;NULL;NULL;NULL;NULL;NULL;NULL;NULL;NULL;NULL;NULL;NULL
10001943-4;Pedri Arias Zidane;21-10-84;Chilena;56983435224;pedri.arias1943@yahoo.com;NULL;NULL;NULL;NULL;NULL;NULL;NULL;NULL;NULL;NULL;NULL;NULL;8;Asistente Técnico;0;NULL;NULL
10001944-2;Esteban Galdames Contreras;26-09-93;Chilena;56936479811;esteban.galdames1944@hotmail.com;NULL;NULL;NULL;NULL;NULL;NULL;NULL;NULL;NULL;NULL;NULL;NULL;19;Utilero;0;NULL;NULL
10001945-0;Cristopher Kroos Yamal;11-05-05;Chilena;56920624524;cristopher.kroos1945@gmail.com;NULL;NULL;NULL;NULL;NULL;NULL;NULL;NULL;NULL;NULL;NULL;NULL;3;Preparador Físico;0;NULL;NULL
10001946-9;Daniel Caszely Bustos;17-11-72;Chilena;56953329005;daniel.caszely1946@yahoo.com;NULL;NULL;NULL;NULL;NULL;NULL;NULL;NULL;NULL;NULL;NULL;NULL;19;Asistente Técnico;0;NULL;NULL
10001947-7;Lionel Modric Benzema;14-06-89;Alemana;56920803351;lionel.modric1947@gmail.com;NULL;NULL;NULL;NULL;NULL;NULL;NULL;NULL;26;secretario;19-07-49;02-06-29;NULL;NULL;NULL;NULL;NULL
10001948-5;Gustavo Güler Messi;12-07-94;Chilena;56972860830;gustavo.güler1948@yahoo.com;NULL;NULL;NULL;NULL;NULL;NULL;NULL;NULL;NULL;NULL;NULL;NULL;11;Preparador Físico;0;NULL;NULL
10001949-3;Ezequiel Jara González;23-12-05;Francesa;56977881127;ezequiel.jara1949@gmail.com;NULL;NULL;NULL;NULL;NULL;NULL;NULL;NULL;NULL;NULL;NULL;NULL;27;Asistente Técnico;0;NULL;NULL
10001950-7;Luciano Díaz Figueroa;25-03-75;Chilena;56910828604;luciano.diaz1950@puc.cl;NULL;NULL;NULL;NULL;NULL;NULL;NULL;NULL;NULL;NULL;NULL;NULL;36;Preparador Físico;0;NULL;NULL
10001951-5;Eduardo Mbappe Aránguiz;25-12-94;Chilena;56968559414;eduardo.mbappe1951@outlook.com;NULL;NULL;NULL;NULL;NULL;NULL;NULL;NULL;16;vicepresidente;18-06-83;18-07-30;NULL;NULL;NULL;NULL;NULL
10001952-3;Neymar Haaland Díaz;27-06-92;Chilena;56986626170;neymar.haaland1952@gmail.com;NULL;NULL;NULL;NULL;NULL;NULL;NULL;NULL;NULL;NULL;NULL;NULL;NULL;NULL;NULL;NULL;NULL
10001953-1;Javier Hernández González;12-11-84;Chilena;56918397494;javier.hernandez1953@uca.cl;NULL;NULL;NULL;NULL;NULL;NULL;NULL;NULL;NULL;NULL;NULL;NULL;36;Asistente Técnico;0;NULL;NULL
10001954-K;Alejandro Dybala Flores;02-03-89;Chilena;56912019262;alejandro.dybala1954@gmail.com;03-12-81;31-07-23;NULL;NULL;NULL;NULL;NULL;NULL;NULL;NULL;NULL;NULL;NULL;NULL;NULL;NULL;NULL
10001955-8;Hernán Fernández Bellingham;26-09-79;Chilena;56965668741;hernan.fernandez1955@gmail.com;NULL;NULL;NULL;NULL;NULL;NULL;NULL;NULL;12;tesorero;17-08-80;25-04-30;NULL;NULL;NULL;NULL;NULL
10001956-6;Oscar Riquelme Paredes;06-06-71;Portuguesa;56913124491;oscar.riquelme1956@yahoo.com;NULL;NULL;NULL;NULL;NULL;NULL;NULL;NULL;NULL;NULL;NULL;NULL;NULL;NULL;NULL;NULL;NULL
10001957-4;Ignacio Ramos Benzema;08-01-94;Chilena;56918619363;ignacio.ramos1957@hotmail.com;NULL;NULL;NULL;NULL;NULL;NULL;NULL;NULL;33;dirigente;31-10-56;16-10-12;NULL;NULL;NULL;NULL;NULL
10001958-2;Erling Rodríguez Griezmann;06-10-96;Chilena;56930156175;erling.rodriguez1958@outlook.com;NULL;NULL;NULL;NULL;NULL;NULL;NULL;NULL;20;vicepresidente;20-04-73;22-11-31;NULL;NULL;NULL;NULL;NULL
10001959-0;Arturo Reyes Torres;21-04-71;Chilena;56935032604;arturo.reyes1959@uca.cl;01-05-93;31-12-99;NULL;NULL;NULL;NULL;NULL;NULL;NULL;NULL;NULL;NULL;NULL;NULL;NULL;NULL;NULL
10001960-4;Lucas Pizarro Araya;24-09-80;Chilena;56921755569;lucas.pizarro1960@uca.cl;NULL;NULL;NULL;NULL;NULL;NULL;NULL;NULL;NULL;NULL;NULL;NULL;1;Asistente Técnico;0;NULL;NULL
10001961-2;Manuel Pizarro Vidal;03-06-00;Chilena;56951041744;manuel.pizarro1961@puc.cl;NULL;NULL;NULL;NULL;NULL;NULL;NULL;NULL;NULL;NULL;NULL;NULL;38;Asistente Técnico;0;NULL;NULL
10001962-0;Mauricio Pulgar Martínez;04-12-92;Chilena;56998010148;mauricio.pulgar1962@hotmail.com;NULL;NULL;NULL;NULL;NULL;NULL;NULL;NULL;29;tesorero;27-07-70;22-09-31;NULL;NULL;NULL;NULL;NULL
10001963-9;Zinedine Jara Caszely;28-08-72;Chilena;56941528904;zinedine.jara1963@yahoo.com;NULL;NULL;NULL;NULL;NULL;NULL;NULL;NULL;NULL;NULL;NULL;NULL;NULL;NULL;NULL;NULL;NULL
10001964-7;Gary Mbappe Müller;27-09-83;Chilena;56965616655;gary.mbappe1964@puc.cl;NULL;NULL;NULL;NULL;NULL;NULL;NULL;NULL;12;presidente;19-05-40;06-05-29;NULL;NULL;NULL;NULL;NULL
10001965-5;Ronaldo Cavani Lewandowski;30-05-88;Chilena;56969555364;ronaldo.cavani1965@yahoo.com;NULL;NULL;NULL;NULL;NULL;NULL;NULL;NULL;NULL;NULL;NULL;NULL;32;Preparador Físico;0;NULL;NULL
10001966-3;José Lukaku Bellingham;01-12-87;Argentina;56928846711;jose.lukaku1966@usach.cl;NULL;NULL;NULL;NULL;NULL;NULL;NULL;NULL;NULL;NULL;NULL;NULL;37;Preparador Físico;0;NULL;NULL
10001967-1;Mauricio Lukaku Suazo;14-12-82;Chilena;56991047914;mauricio.lukaku1967@gmail.com;NULL;NULL;NULL;NULL;NULL;NULL;NULL;NULL;28;dirigente;09-10-40;08-03-19;NULL;NULL;NULL;NULL;NULL
10001968-K;Álvaro Álvarez Vinicius;26-01-84;Peruana;56996701060;alvaro.alvarez1968@yahoo.com;NULL;NULL;NULL;NULL;NULL;NULL;NULL;NULL;NULL;NULL;NULL;NULL;NULL;NULL;NULL;NULL;NULL
10001969-8;Antoine Medel Valverde;24-05-77;Chilena;56953131118;antoine.medel1969@gmail.com;NULL;NULL;NULL;NULL;NULL;NULL;NULL;NULL;NULL;NULL;NULL;NULL;36;Director Técnico;0;NULL;NULL
10001970-1;Sebastián Vargas Lewandowski;25-03-98;Española;56997208865;sebastian.vargas1970@gmail.com;NULL;NULL;NULL;NULL;NULL;NULL;NULL;NULL;NULL;NULL;NULL;NULL;16;Asistente Técnico;0;NULL;NULL
10001971-K;Antoine Gutiérrez Carrasco;05-03-02;Peruana;56925773779;antoine.gutierrez1971@outlook.com;NULL;NULL;NULL;NULL;NULL;NULL;NULL;NULL;NULL;NULL;NULL;NULL;29;Asistente Técnico;0;NULL;NULL
10001972-8;Toni Cavani Suazo;15-03-78;Chilena;56966402049;toni.cavani1972@hotmail.com;NULL;NULL;NULL;NULL;NULL;NULL;NULL;NULL;NULL;NULL;NULL;NULL;34;Médico;0;NULL;NULL
10001973-6;Thiago Flores Pulgar;07-12-93;Chilena;56928830141;thiago.flores1973@puc.cl;NULL;NULL;NULL;NULL;NULL;NULL;NULL;NULL;NULL;NULL;NULL;NULL;32;Director Técnico;0;NULL;NULL
10001974-4;Carlos Aránguiz Kane;14-09-83;Chilena;56976374600;carlos.aranguiz1974@puc.cl;NULL;NULL;NULL;NULL;NULL;NULL;NULL;NULL;NULL;NULL;NULL;NULL;40;Médico;0;NULL;NULL
10001975-2;Angel Kane Mendoza;07-03-97;Chilena;56986218576;angel.kane1975@usach.cl;22-11-78;17-03-25;NULL;NULL;NULL;NULL;NULL;NULL;NULL;NULL;NULL;NULL;NULL;NULL;NULL;NULL;NULL
10001976-0;Lionel Griezmann Ronaldo;29-12-02;Chilena;56975839577;lionel.griezmann1976@hotmail.com;NULL;NULL;NULL;NULL;NULL;NULL;NULL;NULL;33;presidente;10-02-65;19-03-29;NULL;NULL;NULL;NULL;NULL
10001977-9;Arturo Alvarez Kroos;27-12-88;Chilena;56966845127;arturo.alvarez1977@puc.cl;03-02-85;09-12-20;NULL;NULL;NULL;NULL;NULL;NULL;NULL;NULL;NULL;NULL;NULL;NULL;NULL;NULL;NULL
10001978-7;Álvaro Neuer Fernández;02-04-92;Chilena;56989050575;alvaro.neuer1978@outlook.com;NULL;NULL;NULL;NULL;NULL;NULL;NULL;NULL;NULL;NULL;NULL;NULL;27;Preparador Físico;0;NULL;NULL
10001979-5;Santiago Contreras Salas;11-06-81;Chilena;56962186444;santiago.contreras1979@yahoo.com;NULL;NULL;NULL;NULL;NULL;NULL;NULL;NULL;NULL;NULL;NULL;NULL;NULL;NULL;NULL;NULL;NULL
10001980-9;Luciano Vidal Dybala;18-03-94;Chilena;56986823682;luciano.vidal1980@puc.cl;NULL;NULL;NULL;NULL;NULL;NULL;NULL;NULL;NULL;NULL;NULL;NULL;6;Médico;0;NULL;NULL
10001981-7;Thomas Tapia Figueroa;13-12-02;Italiana;56952350442;thomas.tapia1981@hotmail.com;NULL;NULL;NULL;NULL;NULL;NULL;NULL;NULL;NULL;NULL;NULL;NULL;26;Utilero;0;NULL;NULL
10001982-5;Robert Valverde Mendoza;27-08-90;Colombiana;56995155184;robert.valverde1982@yahoo.com;NULL;NULL;NULL;NULL;NULL;NULL;NULL;NULL;NULL;NULL;NULL;NULL;NULL;NULL;NULL;NULL;NULL
10001983-3;Joaquín Tapia Cavani;08-07-74;Chilena;56971480277;joaquin.tapia1983@usach.cl;NULL;NULL;NULL;NULL;NULL;NULL;NULL;NULL;30;dirigente;01-05-71;28-06-19;NULL;NULL;NULL;NULL;NULL
10001984-1;Bautista Cavani Hernández;17-10-00;Española;56929078271;bautista.cavani1984@hotmail.com;NULL;NULL;NULL;NULL;NULL;NULL;NULL;NULL;NULL;NULL;NULL;NULL;30;Médico;0;NULL;NULL
10001985-K;Tomás Bravo Salah;01-11-98;Chilena;56935704663;tomas.bravo1985@hotmail.com;NULL;NULL;NULL;NULL;NULL;NULL;NULL;NULL;NULL;NULL;NULL;NULL;NULL;NULL;NULL;NULL;NULL
10001986-8;Enzo Dybala Mbappe;31-10-75;Chilena;56917633315;enzo.dybala1986@yahoo.com;NULL;NULL;NULL;NULL;NULL;NULL;NULL;NULL;33;secretario;08-02-72;15-02-30;NULL;NULL;NULL;NULL;NULL
10001987-6;Neymar Reyes Torres;22-09-02;Chilena;56962885381;neymar.reyes1987@gmail.com;NULL;NULL;NULL;NULL;NULL;NULL;NULL;NULL;NULL;NULL;NULL;NULL;NULL;NULL;NULL;NULL;NULL
10001988-4;Sergio Flores Valenzuela;23-08-98;Chilena;56960624983;sergio.flores1988@uca.cl;NULL;NULL;NULL;NULL;NULL;NULL;NULL;NULL;NULL;NULL;NULL;NULL;3;Utilero;0;NULL;NULL
10001989-2;Rodrigo Medel Kroos;20-11-92;Inglesa;56943921459;rodrigo.medel1989@outlook.com;NULL;NULL;NULL;NULL;NULL;NULL;NULL;NULL;NULL;NULL;NULL;NULL;NULL;NULL;NULL;1;Presidente
10001990-6;Maximiliano Herrera Güler;02-11-99;Chilena;56939742551;maximiliano.herrera1990@outlook.com;NULL;NULL;NULL;NULL;NULL;NULL;NULL;NULL;NULL;NULL;NULL;NULL;3;Asistente Técnico;0;1;Secretario
10001991-4;Erling Herrera Vergara;05-09-82;Chilena;56916836683;erling.herrera1991@uca.cl;NULL;NULL;NULL;NULL;NULL;NULL;NULL;NULL;NULL;NULL;NULL;NULL;NULL;NULL;NULL;1;Abogado
10001992-2;Mauricio Vergara Dybala;26-05-70;Chilena;56934774016;mauricio.vergara1992@usach.cl;NULL;NULL;NULL;NULL;NULL;NULL;NULL;NULL;NULL;NULL;NULL;NULL;NULL;NULL;NULL;2;Presidente
10001993-0;Claudio Gómez Beausejour;29-09-95;Chilena;56930585723;claudio.gomez1993@outlook.com;NULL;NULL;NULL;NULL;NULL;NULL;NULL;NULL;NULL;NULL;NULL;NULL;26;Médico;0;2;Secretario
10001994-9;Marcelo Di María Hernández;12-07-74;Chilena;56924052825;marcelo.di maria1994@hotmail.com;NULL;NULL;NULL;NULL;NULL;NULL;NULL;NULL;NULL;NULL;NULL;NULL;NULL;NULL;NULL;2;Abogado
10001995-7;Oscar Mbappe Espinoza;13-03-04;Chilena;56964201939;oscar.mbappe1995@puc.cl;NULL;NULL;NULL;NULL;NULL;NULL;NULL;NULL;NULL;NULL;NULL;NULL;36;Médico;0;3;Presidente
10001996-5;Luis Castillo Ramos;09-02-87;Chilena;56988848645;luis.castillo1996@yahoo.com;NULL;NULL;NULL;NULL;NULL;NULL;NULL;NULL;NULL;NULL;NULL;NULL;NULL;NULL;NULL;3;Secretario
10001997-3;Angel Maradona Lewandowski;12-02-85;Brasileña;56936390302;angel.maradona1997@outlook.com;NULL;NULL;NULL;NULL;NULL;NULL;NULL;NULL;NULL;NULL;NULL;NULL;NULL;NULL;NULL;E;Abogado
10001998-1;Álvaro Herrera Bellingham;25-09-93;Chilena;56979345936;alvaro.herrera1998@puc.cl;NULL;NULL;NULL;NULL;NULL;NULL;NULL;NULL;NULL;NULL;NULL;NULL;NULL;NULL;NULL;4;Presidente
10001999-K;Ezequiel Nuñez Contreras;28-09-80;Chilena;56924692878;ezequiel.nunez1999@outlook.com;NULL;NULL;NULL;NULL;NULL;NULL;NULL;NULL;NULL;NULL;NULL;NULL;NULL;NULL;NULL;4;Secretario
10002000-9;Mohamed Flores Sepúlveda;24-10-90;Chilena;56933761082;mohamed.flores2000@usach.cl;NULL;NULL;NULL;NULL;NULL;NULL;NULL;NULL;NULL;NULL;NULL;NULL;NULL;NULL;NULL;4;Abogado